{"stats":{"minecraft:crafted":{"minecraft:blue_dye":27,"minecraft:light_blue_wool":15,"minecraft:bone_meal":21,"minecraft:diamond_pickaxe":1,"minecraft:white_dye":21,"minecraft:lapis_lazuli":27,"minecraft:light_blue_dye":42},"minecraft:custom":{"minecraft:time_since_rest":14205,"minecraft:open_chest":41,"minecraft:crouch_one_cm":431,"minecraft:play_time":14205,"minecraft:sprint_one_cm":67385,"minecraft:open_enderchest":1,"minecraft:damage_taken":240,"minecraft:walk_one_cm":29920,"minecraft:sneak_time":125,"minecraft:interact_with_anvil":1,"minecraft:walk_under_water_one_cm":68,"minecraft:mob_kills":4,"minecraft:drop":3,"minecraft:jump":464,"minecraft:damage_dealt":1118,"minecraft:leave_game":1,"minecraft:time_since_death":14205,"minecraft:walk_on_water_one_cm":968,"minecraft:total_world_time":14205,"minecraft:climb_one_cm":2323,"minecraft:swim_one_cm":3083,"minecraft:interact_with_crafting_table":2,"minecraft:fall_one_cm":7655,"minecraft:fly_one_cm":139354},"minecraft:killed":{"minecraft:spider":1,"minecraft:wolf":1,"minecraft:creeper":2},"minecraft:mined":{"minecraft:short_grass":3},"minecraft:dropped":{"minecraft:spider_eye":1,"minecraft:sugar_cane":2,"minecraft:gunpowder":2},"minecraft:picked_up":{"minecraft:gunpowder":2,"minecraft:sugar_cane":2,"minecraft:spider_eye":1},"minecraft:used":{"minecraft:diamond_pickaxe":8,"minecraft:diamond_sword":6,"minecraft:bread":6}},"DataVersion":3953}