{"stats":{"minecraft:used":{"alexsmobs:emu_egg":3,"minecraft:moss_block":1,"minecraft:iron_shovel":10,"regions_unexplored:maple_door":4,"minecraft:chest":2,"minecraft:shield":121,"minecraft:stone":6,"minecraft:iron_sword":370,"regions_unexplored:salmonberry":9,"minecraft:rotten_flesh":24,"minecraft:spruce_leaves":6,"minecraft:mutton":2,"minecraft:carrot":34,"valhelsia_structures:bundled_stripped_oak_posts":1,"minecraft:bricks":1,"minecraft:iron_helmet":2,"minecraft:stone_bricks":12,"minecraft:bow":62,"minecraft:furnace":4,"minecraft:potato":27,"minecraft:mossy_stone_bricks":40,"regions_unexplored:redwood_sapling":14,"minecraft:diorite":13,"minecraft:diamond_boots":2,"minecraft:oak_planks":7,"minecraft:stone_pickaxe":140,"minecraft:ender_pearl":2,"minecraft:wooden_pickaxe":43,"minecraft:white_wool":8,"minecraft:golden_apple":5,"minecraft:sand":4,"regions_unexplored:redwood_planks":3,"alexscaves:cave_book":1,"minecraft:blast_furnace":2,"minecraft:lingering_potion":2,"waystones:waystone":1,"regions_unexplored:redwood_log":1,"minecraft:bread":23,"minecraft:melon_slice":7,"farmersdelight:ham":1,"minecraft:diamond_sword":20,"minecraft:wooden_sword":2,"iceandfire:troll_skull":1,"minecraft:oak_fence":1,"minecraft:iron_bars":8,"minecraft:stone_sword":72,"minecraft:stone_shovel":9,"minecraft:torch":148,"minecraft:brewing_stand":1,"minecraft:dirt":16,"minecraft:mossy_cobblestone_stairs":1,"minecraft:iron_hoe":4,"minecraft:chipped_anvil":3,"minecraft:iron_axe":23,"minecraft:oak_stairs":1,"minecraft:iron_boots":1,"minecraft:golden_carrot":7,"minecraft:cooked_beef":18,"minecraft:cobbled_deepslate":2,"minecraft:light_gray_bed":3,"minecraft:iron_leggings":3,"minecraft:cooked_mutton":24,"minecraft:water_bucket":34,"minecraft:birch_planks":5,"minecraft:polished_andesite":2,"minecraft:baked_potato":5,"minecraft:cobblestone_slab":1,"minecraft:mossy_cobblestone":4,"minecraft:oak_slab":1,"minecraft:crafting_table":11,"minecraft:red_bed":3,"minecraft:magenta_bed":2,"minecraft:red_mushroom":2,"minecraft:white_bed":4,"minecraft:painting":1,"minecraft:smoker":3,"minecraft:oak_log":13,"minecraft:apple":27,"minecraft:diamond_pickaxe":224,"minecraft:iron_pickaxe":957,"minecraft:stone_axe":46,"minecraft:cobblestone":153,"minecraft:potion":2,"minecraft:cooked_porkchop":30,"minecraft:bucket":35,"minecraft:splash_potion":6},"minecraft:crafted":{"minecraft:oak_planks":16,"regions_unexplored:maple_planks":24,"minecraft:cooked_mutton":23,"minecraft:iron_boots":2,"minecraft:chest":3,"regions_unexplored:maple_door":6,"sophisticatedbackpacks:backpack":1,"minecraft:cooked_porkchop":22,"minecraft:crafting_table":10,"minecraft:wooden_pickaxe":2,"minecraft:birch_planks":8,"minecraft:iron_chestplate":1,"minecraft:shield":3,"minecraft:stick":52,"minecraft:iron_pickaxe":4,"minecraft:iron_ingot":36,"minecraft:stone_sword":1,"minecraft:gold_ingot":16,"minecraft:wooden_sword":1,"artifacts:eternal_steak":1,"minecraft:stone_shovel":1,"minecraft:furnace":4,"minecraft:iron_hoe":1,"minecraft:stone_pickaxe":2,"minecraft:dark_oak_planks":20,"minecraft:cooked_beef":8,"minecraft:iron_sword":2,"minecraft:bucket":1,"minecraft:stone_axe":2,"minecraft:air":0,"regions_unexplored:redwood_planks":264,"minecraft:iron_shovel":1,"minecraft:iron_leggings":1,"minecraft:white_bed":2,"minecraft:torch":120},"minecraft:custom":{"minecraft:interact_with_crafting_table":39,"minecraft:open_barrel":119,"minecraft:leave_game":9,"minecraft:time_since_death":106225,"minecraft:sprint_one_cm":1253286,"minecraft:damage_blocked_by_shield":8858,"minecraft:drop":168,"minecraft:talked_to_villager":4,"minecraft:play_time":466972,"minecraft:deaths":28,"minecraft:jump":6336,"minecraft:interact_with_brewingstand":8,"minecraft:walk_on_water_one_cm":71925,"minecraft:interact_with_furnace":43,"minecraft:interact_with_loom":1,"minecraft:sleep_in_bed":18,"minecraft:waystone_activated":3,"minecraft:damage_dealt":23228,"minecraft:crouch_one_cm":34890,"minecraft:interact_with_smoker":18,"minecraft:use_cauldron":1,"minecraft:horse_one_cm":3861,"minecraft:interact_with_anvil":3,"minecraft:mob_kills":140,"minecraft:damage_dealt_resisted":477,"minecraft:climb_one_cm":30086,"minecraft:walk_one_cm":1156123,"minecraft:damage_dealt_absorbed":121,"minecraft:sneak_time":14616,"minecraft:walk_under_water_one_cm":69153,"minecraft:interact_with_blast_furnace":7,"minecraft:total_world_time":466972,"minecraft:time_since_rest":7179,"minecraft:damage_taken":18224,"minecraft:damage_absorbed":200,"minecraft:trigger_trapped_chest":1,"minecraft:swim_one_cm":197194,"minecraft:fly_one_cm":1231598,"minecraft:open_chest":272,"minecraft:fall_one_cm":193017},"minecraft:dropped":{"minecraft:iron_sword":3,"minecraft:birch_planks":3,"minecraft:oak_log":26,"minecraft:baked_potato":1,"minecraft:glass_bottle":8,"minecraft:cooked_porkchop":4,"minecraft:crossbow":1,"dungeonnowloading:cobblestone_pebble":2,"minecraft:leather":3,"minecraft:cracked_stone_bricks":2,"regions_unexplored:maple_planks":6,"minecraft:flint":2,"minecraft:dirt":10,"minecraft:tnt_minecart":2,"regions_unexplored:purple_coneflower":1,"gravestone:obituary":15,"minecraft:wooden_sword":1,"minecraft:iron_pickaxe":2,"dungeonnowloading:dungeon_wall_torch":3,"minecraft:cauldron":1,"minecraft:bone":5,"minecraft:armor_stand":3,"minecraft:gravel":3,"minecraft:stone_axe":2,"minecraft:sugar_cane":8,"minecraft:wheat":2,"minecraft:rotten_flesh":24,"regions_unexplored:oak_shrub":1,"minecraft:stone_stairs":1,"minecraft:carrot":17,"minecraft:gunpowder":2,"minecraft:skeleton_skull":1,"minecraft:ladder":1,"minecraft:spruce_slab":1,"minecraft:stone_brick_stairs":1,"minecraft:iron_ingot":2,"minecraft:enchanted_book":1,"minecraft:wheat_seeds":6,"minecraft:clock":1,"regions_unexplored:maple_door":2,"minecraft:iron_helmet":1,"minecraft:cobblestone":200,"minecraft:apple":10,"delightful:green_tea_leaf":1,"minecraft:granite":1,"minecraft:stick":12,"minecraft:magenta_bed":1,"minecraft:diamond_horse_armor":1,"minecraft:brewing_stand":1,"minecraft:torch":1,"regions_unexplored:redwood_log":70,"minecraft:iron_leggings":1,"minecraft:oak_stairs":2,"minecraft:pumpkin":1,"minecraft:mossy_cobblestone_stairs":1,"minecraft:iron_shovel":1,"minecraft:string":14,"minecraft:bucket":1,"minecraft:smooth_basalt":1,"minecraft:moss_carpet":1,"minecraft:deepslate":1,"minecraft:stone_shovel":1,"minecraft:iron_boots":3,"minecraft:iron_hoe":1,"dungeonnowloading:spawner_fragment":6,"minecraft:potato":23,"minecraft:cobblestone_slab":1,"minecraft:hay_block":1,"minecraft:stone":9,"aether:chainmail_gloves":1,"minecraft:iron_chestplate":2,"minecraft:andesite":6,"minecraft:mossy_stone_bricks":12,"minecraft:oak_sapling":1,"minecraft:stone_bricks":18,"minecraft:spider_eye":2,"minecraft:diamond_boots":2,"minecraft:bow":4,"minecraft:stone_pickaxe":4,"minecraft:wooden_pickaxe":3},"minecraft:killed":{"minecraft:cave_spider":1,"minecraft:spider":13,"minecraft:skeleton":29,"minecraft:silverfish":4,"minecraft:pig":11,"alexsmobs:grizzly_bear":1,"minecraft:zombie_villager":1,"minecraft:creeper":3,"minecraft:sheep":15,"minecraft:pillager":12,"minecraft:zombie":34,"minecraft:stray":2,"minecraft:cow":3,"dungeonnowloading:spawner_carrier":1,"alexsmobs:blue_jay":1,"alexsmobs:bison":1,"iceandfire:troll":1,"minecraft:wither_skeleton":1},"minecraft:picked_up":{"minecraft:iron_chestplate":3,"minecraft:wheat":9,"minecraft:anvil":2,"minecraft:lead":1,"minecraft:diamond_sword":4,"minecraft:oak_stairs":12,"minecraft:enchanted_book":9,"minecraft:potion":6,"minecraft:stone_brick_stairs":1,"minecraft:brewing_stand":3,"minecraft:polished_deepslate":2,"iceandfire:manuscript":2,"minecraft:string":25,"minecraft:raw_copper":17,"minecraft:deepslate_lapis_ore":4,"minecraft:smooth_stone_slab":2,"minecraft:iron_leggings":8,"minecraft:armor_stand":3,"minecraft:smooth_stone":10,"minecraft:tnt_minecart":2,"minecraft:gold_nugget":438,"minecraft:cobbled_deepslate":66,"minecraft:bucket":2,"minecraft:rose_bush":1,"minecraft:cobblestone_slab":6,"minecraft:iron_pickaxe":5,"minecraft:melon_slice":7,"delightful:green_tea_leaf":2,"minecraft:deepslate_iron_ore":13,"regions_unexplored:redwood_log":435,"minecraft:iron_boots":2,"minecraft:furnace":3,"minecraft:diamond_ore":7,"minecraft:tipped_arrow":8,"minecraft:spruce_pressure_plate":1,"minecraft:stick":40,"minecraft:oak_fence":6,"minecraft:torch":21,"minecraft:spruce_stairs":2,"minecraft:porkchop":18,"minecraft:diorite":21,"minecraft:cauldron":1,"minecraft:light_gray_bed":3,"minecraft:rotten_flesh":36,"aether:chainmail_gloves":6,"alexsdelight:raw_bison":4,"alexsmobs:emu_egg":3,"farmersdelight:rope":4,"minecraft:iron_bars":30,"minecraft:cobblestone":754,"minecraft:birch_log":2,"minecraft:cooked_beef":2,"minecraft:andesite":36,"minecraft:smoker":10,"minecraft:potato":43,"alexsmobs:bison_fur":1,"paraglider:spirit_orb":60,"minecraft:flint":2,"minecraft:magenta_bed":3,"minecraft:lapis_lazuli":15,"minecraft:dirt":66,"minecraft:name_tag":1,"minecraft:bone":75,"minecraft:chipped_anvil":3,"minecraft:bow":9,"minecraft:wheat_seeds":137,"dungeonnowloading:dungeon_wall_torch":3,"minecraft:mossy_stone_bricks":66,"minecraft:moss_block":1,"minecraft:oak_planks":181,"minecraft:cooked_porkchop":13,"dungeonnowloading:spawner_frame":3,"regions_unexplored:salmonberry":7,"minecraft:oak_pressure_plate":2,"minecraft:sand":4,"farmersdelight:ham":1,"alexsmobs:animal_dictionary":4,"minecraft:mossy_cobblestone":27,"minecraft:iron_hoe":1,"gravestone:gravestone":1,"minecraft:polished_andesite":2,"minecraft:diamond":1,"minecraft:deepslate":1,"waystones:waystone":1,"minecraft:crossbow":1,"minecraft:granite":1,"iceandfire:troll_leather_forest":6,"minecraft:oak_sapling":1,"minecraft:bricks":1,"iceandfire:raw_silver":14,"minecraft:diamond_pickaxe":1,"minecraft:spruce_leaves":6,"minecraft:charcoal":16,"minecraft:crafting_table":2,"dungeonnowloading:wooden_wall_platform":1,"minecraft:ladder":1,"minecraft:wooden_pickaxe":3,"dungeonnowloading:cobblestone_pebble":2,"minecraft:gold_block":1,"minecraft:diamond_horse_armor":1,"gravestone:obituary":8,"minecraft:brick":8,"minecraft:shield":5,"minecraft:red_bed":4,"minecraft:stone_stairs":1,"minecraft:moss_carpet":3,"dungeonnowloading:spawner_fragment":114,"minecraft:cracked_stone_bricks":3,"minecraft:candle":3,"minecraft:deepslate_diamond_ore":19,"minecraft:beef":7,"valhelsia_structures:bundled_stripped_oak_posts":1,"minecraft:spruce_slab":1,"minecraft:light_gray_wool":1,"minecraft:sugar_cane":3,"minecraft:raw_iron":151,"minecraft:stone":25,"minecraft:carrot":50,"regions_unexplored:purple_coneflower":1,"minecraft:tnt":2,"artifacts:everlasting_beef":1,"minecraft:arrow":105,"minecraft:diamond_boots":8,"minecraft:hay_block":1,"alexscaves:spelunkery_table":1,"minecraft:gold_ingot":30,"sophisticatedbackpacks:copper_backpack":1,"minecraft:mutton":36,"minecraft:rail":2,"minecraft:skeleton_skull":1,"minecraft:white_wool":55,"minecraft:clock":6,"minecraft:leather":30,"minecraft:red_mushroom":2,"minecraft:filled_map":5,"minecraft:birch_planks":8,"minecraft:oak_log":114,"minecraft:gunpowder":12,"minecraft:cooked_mutton":4,"regions_unexplored:maple_door":4,"minecraft:gray_carpet":5,"minecraft:stone_bricks":52,"minecraft:iron_ingot":50,"regions_unexplored:redwood_sapling":14,"minecraft:stone_pickaxe":12,"minecraft:iron_ore":20,"minecraft:glass_bottle":13,"minecraft:iron_sword":2,"minecraft:book":9,"minecraft:oak_slab":2,"minecraft:smooth_basalt":2,"minecraft:pumpkin":1,"minecraft:stone_brick_slab":1,"minecraft:raw_iron_block":5,"regions_unexplored:oak_shrub":1,"minecraft:gravel":27,"minecraft:blast_furnace":6,"minecraft:white_bed":3,"minecraft:spider_eye":3,"minecraft:oak_wood":4,"minecraft:coal_ore":41,"minecraft:stone_axe":6,"minecraft:iron_helmet":6,"minecraft:painting":1,"regions_unexplored:maple_log":6,"minecraft:mossy_cobblestone_stairs":4,"minecraft:gray_wool":1,"iceandfire:troll_skull":1,"minecraft:baked_potato":6,"minecraft:black_wool":2,"minecraft:coal":101,"minecraft:ender_pearl":11},"minecraft:mined":{"dungeonnowloading:iron_ingot_pile":3,"regions_unexplored:salmonberry_bush":6,"minecraft:white_bed":2,"regions_unexplored:maple_log":6,"minecraft:brewing_stand":1,"minecraft:granite":1,"minecraft:grass_block":10,"minecraft:light_gray_bed":2,"minecraft:spawner":16,"minecraft:smooth_stone":11,"minecraft:raw_iron_block":5,"minecraft:mossy_cobblestone_stairs":1,"minecraft:cobbled_deepslate":2,"minecraft:iron_ore":113,"minecraft:fire":6,"valhelsia_structures:andesite":1,"minecraft:pumpkin":1,"minecraft:moss_carpet":1,"minecraft:anvil":2,"minecraft:deepslate_lapis_ore":6,"minecraft:sculk_shrieker":1,"iceandfire:gold_pile":16,"minecraft:water_cauldron":1,"biomesoplenty:webbing":1,"minecraft:iron_bars":8,"minecraft:spruce_pressure_plate":1,"minecraft:spruce_slab":1,"minecraft:red_bed":4,"minecraft:smoker":4,"dungeonnowloading:dungeon_wall_torch":1,"minecraft:torch":5,"minecraft:blast_furnace":4,"minecraft:melon":4,"minecraft:cobblestone":69,"minecraft:oak_planks":2,"minecraft:sugar_cane":2,"minecraft:bricks":1,"minecraft:wall_torch":4,"minecraft:skeleton_skull":1,"minecraft:stone_stairs":1,"minecraft:birch_log":2,"minecraft:wheat":1,"minecraft:magenta_bed":3,"minecraft:light_gray_wool":1,"minecraft:tnt":2,"minecraft:smooth_stone_slab":1,"minecraft:stone_brick_stairs":1,"regions_unexplored:oak_shrub":1,"dungeonnowloading:explosive_barrel":10,"minecraft:grass":27,"biomesoplenty:clover":10,"minecraft:oak_log":6,"minecraft:sand":4,"minecraft:dirt":48,"minecraft:smooth_basalt":1,"minecraft:oak_leaves":9,"minecraft:deepslate":63,"alexscaves:spelunkery_table":1,"minecraft:diamond_ore":7,"minecraft:tuff":1,"iceandfire:silver_ore":14,"minecraft:mossy_cobblestone":27,"minecraft:deepslate_diamond_ore":19,"gravestone:gravestone":9,"biomesoplenty:bush":1,"minecraft:spruce_fence":1,"minecraft:decorated_pot":4,"dungeonnowloading:book_pile":1,"minecraft:spruce_leaves":41,"minecraft:moss_block":1,"ecologics:sandcastle":1,"minecraft:hay_block":5,"minecraft:furnace":3,"minecraft:carrots":12,"minecraft:andesite":36,"treechop:chopped_log":2,"minecraft:gold_block":1,"minecraft:mossy_stone_brick_stairs":1,"minecraft:bookshelf":3,"minecraft:potatoes":10,"minecraft:deepslate_iron_ore":68,"minecraft:cobblestone_slab":5,"minecraft:vine":6,"regions_unexplored:medium_grass":3,"regions_unexplored:redwood_log":1,"minecraft:stone":613,"valhelsia_structures:stone":3,"minecraft:oak_slab":3,"minecraft:glass_pane":4,"minecraft:infested_stone_bricks":1,"minecraft:stone_brick_slab":1,"minecraft:crafting_table":2,"minecraft:oak_wood":5,"minecraft:rose_bush":1,"minecraft:sculk_sensor":2,"minecraft:copper_ore":4,"biomesoplenty:sprout":2,"minecraft:lapis_ore":1,"minecraft:sculk":1,"minecraft:diorite":18,"minecraft:spruce_stairs":2,"minecraft:gray_wool":1,"minecraft:birch_planks":4,"regions_unexplored:redwood_leaves":9,"minecraft:coal_ore":82,"minecraft:gravel":15,"minecraft:gray_carpet":1,"minecraft:cobweb":4,"minecraft:cracked_stone_bricks":4,"minecraft:stone_bricks":51,"minecraft:polished_andesite":2,"minecraft:mossy_stone_bricks":20,"minecraft:chipped_anvil":3,"minecraft:fern":2},"minecraft:broken":{"minecraft:iron_leggings":1,"minecraft:shield":2,"minecraft:iron_pickaxe":2}},"DataVersion":3465}