{"stats":{"minecraft:custom":{"minecraft:interact_with_crafting_table":46,"minecraft:open_barrel":153,"minecraft:leave_game":12,"minecraft:time_since_death":163388,"minecraft:sprint_one_cm":1782931,"minecraft:damage_blocked_by_shield":8993,"minecraft:drop":296,"minecraft:talked_to_villager":5,"minecraft:play_time":681097,"minecraft:deaths":29,"minecraft:jump":9522,"minecraft:interact_with_brewingstand":11,"minecraft:walk_on_water_one_cm":93347,"minecraft:interact_with_furnace":43,"minecraft:interact_with_loom":2,"minecraft:sleep_in_bed":21,"minecraft:waystone_activated":3,"minecraft:damage_dealt":38733,"minecraft:crouch_one_cm":54758,"minecraft:interact_with_smoker":18,"minecraft:use_cauldron":1,"minecraft:inspect_dispenser":5,"minecraft:horse_one_cm":3861,"minecraft:interact_with_anvil":5,"minecraft:mob_kills":230,"minecraft:damage_dealt_resisted":788,"minecraft:climb_one_cm":48329,"minecraft:walk_one_cm":1806473,"minecraft:damage_dealt_absorbed":121,"minecraft:sneak_time":22237,"minecraft:walk_under_water_one_cm":69938,"minecraft:interact_with_blast_furnace":7,"minecraft:total_world_time":681097,"minecraft:time_since_rest":32460,"minecraft:damage_taken":26152,"minecraft:damage_absorbed":280,"minecraft:trigger_trapped_chest":1,"minecraft:swim_one_cm":217242,"minecraft:fly_one_cm":1868746,"minecraft:open_chest":345,"minecraft:fall_one_cm":271425},"minecraft:mined":{"dungeonnowloading:spikes":2,"dungeonnowloading:iron_ingot_pile":3,"regions_unexplored:salmonberry_bush":6,"minecraft:white_bed":2,"regions_unexplored:brimsprout":2,"regions_unexplored:maple_log":6,"minecraft:brewing_stand":1,"biomesoplenty:burning_blossom":13,"minecraft:granite":1,"minecraft:grass_block":11,"minecraft:light_gray_bed":2,"minecraft:soul_soil":1,"minecraft:spawner":31,"minecraft:smooth_stone":12,"minecraft:raw_iron_block":5,"minecraft:magma_block":5,"minecraft:mossy_cobblestone_stairs":1,"minecraft:cobbled_deepslate":2,"minecraft:iron_ore":133,"minecraft:fire":14,"valhelsia_structures:andesite":1,"minecraft:moss_carpet":1,"minecraft:pumpkin":1,"minecraft:anvil":2,"minecraft:deepslate_lapis_ore":6,"minecraft:enchanting_table":1,"minecraft:sculk_shrieker":1,"dungeonnowloading:wooden_wall_rack":1,"iceandfire:gold_pile":16,"minecraft:water_cauldron":1,"stalwart_dungeons:soul_magma_bricks":2,"biomesoplenty:webbing":1,"minecraft:iron_bars":13,"minecraft:spruce_pressure_plate":1,"regions_unexplored:dorcel":1,"minecraft:spruce_slab":2,"minecraft:red_bed":4,"minecraft:blackstone":21,"minecraft:smoker":4,"regions_unexplored:tall_cobalt_earlight":1,"stalwart_dungeons:soul_tiles":1,"dungeonnowloading:dungeon_wall_torch":1,"minecraft:torch":9,"minecraft:blast_furnace":4,"minecraft:melon":5,"minecraft:nether_quartz_ore":91,"minecraft:cobblestone":76,"minecraft:sugar_cane":2,"minecraft:oak_planks":2,"minecraft:bricks":1,"minecraft:wall_torch":5,"minecraft:skeleton_skull":1,"minecraft:stone_stairs":1,"minecraft:birch_log":2,"minecraft:wheat":1,"minecraft:magenta_bed":3,"minecraft:jukebox":1,"minecraft:light_gray_wool":1,"minecraft:tnt":2,"minecraft:potted_poppy":1,"minecraft:stone_brick_stairs":1,"minecraft:smooth_stone_slab":1,"minecraft:grass":31,"minecraft:oak_log":6,"biomesoplenty:clover":10,"regions_unexplored:oak_shrub":1,"dungeonnowloading:explosive_barrel":13,"minecraft:sand":4,"minecraft:dirt":48,"minecraft:crimson_planks":1,"stalwart_dungeons:pusher":12,"minecraft:smooth_basalt":1,"minecraft:netherrack":62,"minecraft:oak_leaves":9,"minecraft:deepslate":63,"minecraft:diamond_ore":34,"alexscaves:spelunkery_table":1,"minecraft:tuff":1,"stalwart_dungeons:soul_bricks":10,"iceandfire:silver_ore":14,"minecraft:mossy_cobblestone":33,"minecraft:deepslate_diamond_ore":38,"minecraft:nether_bricks":2,"gravestone:gravestone":10,"biomesoplenty:bush":1,"regions_unexplored:hanging_earlight":1,"minecraft:spruce_fence":1,"minecraft:decorated_pot":8,"dungeonnowloading:book_pile":1,"minecraft:spruce_leaves":46,"biomesoplenty:dead_grass":1,"minecraft:moss_block":1,"minecraft:crimson_stem":20,"ecologics:sandcastle":1,"minecraft:hay_block":5,"minecraft:furnace":3,"minecraft:carrots":13,"minecraft:andesite":36,"treechop:chopped_log":5,"minecraft:gold_block":1,"minecraft:mossy_stone_brick_stairs":1,"minecraft:bookshelf":3,"minecraft:potatoes":10,"biomesoplenty:high_grass":2,"minecraft:deepslate_iron_ore":89,"minecraft:cobblestone_slab":5,"minecraft:vine":6,"regions_unexplored:medium_grass":4,"minecraft:stone":626,"regions_unexplored:redwood_log":2,"regions_unexplored:brimsprout_nylium":1,"valhelsia_structures:stone":3,"minecraft:oak_slab":3,"minecraft:glass_pane":4,"minecraft:infested_stone_bricks":1,"minecraft:stone_brick_slab":3,"minecraft:crafting_table":2,"minecraft:oak_wood":5,"minecraft:rose_bush":1,"minecraft:sculk_sensor":2,"minecraft:tall_grass":1,"minecraft:copper_ore":4,"biomesoplenty:sprout":3,"minecraft:lapis_ore":1,"minecraft:sculk":1,"minecraft:diorite":18,"minecraft:spruce_stairs":3,"minecraft:gray_wool":1,"minecraft:birch_planks":4,"regions_unexplored:redwood_leaves":9,"minecraft:coal_ore":123,"stalwart_dungeons:igniter":1,"minecraft:gravel":15,"minecraft:gray_carpet":1,"minecraft:cobweb":4,"minecraft:cracked_stone_bricks":5,"regions_unexplored:blackstone_cluster":1,"minecraft:stone_bricks":68,"minecraft:polished_andesite":2,"minecraft:mossy_stone_bricks":34,"minecraft:chipped_anvil":3,"minecraft:crimson_hyphae":3,"minecraft:fern":2},"minecraft:broken":{"minecraft:iron_boots":1,"minecraft:iron_leggings":1,"minecraft:shield":2,"minecraft:iron_pickaxe":2,"minecraft:iron_helmet":1},"minecraft:used":{"minecraft:moss_block":1,"minecraft:iron_shovel":11,"regions_unexplored:maple_door":4,"minecraft:poppy":1,"minecraft:chest":2,"minecraft:decorated_pot":4,"minecraft:shield":123,"minecraft:stone":6,"minecraft:iron_sword":538,"regions_unexplored:salmonberry":9,"minecraft:rotten_flesh":24,"minecraft:spruce_leaves":6,"minecraft:mutton":2,"minecraft:carrot":34,"valhelsia_structures:bundled_stripped_oak_posts":1,"minecraft:bricks":1,"minecraft:coal_ore":41,"minecraft:iron_helmet":2,"minecraft:stone_bricks":17,"minecraft:deepslate_diamond_ore":19,"minecraft:bow":130,"minecraft:furnace":4,"minecraft:potato":27,"minecraft:mossy_stone_bricks":51,"regions_unexplored:redwood_sapling":14,"minecraft:diorite":13,"minecraft:diamond_boots":2,"minecraft:stone_pickaxe":140,"minecraft:oak_planks":7,"minecraft:ender_pearl":2,"minecraft:wooden_pickaxe":43,"minecraft:white_wool":8,"minecraft:golden_apple":8,"minecraft:sand":4,"regions_unexplored:redwood_planks":7,"alexscaves:cave_book":1,"minecraft:blast_furnace":2,"minecraft:lingering_potion":4,"waystones:waystone":1,"regions_unexplored:redwood_log":26,"minecraft:deepslate_iron_ore":17,"minecraft:bread":118,"minecraft:melon_slice":7,"minecraft:diamond_ore":17,"farmersdelight:ham":1,"minecraft:diamond_sword":20,"minecraft:wooden_sword":2,"iceandfire:troll_skull":1,"minecraft:oak_fence":1,"minecraft:iron_bars":8,"minecraft:enchanting_table":1,"minecraft:stone_sword":72,"minecraft:armor_stand":1,"minecraft:stone_shovel":9,"minecraft:spruce_planks":1,"minecraft:netherrack":122,"minecraft:torch":167,"minecraft:brewing_stand":1,"minecraft:dirt":16,"regions_unexplored:brimwood_sapling":6,"minecraft:mossy_cobblestone_stairs":1,"minecraft:iron_hoe":4,"minecraft:dark_oak_planks":3,"minecraft:chipped_anvil":3,"minecraft:bookshelf":18,"minecraft:oak_stairs":1,"minecraft:iron_axe":81,"minecraft:iron_boots":1,"minecraft:crimson_planks":46,"alexscaves:spelunkery_table":1,"minecraft:golden_carrot":7,"minecraft:goat_horn":6,"minecraft:cooked_beef":28,"minecraft:cobbled_deepslate":2,"biomesoplenty:burning_blossom":14,"minecraft:light_gray_bed":3,"minecraft:iron_leggings":3,"minecraft:cooked_mutton":24,"minecraft:water_bucket":35,"minecraft:iron_ore":20,"minecraft:birch_planks":5,"minecraft:polished_andesite":2,"minecraft:baked_potato":5,"iceandfire:troll_weapon_axe":11,"minecraft:cobblestone_slab":1,"minecraft:mossy_cobblestone":4,"minecraft:oak_slab":1,"minecraft:crafting_table":12,"minecraft:red_bed":4,"minecraft:magenta_bed":2,"minecraft:red_mushroom":2,"minecraft:white_bed":4,"minecraft:painting":1,"minecraft:smoker":3,"minecraft:oak_log":13,"minecraft:apple":91,"minecraft:diamond_pickaxe":630,"minecraft:iron_pickaxe":986,"minecraft:stone_axe":46,"minecraft:cobblestone":153,"minecraft:potion":2,"minecraft:cooked_porkchop":31,"minecraft:bucket":35,"minecraft:splash_potion":18,"alexsmobs:emu_egg":3},"minecraft:killed":{"minecraft:cave_spider":1,"dungeonnowloading:hollow":2,"minecraft:spider":15,"minecraft:skeleton":51,"minecraft:silverfish":4,"minecraft:piglin_brute":4,"minecraft:magma_cube":9,"minecraft:pig":11,"alexsmobs:grizzly_bear":1,"minecraft:zombie_villager":1,"minecraft:creeper":5,"alexsmobs:crimson_mosquito":1,"minecraft:sheep":15,"minecraft:pillager":12,"minecraft:zombie":53,"stalwart_dungeons:incomplete_wither":2,"minecraft:stray":2,"minecraft:blaze":2,"minecraft:cow":3,"dungeonnowloading:spawner_carrier":1,"alexsmobs:blue_jay":1,"alexsmobs:bison":1,"stalwart_dungeons:reinforced_blaze":11,"iceandfire:troll":3,"iceandfire:ghost":1,"minecraft:wither_skeleton":9},"minecraft:crafted":{"minecraft:oak_planks":16,"regions_unexplored:maple_planks":24,"minecraft:bookshelf":18,"minecraft:cooked_mutton":23,"minecraft:diamond_helmet":1,"minecraft:diamond_leggings":1,"minecraft:iron_boots":2,"minecraft:chest":3,"regions_unexplored:maple_door":6,"minecraft:golden_boots":1,"sophisticatedbackpacks:backpack":1,"minecraft:cooked_porkchop":22,"minecraft:crafting_table":11,"minecraft:wooden_pickaxe":2,"minecraft:birch_planks":8,"sophisticatedbackpacks:upgrade_base":1,"minecraft:iron_chestplate":1,"minecraft:shield":3,"minecraft:stick":52,"minecraft:iron_pickaxe":4,"minecraft:iron_ingot":36,"minecraft:stone_sword":1,"minecraft:gold_ingot":16,"artifacts:eternal_steak":1,"minecraft:wooden_sword":1,"minecraft:stone_shovel":1,"minecraft:furnace":4,"minecraft:iron_hoe":1,"minecraft:stone_pickaxe":2,"minecraft:diamond_boots":1,"minecraft:dark_oak_planks":20,"minecraft:cooked_beef":8,"minecraft:crimson_planks":64,"minecraft:iron_sword":2,"minecraft:bucket":1,"minecraft:stone_axe":2,"minecraft:air":0,"regions_unexplored:redwood_planks":392,"minecraft:iron_shovel":1,"minecraft:iron_leggings":1,"minecraft:white_bed":2,"minecraft:torch":120,"minecraft:diamond_chestplate":1},"minecraft:dropped":{"minecraft:crimson_stem":1,"minecraft:iron_sword":3,"minecraft:soul_sand":7,"minecraft:brown_mushroom":2,"minecraft:candle":3,"regions_unexplored:brimwood_sapling":5,"minecraft:birch_planks":3,"minecraft:cooked_beef":3,"minecraft:oak_log":26,"minecraft:baked_potato":1,"minecraft:glass_bottle":17,"minecraft:cooked_porkchop":4,"minecraft:decorated_pot":2,"dungeonnowloading:cobblestone_pebble":8,"minecraft:crossbow":1,"minecraft:leather":3,"minecraft:cracked_stone_bricks":4,"regions_unexplored:dorcel":1,"minecraft:rail":2,"regions_unexplored:maple_planks":6,"minecraft:flint":2,"minecraft:red_mushroom":4,"minecraft:spruce_leaves":8,"minecraft:dirt":11,"regions_unexplored:brimsprout":3,"alexsdelight:cooked_bison":1,"regions_unexplored:purple_coneflower":1,"minecraft:tnt_minecart":2,"gravestone:obituary":17,"minecraft:wooden_sword":1,"minecraft:iron_pickaxe":2,"minecraft:dark_oak_planks":13,"dungeonnowloading:dungeon_wall_torch":3,"minecraft:gold_ingot":4,"minecraft:cauldron":1,"minecraft:armor_stand":3,"minecraft:bone":52,"minecraft:gravel":3,"minecraft:stone_axe":2,"minecraft:blackstone":8,"minecraft:sugar_cane":8,"minecraft:golden_chestplate":1,"minecraft:music_disc_otherside":1,"dungeonnowloading:wooden_wall_rack":1,"minecraft:wheat":2,"minecraft:obsidian":1,"minecraft:rotten_flesh":51,"dungeonnowloading:mossy_cobblestone_pebble":7,"regions_unexplored:oak_shrub":1,"minecraft:stone_stairs":1,"minecraft:carrot":17,"minecraft:chiseled_stone_bricks":1,"minecraft:tipped_arrow":32,"minecraft:gunpowder":4,"minecraft:skeleton_skull":1,"minecraft:melon_seeds":4,"minecraft:ladder":1,"minecraft:spruce_slab":1,"minecraft:iron_bars":1,"minecraft:red_nether_bricks":1,"minecraft:quartz":4,"minecraft:stone_brick_stairs":1,"minecraft:egg":1,"minecraft:crimson_planks":58,"minecraft:netherrack":2,"minecraft:enchanted_book":1,"minecraft:wheat_seeds":7,"minecraft:bread":37,"minecraft:iron_ingot":2,"minecraft:golden_helmet":1,"minecraft:clock":1,"regions_unexplored:maple_door":2,"minecraft:mossy_cobblestone":5,"minecraft:book":8,"minecraft:golden_axe":4,"minecraft:iron_helmet":1,"minecraft:cobblestone":209,"minecraft:apple":10,"delightful:green_tea_leaf":2,"minecraft:granite":12,"minecraft:spruce_stairs":1,"minecraft:coal":3,"minecraft:magenta_bed":1,"minecraft:stick":12,"bygonenether:cobbled_blackstone":20,"minecraft:diamond_horse_armor":1,"minecraft:brewing_stand":1,"minecraft:torch":2,"regions_unexplored:redwood_log":84,"minecraft:music_disc_ward":2,"minecraft:iron_leggings":1,"minecraft:oak_stairs":2,"minecraft:pumpkin":1,"minecraft:mossy_cobblestone_stairs":1,"minecraft:iron_shovel":1,"minecraft:string":29,"minecraft:bucket":1,"minecraft:music_disc_cat":1,"minecraft:smooth_basalt":1,"minecraft:stone_brick_slab":3,"minecraft:polished_deepslate":2,"minecraft:moss_carpet":1,"minecraft:stone_sword":3,"minecraft:raw_copper":5,"minecraft:jukebox":1,"minecraft:deepslate":1,"minecraft:stone_shovel":1,"minecraft:iron_boots":3,"minecraft:iron_hoe":1,"sophisticatedbackpacks:backpack":2,"minecraft:name_tag":2,"minecraft:nether_bricks":2,"dungeonnowloading:spawner_fragment":29,"minecraft:filled_map":1,"minecraft:hay_block":1,"minecraft:potato":23,"minecraft:cobblestone_slab":1,"minecraft:stone":17,"minecraft:shield":1,"aether:chainmail_gloves":1,"minecraft:iron_chestplate":2,"minecraft:andesite":6,"minecraft:mossy_stone_bricks":14,"minecraft:oak_sapling":1,"minecraft:stone_bricks":32,"minecraft:spider_eye":4,"minecraft:diamond_boots":2,"minecraft:bow":6,"minecraft:stone_pickaxe":4,"minecraft:wooden_pickaxe":3,"minecraft:crimson_hyphae":3,"regions_unexplored:cobalt_roots":2,"minecraft:brick":16},"minecraft:picked_up":{"minecraft:iron_chestplate":3,"biomesoplenty:burning_blossom":14,"minecraft:wheat":9,"minecraft:anvil":2,"minecraft:lead":1,"minecraft:diamond_sword":4,"aether:iron_gloves":1,"regions_unexplored:brimsprout":4,"minecraft:oak_stairs":12,"minecraft:enchanted_book":9,"minecraft:potion":6,"minecraft:stone_brick_stairs":1,"minecraft:crimson_planks":60,"minecraft:brewing_stand":3,"minecraft:polished_deepslate":2,"iceandfire:manuscript":2,"minecraft:string":28,"minecraft:raw_copper":22,"minecraft:deepslate_lapis_ore":4,"minecraft:smooth_stone_slab":2,"minecraft:red_nether_bricks":1,"minecraft:iron_leggings":8,"minecraft:armor_stand":4,"alexsmobs:dropbear_claw":5,"alexsmobs:blood_sac":1,"minecraft:smooth_stone":10,"minecraft:tnt_minecart":2,"minecraft:gold_nugget":452,"minecraft:cobbled_deepslate":66,"minecraft:bucket":2,"minecraft:spruce_planks":1,"minecraft:rose_bush":1,"minecraft:cobblestone_slab":6,"minecraft:iron_pickaxe":6,"dungeonnowloading:mossy_cobblestone_pebble":7,"minecraft:melon_slice":11,"delightful:green_tea_leaf":3,"minecraft:deepslate_iron_ore":17,"regions_unexplored:redwood_log":449,"minecraft:iron_boots":2,"minecraft:furnace":3,"minecraft:diamond_ore":17,"minecraft:golden_helmet":1,"minecraft:tipped_arrow":8,"minecraft:spruce_pressure_plate":1,"minecraft:stick":40,"minecraft:jukebox":1,"minecraft:oak_fence":6,"minecraft:torch":24,"minecraft:spruce_stairs":3,"minecraft:porkchop":18,"minecraft:golden_axe":5,"minecraft:diorite":21,"minecraft:golden_chestplate":1,"minecraft:cauldron":1,"minecraft:stone_sword":3,"minecraft:light_gray_bed":3,"minecraft:rotten_flesh":63,"minecraft:music_disc_ward":3,"aether:chainmail_gloves":6,"alexsdelight:raw_bison":4,"alexsmobs:emu_egg":3,"farmersdelight:rope":4,"minecraft:obsidian":1,"minecraft:blaze_rod":22,"minecraft:iron_bars":37,"minecraft:cobblestone":763,"paraglider:paraglider":1,"minecraft:crimson_hyphae":3,"minecraft:birch_log":2,"minecraft:enchanting_table":1,"minecraft:magma_block":5,"minecraft:cooked_beef":2,"minecraft:andesite":36,"minecraft:smoker":10,"minecraft:potato":43,"alexsmobs:bison_fur":1,"paraglider:spirit_orb":86,"minecraft:flint":2,"minecraft:magenta_bed":3,"minecraft:lapis_lazuli":15,"minecraft:dirt":68,"regions_unexplored:cobalt_roots":2,"minecraft:name_tag":1,"stalwart_dungeons:blaze_armor_scrap":10,"minecraft:bone":123,"minecraft:chipped_anvil":3,"minecraft:bow":10,"minecraft:wheat_seeds":138,"dungeonnowloading:dungeon_wall_torch":3,"minecraft:mossy_stone_bricks":79,"minecraft:moss_block":1,"minecraft:oak_planks":181,"minecraft:cooked_porkchop":13,"minecraft:music_disc_13":1,"dungeonnowloading:spawner_frame":3,"regions_unexplored:salmonberry":7,"minecraft:oak_pressure_plate":2,"minecraft:sand":4,"sophisticatedbackpacks:iron_backpack":1,"dungeonnowloading:wooden_wall_rack":1,"farmersdelight:ham":1,"minecraft:mossy_cobblestone":32,"alexsmobs:animal_dictionary":4,"regions_unexplored:brimwood_sapling":11,"minecraft:iron_hoe":1,"gravestone:gravestone":1,"minecraft:polished_andesite":2,"minecraft:deepslate":1,"minecraft:diamond":79,"waystones:waystone":1,"iceandfire:troll_weapon_axe":1,"minecraft:crossbow":1,"minecraft:granite":12,"iceandfire:troll_leather_forest":7,"minecraft:oak_sapling":1,"minecraft:bricks":1,"minecraft:netherrack":136,"iceandfire:raw_silver":14,"minecraft:diamond_pickaxe":1,"minecraft:spruce_leaves":14,"minecraft:crafting_table":2,"minecraft:charcoal":16,"dungeonnowloading:wooden_wall_platform":1,"iceandfire:witherbone":3,"minecraft:ladder":1,"minecraft:brown_mushroom":2,"minecraft:wooden_pickaxe":3,"dungeonnowloading:cobblestone_pebble":8,"minecraft:gold_block":1,"minecraft:diamond_horse_armor":1,"stalwart_dungeons:soul_bricks":5,"gravestone:obituary":9,"minecraft:brick":24,"minecraft:shield":5,"minecraft:stone_stairs":1,"minecraft:red_bed":4,"minecraft:moss_carpet":3,"minecraft:blackstone":8,"alexsdelight:cooked_bison":1,"dungeonnowloading:spawner_fragment":151,"minecraft:cracked_stone_bricks":5,"minecraft:candle":3,"minecraft:deepslate_diamond_ore":19,"minecraft:music_disc_otherside":1,"minecraft:beef":7,"minecraft:spruce_slab":1,"valhelsia_structures:bundled_stripped_oak_posts":1,"minecraft:poppy":1,"minecraft:light_gray_wool":1,"minecraft:sugar_cane":3,"minecraft:egg":1,"minecraft:raw_iron":235,"minecraft:stone":34,"bygonenether:cobbled_blackstone":20,"sophisticatedbackpacks:backpack":1,"minecraft:carrot":51,"regions_unexplored:purple_coneflower":1,"minecraft:tnt":2,"artifacts:everlasting_beef":1,"minecraft:arrow":123,"minecraft:decorated_pot":6,"minecraft:nether_bricks":2,"minecraft:diamond_boots":8,"minecraft:hay_block":1,"alexscaves:spelunkery_table":1,"minecraft:gold_ingot":44,"sophisticatedbackpacks:copper_backpack":1,"minecraft:mutton":36,"minecraft:white_wool":55,"minecraft:skeleton_skull":1,"minecraft:rail":2,"regions_unexplored:dorcel":2,"minecraft:clock":6,"minecraft:crimson_stem":17,"minecraft:leather":30,"minecraft:red_mushroom":6,"minecraft:birch_planks":8,"minecraft:filled_map":6,"minecraft:oak_log":114,"minecraft:gunpowder":14,"minecraft:cooked_mutton":4,"regions_unexplored:maple_door":4,"minecraft:gray_carpet":5,"minecraft:stone_bricks":71,"minecraft:iron_ingot":54,"regions_unexplored:redwood_sapling":14,"minecraft:stone_pickaxe":12,"minecraft:iron_ore":20,"regions_unexplored:brimwood_log":22,"minecraft:glass_bottle":22,"minecraft:iron_sword":2,"minecraft:soul_sand":7,"minecraft:book":9,"minecraft:oak_slab":2,"minecraft:smooth_basalt":2,"minecraft:pumpkin":1,"minecraft:chiseled_stone_bricks":1,"minecraft:stone_brick_slab":4,"minecraft:quartz":160,"regions_unexplored:oak_shrub":1,"minecraft:raw_iron_block":5,"minecraft:gravel":27,"minecraft:blast_furnace":6,"minecraft:white_bed":3,"minecraft:spider_eye":5,"minecraft:oak_wood":4,"minecraft:coal_ore":41,"minecraft:stone_axe":6,"minecraft:iron_helmet":6,"minecraft:painting":1,"regions_unexplored:maple_log":6,"minecraft:gray_wool":1,"minecraft:mossy_cobblestone_stairs":4,"iceandfire:troll_skull":1,"minecraft:baked_potato":6,"minecraft:black_wool":2,"minecraft:coal":198,"dungeonnowloading:soul_cloth":2,"minecraft:ender_pearl":15}},"DataVersion":3465}