{"stats":{"minecraft:custom":{"minecraft:interact_with_crafting_table":27,"minecraft:open_barrel":59,"minecraft:leave_game":4,"minecraft:time_since_death":11965,"minecraft:sprint_one_cm":818826,"minecraft:damage_blocked_by_shield":6128,"minecraft:drop":108,"minecraft:play_time":317897,"minecraft:deaths":22,"minecraft:jump":4244,"minecraft:interact_with_brewingstand":8,"minecraft:walk_on_water_one_cm":47006,"minecraft:interact_with_furnace":42,"minecraft:sleep_in_bed":8,"minecraft:waystone_activated":2,"minecraft:damage_dealt":16671,"minecraft:crouch_one_cm":24788,"minecraft:interact_with_smoker":18,"minecraft:use_cauldron":1,"minecraft:mob_kills":98,"minecraft:interact_with_anvil":2,"minecraft:climb_one_cm":9454,"minecraft:walk_one_cm":841300,"minecraft:sneak_time":10381,"minecraft:walk_under_water_one_cm":41017,"minecraft:interact_with_blast_furnace":7,"minecraft:total_world_time":317897,"minecraft:time_since_rest":11987,"minecraft:damage_absorbed":160,"minecraft:damage_taken":14194,"minecraft:trigger_trapped_chest":1,"minecraft:swim_one_cm":116378,"minecraft:fly_one_cm":790627,"minecraft:open_chest":156,"minecraft:fall_one_cm":129430},"minecraft:mined":{"dungeonnowloading:iron_ingot_pile":3,"regions_unexplored:salmonberry_bush":6,"minecraft:white_bed":2,"minecraft:brewing_stand":1,"minecraft:granite":1,"minecraft:grass_block":3,"minecraft:light_gray_bed":2,"minecraft:spawner":12,"minecraft:smooth_stone":3,"minecraft:mossy_cobblestone_stairs":1,"minecraft:iron_ore":93,"minecraft:fire":6,"minecraft:moss_carpet":1,"minecraft:deepslate_lapis_ore":2,"iceandfire:gold_pile":16,"biomesoplenty:webbing":1,"minecraft:iron_bars":7,"minecraft:spruce_pressure_plate":1,"minecraft:spruce_slab":1,"minecraft:smoker":4,"dungeonnowloading:dungeon_wall_torch":1,"minecraft:torch":5,"minecraft:blast_furnace":4,"minecraft:melon":1,"minecraft:cobblestone":50,"minecraft:sugar_cane":2,"minecraft:wall_torch":2,"minecraft:skeleton_skull":1,"minecraft:birch_log":2,"minecraft:wheat":1,"minecraft:magenta_bed":3,"minecraft:smooth_stone_slab":1,"minecraft:grass":20,"biomesoplenty:clover":8,"dungeonnowloading:explosive_barrel":10,"minecraft:dirt":31,"minecraft:smooth_basalt":1,"minecraft:oak_leaves":2,"minecraft:deepslate":62,"iceandfire:silver_ore":14,"minecraft:mossy_cobblestone":24,"gravestone:gravestone":3,"biomesoplenty:bush":1,"minecraft:spruce_fence":1,"minecraft:decorated_pot":2,"dungeonnowloading:book_pile":1,"minecraft:spruce_leaves":5,"minecraft:moss_block":1,"ecologics:sandcastle":1,"minecraft:furnace":3,"minecraft:carrots":8,"minecraft:andesite":30,"treechop:chopped_log":2,"minecraft:mossy_stone_brick_stairs":1,"minecraft:potatoes":2,"minecraft:cobblestone_slab":3,"minecraft:deepslate_iron_ore":55,"minecraft:vine":1,"regions_unexplored:medium_grass":2,"minecraft:stone":421,"regions_unexplored:redwood_log":1,"minecraft:oak_slab":3,"minecraft:stone_brick_slab":1,"minecraft:crafting_table":2,"minecraft:rose_bush":1,"minecraft:copper_ore":4,"biomesoplenty:sprout":2,"minecraft:lapis_ore":1,"minecraft:diorite":3,"minecraft:spruce_stairs":2,"minecraft:birch_planks":2,"regions_unexplored:redwood_leaves":9,"minecraft:coal_ore":41,"minecraft:gravel":10,"minecraft:gray_carpet":1,"minecraft:cobweb":2,"minecraft:cracked_stone_bricks":1,"minecraft:polished_andesite":2,"minecraft:stone_bricks":25,"minecraft:mossy_stone_bricks":14,"minecraft:chipped_anvil":2,"minecraft:fern":2},"minecraft:broken":{"minecraft:iron_leggings":1,"minecraft:shield":2,"minecraft:iron_pickaxe":2},"minecraft:used":{"minecraft:moss_block":1,"minecraft:shield":85,"minecraft:iron_sword":260,"regions_unexplored:salmonberry":9,"minecraft:rotten_flesh":20,"minecraft:mutton":2,"minecraft:carrot":25,"valhelsia_structures:bundled_stripped_oak_posts":1,"minecraft:iron_helmet":2,"minecraft:stone_bricks":12,"minecraft:bow":35,"minecraft:furnace":4,"minecraft:potato":27,"regions_unexplored:redwood_sapling":14,"minecraft:mossy_stone_bricks":40,"minecraft:diorite":1,"minecraft:diamond_boots":2,"minecraft:stone_pickaxe":118,"minecraft:oak_planks":7,"minecraft:ender_pearl":2,"minecraft:wooden_pickaxe":7,"minecraft:white_wool":8,"minecraft:golden_apple":4,"regions_unexplored:redwood_planks":3,"minecraft:blast_furnace":2,"waystones:waystone":1,"regions_unexplored:redwood_log":1,"minecraft:melon_slice":7,"minecraft:bread":22,"farmersdelight:ham":1,"minecraft:diamond_sword":20,"minecraft:wooden_sword":2,"minecraft:oak_fence":1,"minecraft:iron_bars":8,"minecraft:stone_sword":72,"minecraft:torch":117,"minecraft:brewing_stand":1,"minecraft:dirt":11,"minecraft:mossy_cobblestone_stairs":1,"minecraft:chipped_anvil":2,"minecraft:oak_stairs":1,"minecraft:iron_boots":1,"minecraft:golden_carrot":4,"minecraft:cooked_beef":12,"minecraft:light_gray_bed":3,"minecraft:iron_leggings":3,"minecraft:cooked_mutton":24,"minecraft:water_bucket":13,"minecraft:birch_planks":4,"minecraft:polished_andesite":2,"minecraft:baked_potato":5,"minecraft:cobblestone_slab":1,"minecraft:mossy_cobblestone":4,"minecraft:oak_slab":1,"minecraft:crafting_table":7,"minecraft:magenta_bed":2,"minecraft:red_mushroom":2,"minecraft:white_bed":4,"minecraft:painting":1,"minecraft:smoker":3,"minecraft:oak_log":13,"minecraft:apple":19,"minecraft:iron_pickaxe":817,"minecraft:stone_axe":46,"minecraft:cobblestone":104,"minecraft:potion":2,"minecraft:cooked_porkchop":16,"minecraft:bucket":14,"minecraft:splash_potion":1},"minecraft:killed":{"minecraft:cave_spider":1,"minecraft:spider":9,"minecraft:skeleton":20,"minecraft:silverfish":4,"minecraft:pig":8,"minecraft:creeper":1,"minecraft:sheep":15,"minecraft:pillager":2,"minecraft:zombie":29,"minecraft:stray":2,"minecraft:cow":3,"dungeonnowloading:spawner_carrier":1,"iceandfire:troll":1,"minecraft:wither_skeleton":1},"minecraft:crafted":{"minecraft:oak_planks":12,"minecraft:cooked_mutton":23,"minecraft:iron_boots":2,"minecraft:chest":1,"sophisticatedbackpacks:backpack":1,"minecraft:cooked_porkchop":22,"minecraft:crafting_table":6,"minecraft:wooden_pickaxe":1,"minecraft:birch_planks":8,"minecraft:iron_chestplate":1,"minecraft:shield":2,"minecraft:stick":40,"minecraft:iron_ingot":36,"minecraft:iron_pickaxe":3,"minecraft:stone_sword":1,"minecraft:gold_ingot":16,"artifacts:eternal_steak":1,"minecraft:wooden_sword":1,"minecraft:furnace":4,"minecraft:stone_pickaxe":1,"minecraft:cooked_beef":8,"minecraft:iron_sword":2,"minecraft:stone_axe":2,"minecraft:air":0,"regions_unexplored:redwood_planks":264,"minecraft:iron_leggings":1,"minecraft:white_bed":2,"minecraft:torch":120},"minecraft:dropped":{"minecraft:iron_sword":2,"minecraft:birch_planks":1,"minecraft:oak_log":26,"minecraft:baked_potato":1,"minecraft:glass_bottle":8,"minecraft:cooked_porkchop":4,"minecraft:leather":3,"minecraft:cracked_stone_bricks":1,"minecraft:flint":1,"regions_unexplored:purple_coneflower":1,"gravestone:obituary":12,"minecraft:wooden_sword":1,"dungeonnowloading:dungeon_wall_torch":3,"minecraft:bone":4,"minecraft:stone_axe":2,"minecraft:sugar_cane":8,"minecraft:wheat":2,"minecraft:rotten_flesh":18,"minecraft:carrot":17,"minecraft:gunpowder":2,"minecraft:skeleton_skull":1,"minecraft:ladder":1,"minecraft:spruce_slab":1,"minecraft:iron_ingot":2,"minecraft:wheat_seeds":4,"minecraft:clock":1,"minecraft:iron_helmet":1,"minecraft:cobblestone":64,"minecraft:apple":10,"minecraft:granite":1,"minecraft:stick":7,"minecraft:magenta_bed":1,"minecraft:diamond_horse_armor":1,"minecraft:brewing_stand":1,"regions_unexplored:redwood_log":70,"minecraft:oak_stairs":2,"minecraft:mossy_cobblestone_stairs":1,"minecraft:string":12,"minecraft:smooth_basalt":1,"minecraft:moss_carpet":1,"minecraft:iron_boots":2,"minecraft:iron_hoe":1,"minecraft:cobblestone_slab":1,"aether:chainmail_gloves":1,"minecraft:iron_chestplate":1,"minecraft:mossy_stone_bricks":12,"minecraft:spider_eye":2,"minecraft:diamond_boots":2,"minecraft:bow":4,"minecraft:stone_pickaxe":4,"minecraft:wooden_pickaxe":3},"minecraft:picked_up":{"minecraft:iron_chestplate":1,"minecraft:wheat":9,"minecraft:diamond_sword":4,"minecraft:oak_stairs":12,"minecraft:enchanted_book":8,"minecraft:potion":6,"minecraft:brewing_stand":3,"iceandfire:manuscript":2,"minecraft:string":20,"minecraft:raw_copper":17,"minecraft:smooth_stone_slab":2,"minecraft:iron_leggings":7,"minecraft:smooth_stone":2,"minecraft:gold_nugget":438,"minecraft:cobbled_deepslate":64,"minecraft:bucket":1,"minecraft:rose_bush":1,"minecraft:cobblestone_slab":4,"minecraft:iron_pickaxe":4,"minecraft:melon_slice":7,"delightful:green_tea_leaf":1,"minecraft:furnace":3,"minecraft:iron_boots":1,"regions_unexplored:redwood_log":435,"minecraft:tipped_arrow":8,"minecraft:spruce_pressure_plate":1,"minecraft:stick":35,"minecraft:oak_fence":6,"minecraft:torch":18,"minecraft:spruce_stairs":2,"minecraft:porkchop":18,"minecraft:diorite":3,"minecraft:light_gray_bed":3,"minecraft:rotten_flesh":30,"aether:chainmail_gloves":6,"farmersdelight:rope":4,"minecraft:iron_bars":30,"minecraft:cobblestone":575,"minecraft:birch_log":2,"minecraft:cooked_beef":2,"minecraft:andesite":30,"minecraft:smoker":10,"minecraft:potato":20,"paraglider:spirit_orb":52,"minecraft:flint":1,"minecraft:magenta_bed":3,"minecraft:lapis_lazuli":15,"minecraft:dirt":42,"minecraft:name_tag":1,"minecraft:bone":67,"minecraft:chipped_anvil":2,"minecraft:bow":9,"minecraft:wheat_seeds":135,"dungeonnowloading:dungeon_wall_torch":3,"minecraft:mossy_stone_bricks":61,"minecraft:moss_block":1,"minecraft:oak_planks":181,"minecraft:cooked_porkchop":5,"dungeonnowloading:spawner_frame":3,"regions_unexplored:salmonberry":7,"minecraft:oak_pressure_plate":2,"farmersdelight:ham":1,"minecraft:mossy_cobblestone":24,"alexsmobs:animal_dictionary":4,"minecraft:iron_hoe":1,"minecraft:polished_andesite":2,"minecraft:diamond":1,"waystones:waystone":1,"minecraft:granite":1,"iceandfire:troll_leather_forest":6,"iceandfire:raw_silver":14,"minecraft:charcoal":16,"minecraft:crafting_table":2,"dungeonnowloading:wooden_wall_platform":1,"minecraft:ladder":1,"minecraft:wooden_pickaxe":3,"dungeonnowloading:cobblestone_pebble":2,"minecraft:diamond_horse_armor":1,"gravestone:obituary":5,"minecraft:brick":8,"minecraft:shield":5,"minecraft:moss_carpet":3,"dungeonnowloading:spawner_fragment":99,"minecraft:cracked_stone_bricks":2,"minecraft:beef":7,"valhelsia_structures:bundled_stripped_oak_posts":1,"minecraft:spruce_slab":1,"minecraft:sugar_cane":3,"minecraft:raw_iron":151,"minecraft:carrot":36,"regions_unexplored:purple_coneflower":1,"artifacts:everlasting_beef":1,"minecraft:arrow":96,"minecraft:diamond_boots":8,"minecraft:gold_ingot":30,"minecraft:mutton":36,"minecraft:skeleton_skull":1,"minecraft:white_wool":55,"minecraft:clock":6,"minecraft:leather":30,"minecraft:red_mushroom":2,"minecraft:birch_planks":5,"minecraft:filled_map":5,"minecraft:oak_log":107,"minecraft:gunpowder":12,"minecraft:cooked_mutton":4,"minecraft:gray_carpet":5,"minecraft:stone_bricks":27,"minecraft:iron_ingot":48,"regions_unexplored:redwood_sapling":14,"minecraft:stone_pickaxe":12,"minecraft:glass_bottle":13,"minecraft:iron_sword":2,"minecraft:oak_slab":2,"minecraft:smooth_basalt":2,"minecraft:stone_brick_slab":1,"minecraft:gravel":24,"minecraft:blast_furnace":6,"minecraft:white_bed":3,"minecraft:spider_eye":3,"minecraft:stone_axe":6,"minecraft:iron_helmet":5,"minecraft:painting":1,"minecraft:mossy_cobblestone_stairs":4,"minecraft:baked_potato":6,"minecraft:black_wool":2,"minecraft:coal":101,"minecraft:ender_pearl":11}},"DataVersion":3465}