{"stats":{"minecraft:dropped":{"minecraft:iron_ingot":1,"minecraft:iron_sword":1,"minecraft:baked_potato":1,"minecraft:cooked_porkchop":4,"minecraft:iron_helmet":1,"minecraft:apple":10,"minecraft:cracked_stone_bricks":1,"minecraft:brewing_stand":1,"regions_unexplored:redwood_log":70,"minecraft:mossy_cobblestone_stairs":1,"minecraft:string":10,"minecraft:stone_axe":1,"minecraft:sugar_cane":8,"minecraft:rotten_flesh":8,"minecraft:iron_boots":2,"minecraft:iron_hoe":1,"minecraft:mossy_stone_bricks":12,"minecraft:diamond_boots":2,"minecraft:bow":1,"minecraft:stone_pickaxe":2,"minecraft:wooden_pickaxe":3},"minecraft:mined":{"regions_unexplored:salmonberry_bush":4,"minecraft:white_bed":2,"minecraft:brewing_stand":1,"biomesoplenty:bush":1,"ecologics:sandcastle":1,"minecraft:spawner":8,"minecraft:furnace":1,"minecraft:mossy_cobblestone_stairs":1,"minecraft:iron_ore":2,"treechop:chopped_log":1,"minecraft:mossy_stone_brick_stairs":1,"minecraft:vine":1,"biomesoplenty:webbing":1,"minecraft:iron_bars":7,"regions_unexplored:medium_grass":1,"minecraft:stone":27,"regions_unexplored:redwood_log":1,"minecraft:oak_slab":1,"minecraft:smoker":1,"minecraft:crafting_table":1,"minecraft:blast_furnace":2,"minecraft:rose_bush":1,"biomesoplenty:sprout":1,"minecraft:sugar_cane":2,"minecraft:diorite":2,"minecraft:spruce_stairs":1,"regions_unexplored:redwood_leaves":7,"minecraft:grass":11,"biomesoplenty:clover":7,"minecraft:coal_ore":22,"minecraft:smooth_basalt":1,"minecraft:cracked_stone_bricks":1,"minecraft:stone_bricks":9,"minecraft:mossy_stone_bricks":5,"minecraft:oak_leaves":2,"minecraft:fern":1},"minecraft:picked_up":{"minecraft:crafting_table":1,"minecraft:iron_chestplate":1,"minecraft:wooden_pickaxe":3,"minecraft:enchanted_book":3,"minecraft:potion":2,"minecraft:brewing_stand":3,"minecraft:shield":1,"minecraft:string":14,"minecraft:iron_leggings":1,"dungeonnowloading:spawner_fragment":85,"minecraft:cracked_stone_bricks":2,"minecraft:beef":7,"minecraft:rose_bush":1,"delightful:green_tea_leaf":1,"minecraft:melon_slice":1,"minecraft:sugar_cane":3,"minecraft:furnace":1,"regions_unexplored:redwood_log":432,"minecraft:iron_boots":1,"minecraft:tipped_arrow":6,"minecraft:raw_iron":2,"minecraft:stick":19,"minecraft:torch":8,"minecraft:spruce_stairs":1,"minecraft:porkchop":15,"minecraft:diorite":2,"minecraft:arrow":37,"minecraft:rotten_flesh":18,"aether:chainmail_gloves":1,"minecraft:diamond_boots":4,"farmersdelight:rope":4,"minecraft:gold_ingot":6,"minecraft:mutton":27,"minecraft:iron_bars":10,"minecraft:white_wool":13,"minecraft:cobblestone":27,"minecraft:cooked_beef":2,"minecraft:leather":6,"minecraft:smoker":1,"minecraft:filled_map":1,"paraglider:spirit_orb":30,"minecraft:name_tag":1,"minecraft:cooked_mutton":4,"minecraft:bone":19,"minecraft:stone_bricks":10,"minecraft:bow":4,"minecraft:wheat_seeds":5,"regions_unexplored:redwood_sapling":14,"minecraft:iron_ingot":2,"minecraft:stone_pickaxe":3,"minecraft:mossy_stone_bricks":50,"minecraft:iron_sword":1,"minecraft:oak_planks":169,"minecraft:smooth_basalt":1,"minecraft:cooked_porkchop":5,"regions_unexplored:salmonberry":7,"minecraft:blast_furnace":2,"minecraft:white_bed":2,"minecraft:spider_eye":1,"alexsmobs:animal_dictionary":1,"minecraft:iron_hoe":1,"minecraft:stone_axe":2,"waystones:waystone":1,"minecraft:iron_helmet":1,"minecraft:painting":1,"minecraft:mossy_cobblestone_stairs":2,"minecraft:baked_potato":6,"minecraft:black_wool":2,"minecraft:coal":52,"minecraft:ender_pearl":3},"minecraft:killed":{"minecraft:cave_spider":1,"minecraft:spider":5,"minecraft:skeleton":10,"minecraft:silverfish":4,"minecraft:pig":8,"minecraft:sheep":15,"minecraft:pillager":1,"minecraft:zombie":8,"minecraft:stray":2,"minecraft:wither_skeleton":1,"minecraft:cow":3},"minecraft:broken":{"minecraft:iron_leggings":1,"minecraft:shield":1},"minecraft:crafted":{"minecraft:furnace":1,"minecraft:cooked_mutton":23,"minecraft:iron_boots":1,"minecraft:stone_pickaxe":1,"minecraft:cooked_porkchop":6,"minecraft:crafting_table":1,"minecraft:wooden_pickaxe":1,"minecraft:stone_axe":1,"minecraft:air":0,"regions_unexplored:redwood_planks":264,"minecraft:shield":1,"minecraft:iron_ingot":2,"minecraft:stone_sword":1,"minecraft:white_bed":2,"minecraft:torch":48},"minecraft:custom":{"minecraft:mob_kills":59,"minecraft:interact_with_crafting_table":11,"minecraft:open_barrel":3,"minecraft:leave_game":2,"minecraft:time_since_death":25191,"minecraft:climb_one_cm":6125,"minecraft:sprint_one_cm":394336,"minecraft:walk_one_cm":373322,"minecraft:damage_blocked_by_shield":2813,"minecraft:drop":47,"minecraft:play_time":112151,"minecraft:deaths":1,"minecraft:sneak_time":1709,"minecraft:walk_under_water_one_cm":2855,"minecraft:jump":1370,"minecraft:interact_with_blast_furnace":7,"minecraft:walk_on_water_one_cm":8430,"minecraft:total_world_time":112151,"minecraft:interact_with_furnace":9,"minecraft:sleep_in_bed":2,"minecraft:time_since_rest":25217,"minecraft:waystone_activated":1,"minecraft:damage_taken":3869,"minecraft:damage_absorbed":120,"minecraft:damage_dealt":7864,"minecraft:fly_one_cm":255174,"minecraft:swim_one_cm":10837,"minecraft:open_chest":74,"minecraft:crouch_one_cm":2585,"minecraft:interact_with_smoker":7,"minecraft:fall_one_cm":36032},"minecraft:used":{"minecraft:stone_sword":72,"minecraft:shield":47,"minecraft:iron_sword":94,"regions_unexplored:salmonberry":9,"minecraft:rotten_flesh":12,"minecraft:torch":61,"minecraft:mutton":2,"minecraft:iron_helmet":1,"minecraft:stone_bricks":10,"minecraft:bow":2,"minecraft:furnace":1,"minecraft:cooked_beef":4,"minecraft:cooked_mutton":23,"minecraft:mossy_stone_bricks":37,"regions_unexplored:redwood_sapling":14,"minecraft:diamond_boots":1,"minecraft:baked_potato":5,"minecraft:stone_pickaxe":90,"minecraft:oak_planks":4,"minecraft:wooden_pickaxe":7,"minecraft:golden_apple":3,"regions_unexplored:redwood_planks":3,"minecraft:crafting_table":2,"minecraft:blast_furnace":2,"minecraft:white_bed":3,"minecraft:painting":1,"minecraft:smoker":1,"waystones:waystone":1,"regions_unexplored:redwood_log":1,"minecraft:melon_slice":1,"minecraft:bread":4,"minecraft:stone_axe":10,"minecraft:diamond_sword":4,"minecraft:cooked_porkchop":7}},"DataVersion":3465}