{"stats":{"minecraft:custom":{"minecraft:time_since_rest":10559,"minecraft:play_time":10559,"minecraft:sprint_one_cm":14634,"minecraft:damage_taken":50,"minecraft:walk_one_cm":12229,"minecraft:walk_under_water_one_cm":573,"minecraft:drop":1,"minecraft:jump":93,"minecraft:damage_dealt":42,"minecraft:leave_game":1,"minecraft:walk_on_water_one_cm":1027,"minecraft:time_since_death":10559,"minecraft:total_world_time":10559,"minecraft:interact_with_crafting_table":4,"minecraft:fall_one_cm":3865,"minecraft:fly_one_cm":13770},"minecraft:used":{"minecraft:wooden_pickaxe":7},"minecraft:mined":{"minecraft:grass":2,"regions_unexplored:salmonberry_bush":4,"regions_unexplored:medium_grass":1,"minecraft:stone":5,"regions_unexplored:redwood_leaves":7,"minecraft:diorite":2,"treechop:chopped_log":1,"minecraft:fern":1},"minecraft:crafted":{"regions_unexplored:redwood_planks":256,"minecraft:crafting_table":1,"minecraft:wooden_pickaxe":1},"minecraft:picked_up":{"minecraft:stick":19,"regions_unexplored:salmonberry":7,"minecraft:wheat_seeds":2,"regions_unexplored:redwood_sapling":14,"minecraft:diorite":2,"delightful:green_tea_leaf":1,"minecraft:cobblestone":5,"regions_unexplored:redwood_log":377},"minecraft:dropped":{"regions_unexplored:redwood_log":64}},"DataVersion":3465}