{"stat.walkOneCm":89974,"stat.useItem.minecraft.quartz_block":21,"stat.playerKills":9,"achievement.openInventory":7,"stat.leaveGame":2,"stat.damageTaken":3470,"stat.useItem.minecraft.cooked_porkchop":1,"stat.mobKills":1,"stat.useItem.minecraft.diamond_sword":3,"stat.useItem.minecraft.potion":1,"stat.flyOneCm":86085,"stat.deaths":10,"stat.useItem.minecraft.bedrock":12,"stat.drop":6,"stat.jump":284,"stat.playOneMinute":22066,"stat.killEntity.Witch":1,"stat.fallOneCm":34298,"stat.damageDealt":2380,"stat.crouchOneCm":358,"stat.timeSinceDeath":4277,"stat.sprintOneCm":39674,"stat.useItem.minecraft.stained_glass":3,"achievement.exploreAllBiomes":{"value":0,"progress":["Desert"]}}