{"stats":{"minecraft:dropped":{"minecraft:iron_ingot":2,"minecraft:iron_sword":1,"minecraft:wheat_seeds":4,"minecraft:clock":1,"minecraft:baked_potato":1,"minecraft:glass_bottle":7,"minecraft:cooked_porkchop":4,"minecraft:iron_helmet":1,"minecraft:leather":3,"minecraft:apple":10,"minecraft:cracked_stone_bricks":1,"minecraft:diamond_horse_armor":1,"minecraft:brewing_stand":1,"regions_unexplored:redwood_log":70,"minecraft:mossy_cobblestone_stairs":1,"minecraft:string":10,"minecraft:smooth_basalt":1,"minecraft:stone_axe":2,"minecraft:sugar_cane":8,"minecraft:wheat":2,"minecraft:rotten_flesh":10,"minecraft:iron_boots":2,"minecraft:iron_hoe":1,"minecraft:carrot":17,"aether:chainmail_gloves":1,"minecraft:mossy_stone_bricks":12,"minecraft:diamond_boots":2,"minecraft:bow":1,"minecraft:stone_pickaxe":2,"minecraft:wooden_pickaxe":3},"minecraft:mined":{"regions_unexplored:salmonberry_bush":4,"minecraft:white_bed":2,"minecraft:brewing_stand":1,"biomesoplenty:bush":1,"ecologics:sandcastle":1,"minecraft:spawner":8,"minecraft:furnace":1,"minecraft:carrots":8,"minecraft:mossy_cobblestone_stairs":1,"minecraft:iron_ore":2,"minecraft:fire":4,"minecraft:moss_carpet":1,"treechop:chopped_log":2,"minecraft:mossy_stone_brick_stairs":1,"minecraft:potatoes":2,"minecraft:cobblestone_slab":2,"minecraft:vine":1,"biomesoplenty:webbing":1,"minecraft:iron_bars":7,"regions_unexplored:medium_grass":1,"minecraft:stone":27,"regions_unexplored:redwood_log":1,"minecraft:oak_slab":3,"minecraft:smoker":3,"minecraft:crafting_table":1,"minecraft:blast_furnace":4,"minecraft:rose_bush":1,"minecraft:cobblestone":3,"biomesoplenty:sprout":2,"minecraft:sugar_cane":2,"minecraft:diorite":2,"minecraft:spruce_stairs":1,"minecraft:wheat":1,"minecraft:magenta_bed":1,"regions_unexplored:redwood_leaves":7,"minecraft:grass":15,"biomesoplenty:clover":7,"minecraft:coal_ore":22,"minecraft:gray_carpet":1,"minecraft:smooth_basalt":1,"minecraft:cracked_stone_bricks":1,"minecraft:stone_bricks":9,"minecraft:mossy_stone_bricks":5,"minecraft:oak_leaves":2,"minecraft:fern":1},"minecraft:picked_up":{"minecraft:charcoal":4,"minecraft:crafting_table":1,"minecraft:iron_chestplate":1,"minecraft:wheat":9,"minecraft:diamond_sword":1,"minecraft:wooden_pickaxe":3,"minecraft:enchanted_book":4,"minecraft:potion":3,"minecraft:diamond_horse_armor":1,"minecraft:brewing_stand":3,"minecraft:shield":2,"minecraft:string":14,"minecraft:moss_carpet":2,"minecraft:iron_leggings":2,"dungeonnowloading:spawner_fragment":85,"minecraft:cracked_stone_bricks":2,"minecraft:beef":7,"minecraft:rose_bush":1,"minecraft:cobblestone_slab":2,"minecraft:iron_pickaxe":1,"delightful:green_tea_leaf":1,"minecraft:melon_slice":1,"minecraft:sugar_cane":3,"minecraft:furnace":1,"regions_unexplored:redwood_log":432,"minecraft:iron_boots":1,"minecraft:tipped_arrow":7,"minecraft:raw_iron":2,"minecraft:stick":21,"minecraft:torch":8,"minecraft:spruce_stairs":1,"minecraft:porkchop":15,"minecraft:diorite":2,"minecraft:carrot":36,"minecraft:arrow":61,"minecraft:rotten_flesh":20,"aether:chainmail_gloves":3,"minecraft:diamond_boots":5,"farmersdelight:rope":4,"minecraft:gold_ingot":12,"minecraft:mutton":27,"minecraft:iron_bars":15,"minecraft:white_wool":13,"minecraft:cobblestone":30,"minecraft:clock":3,"minecraft:cooked_beef":2,"minecraft:leather":6,"minecraft:potato":20,"minecraft:smoker":3,"minecraft:filled_map":2,"paraglider:spirit_orb":46,"minecraft:oak_log":78,"minecraft:magenta_bed":1,"minecraft:name_tag":1,"minecraft:cooked_mutton":4,"minecraft:bone":29,"minecraft:gray_carpet":1,"minecraft:stone_bricks":10,"minecraft:bow":6,"minecraft:wheat_seeds":59,"regions_unexplored:redwood_sapling":14,"minecraft:iron_ingot":3,"minecraft:stone_pickaxe":4,"minecraft:mossy_stone_bricks":50,"minecraft:glass_bottle":7,"minecraft:iron_sword":1,"minecraft:oak_planks":172,"minecraft:smooth_basalt":2,"minecraft:cooked_porkchop":5,"regions_unexplored:salmonberry":7,"minecraft:blast_furnace":4,"minecraft:white_bed":2,"minecraft:spider_eye":1,"alexsmobs:animal_dictionary":2,"minecraft:iron_hoe":1,"minecraft:stone_axe":3,"waystones:waystone":1,"minecraft:iron_helmet":2,"minecraft:painting":1,"minecraft:mossy_cobblestone_stairs":3,"minecraft:baked_potato":6,"minecraft:black_wool":2,"minecraft:coal":82,"minecraft:ender_pearl":5},"minecraft:killed":{"minecraft:cave_spider":1,"minecraft:spider":6,"minecraft:skeleton":10,"minecraft:silverfish":4,"minecraft:pig":8,"minecraft:sheep":15,"minecraft:pillager":2,"minecraft:zombie":10,"minecraft:stray":2,"minecraft:wither_skeleton":1,"minecraft:cow":3},"minecraft:broken":{"minecraft:iron_leggings":1,"minecraft:shield":1},"minecraft:crafted":{"minecraft:furnace":1,"minecraft:cooked_mutton":23,"minecraft:iron_boots":1,"minecraft:stone_pickaxe":1,"minecraft:cooked_porkchop":6,"minecraft:crafting_table":1,"minecraft:wooden_pickaxe":1,"minecraft:stone_axe":2,"minecraft:air":0,"regions_unexplored:redwood_planks":264,"minecraft:shield":1,"minecraft:stick":4,"minecraft:iron_ingot":2,"minecraft:stone_sword":1,"minecraft:iron_leggings":1,"minecraft:white_bed":2,"minecraft:torch":48},"minecraft:custom":{"minecraft:mob_kills":63,"minecraft:interact_with_crafting_table":13,"minecraft:open_barrel":10,"minecraft:leave_game":2,"minecraft:time_since_death":11095,"minecraft:climb_one_cm":6453,"minecraft:sprint_one_cm":499010,"minecraft:walk_one_cm":490597,"minecraft:damage_blocked_by_shield":3008,"minecraft:drop":65,"minecraft:play_time":148151,"minecraft:deaths":4,"minecraft:sneak_time":1998,"minecraft:walk_under_water_one_cm":3738,"minecraft:jump":1762,"minecraft:interact_with_blast_furnace":7,"minecraft:walk_on_water_one_cm":10980,"minecraft:total_world_time":148151,"minecraft:interact_with_furnace":10,"minecraft:sleep_in_bed":5,"minecraft:time_since_rest":2709,"minecraft:waystone_activated":1,"minecraft:damage_taken":5161,"minecraft:damage_absorbed":120,"minecraft:damage_dealt":8663,"minecraft:fly_one_cm":324020,"minecraft:swim_one_cm":15215,"minecraft:open_chest":93,"minecraft:crouch_one_cm":3168,"minecraft:interact_with_smoker":9,"minecraft:fall_one_cm":48833},"minecraft:used":{"minecraft:iron_bars":3,"minecraft:stone_sword":72,"minecraft:shield":52,"minecraft:iron_sword":94,"regions_unexplored:salmonberry":9,"minecraft:rotten_flesh":18,"minecraft:torch":61,"minecraft:brewing_stand":1,"minecraft:mutton":2,"minecraft:carrot":25,"minecraft:iron_helmet":1,"minecraft:stone_bricks":10,"minecraft:bow":3,"minecraft:furnace":1,"minecraft:potato":27,"minecraft:cooked_beef":4,"minecraft:cooked_mutton":23,"minecraft:mossy_stone_bricks":38,"regions_unexplored:redwood_sapling":14,"minecraft:diamond_boots":1,"minecraft:baked_potato":5,"minecraft:stone_pickaxe":96,"minecraft:oak_planks":4,"minecraft:ender_pearl":1,"minecraft:wooden_pickaxe":7,"minecraft:golden_apple":3,"regions_unexplored:redwood_planks":3,"minecraft:crafting_table":2,"minecraft:magenta_bed":1,"minecraft:blast_furnace":2,"minecraft:white_bed":3,"minecraft:painting":1,"minecraft:smoker":1,"minecraft:oak_log":13,"waystones:waystone":1,"regions_unexplored:redwood_log":1,"minecraft:melon_slice":1,"minecraft:bread":4,"minecraft:iron_pickaxe":4,"minecraft:stone_axe":42,"minecraft:diamond_sword":16,"minecraft:potion":2,"minecraft:cooked_porkchop":7}},"DataVersion":3465}