{"stats":{"minecraft:custom":{"minecraft:interact_with_anvil":3,"minecraft:mob_kills":95,"minecraft:interact_with_crafting_table":28,"minecraft:open_barrel":7,"minecraft:eat_cake_slice":4,"minecraft:leave_game":3,"minecraft:time_since_death":33293,"minecraft:climb_one_cm":11645,"minecraft:sprint_one_cm":750099,"minecraft:walk_one_cm":804522,"minecraft:damage_blocked_by_shield":7328,"minecraft:drop":67,"minecraft:talked_to_villager":5,"minecraft:play_time":271933,"minecraft:deaths":7,"minecraft:sneak_time":3773,"minecraft:walk_under_water_one_cm":27145,"minecraft:jump":4123,"minecraft:interact_with_blast_furnace":2,"minecraft:walk_on_water_one_cm":19314,"minecraft:total_world_time":271933,"minecraft:interact_with_furnace":103,"minecraft:sleep_in_bed":12,"minecraft:waystone_activated":4,"minecraft:time_since_rest":474,"minecraft:damage_taken":7731,"minecraft:damage_absorbed":120,"minecraft:trigger_trapped_chest":3,"minecraft:damage_dealt":13777,"minecraft:fly_one_cm":840739,"minecraft:swim_one_cm":52050,"minecraft:open_chest":206,"minecraft:crouch_one_cm":15656,"minecraft:interact_with_smoker":4,"minecraft:fall_one_cm":134892},"minecraft:mined":{"regions_unexplored:salmonberry_bush":14,"minecraft:white_bed":4,"minecraft:mossy_cobblestone":3,"iceandfire:silver_ore":2,"gravestone:gravestone":1,"minecraft:grass_block":4,"iceandfire:lectern":1,"regions_unexplored:purple_coneflower":3,"minecraft:oxeye_daisy":1,"minecraft:spawner":19,"ecologics:sandcastle":1,"minecraft:tall_seagrass":1,"minecraft:furnace":2,"minecraft:fire":17,"minecraft:andesite":7,"regions_unexplored:redwood_planks":17,"treechop:chopped_log":1,"minecraft:mossy_stone_brick_stairs":1,"iceandfire:podium_oak":1,"minecraft:bookshelf":4,"minecraft:vine":2,"minecraft:iron_bars":16,"biomesoplenty:webbing":1,"minecraft:stripped_oak_log":3,"regions_unexplored:medium_grass":23,"minecraft:bamboo":1,"minecraft:stone":34,"regions_unexplored:redwood_log":2,"sophisticatedbackpacks:backpack":2,"minecraft:podzol":4,"minecraft:polished_granite":1,"minecraft:crafting_table":5,"minecraft:torch":1,"minecraft:calcite":8,"minecraft:melon":9,"minecraft:rose_bush":1,"minecraft:tall_grass":1,"minecraft:cobblestone":23,"biomesoplenty:sprout":4,"delightful:wild_salmonberries":7,"minecraft:wall_torch":3,"minecraft:amethyst_block":4,"minecraft:seagrass":2,"minecraft:skeleton_skull":1,"regions_unexplored:hyssop":2,"ecologics:seashell":1,"minecraft:wheat":1,"minecraft:lilac":1,"regions_unexplored:redwood_leaves":6,"minecraft:stone_brick_stairs":1,"minecraft:grass":33,"regions_unexplored:oak_shrub":1,"minecraft:coal_ore":17,"minecraft:sand":17,"minecraft:dirt":18,"minecraft:gray_carpet":1,"minecraft:smooth_basalt":10,"minecraft:cracked_stone_bricks":1,"minecraft:stone_bricks":7,"minecraft:mossy_stone_bricks":2,"minecraft:oak_leaves":2,"regions_unexplored:fireweed":1,"minecraft:fern":5},"minecraft:broken":{"aether:golden_gloves":1,"minecraft:shield":1,"minecraft:iron_helmet":1},"minecraft:used":{"iceandfire:lectern":1,"farmersdelight:onion_crate":3,"ecologics:sandcastle":2,"minecraft:stone_sword":13,"minecraft:rose_bush":1,"minecraft:iron_shovel":4,"minecraft:shield":121,"minecraft:wooden_shovel":21,"regions_unexplored:salmonberry":20,"minecraft:torch":39,"minecraft:dirt":16,"minecraft:carrot":15,"minecraft:iron_axe":22,"minecraft:smooth_basalt":6,"minecraft:goat_horn":40,"minecraft:furnace":2,"minecraft:cooked_beef":13,"alexsdelight:cooked_bison":1,"minecraft:calcite":6,"minecraft:cooked_mutton":10,"minecraft:rabbit":2,"minecraft:oak_planks":23,"minecraft:stone_pickaxe":37,"minecraft:wooden_pickaxe":3,"minecraft:golden_apple":3,"delightful:salmonberries":7,"regions_unexplored:redwood_planks":84,"minecraft:sand":1,"minecraft:crafting_table":8,"minecraft:crossbow":20,"minecraft:white_bed":6,"minecraft:oak_log":10,"waystones:waystone":2,"sophisticatedbackpacks:backpack":2,"minecraft:diamond_pickaxe":37,"minecraft:bread":32,"minecraft:melon_slice":37,"minecraft:iron_pickaxe":90,"minecraft:stone_axe":87,"minecraft:diamond_sword":255,"minecraft:cobblestone":51,"minecraft:potion":1,"minecraft:cooked_porkchop":14,"alexsmobs:animal_dictionary":3,"minecraft:experience_bottle":2},"minecraft:killed":{"minecraft:cave_spider":1,"minecraft:spider":5,"minecraft:skeleton":22,"minecraft:silverfish":4,"alexsmobs:bison":2,"minecraft:pig":6,"minecraft:rabbit":7,"minecraft:sheep":11,"minecraft:pillager":2,"minecraft:zombie":10,"iceandfire:ghost":5,"alexsmobs:terrapin":1,"minecraft:stray":5,"minecraft:cow":11},"minecraft:killed_by":{"iceandfire:fire_dragon":1},"minecraft:crafted":{"minecraft:smooth_stone":8,"minecraft:oak_planks":12,"minecraft:stone":15,"minecraft:cracked_stone_bricks":5,"minecraft:cooked_mutton":26,"alexsdelight:cooked_bison":13,"explorerscompass:explorerscompass":1,"minecraft:iron_axe":1,"minecraft:stone_pickaxe":1,"minecraft:chest":1,"minecraft:stone_bricks":4,"minecraft:cooked_rabbit":4,"minecraft:cooked_beef":15,"minecraft:wooden_shovel":1,"sophisticatedbackpacks:backpack":1,"iceandfire:silver_ingot":2,"minecraft:cooked_porkchop":12,"minecraft:crafting_table":3,"minecraft:wooden_pickaxe":1,"minecraft:bucket":2,"ecologics:sandcastle":2,"minecraft:stone_axe":1,"minecraft:air":0,"regions_unexplored:redwood_planks":116,"minecraft:shield":3,"minecraft:stick":20,"minecraft:iron_pickaxe":2,"minecraft:iron_ingot":9,"minecraft:white_bed":2},"minecraft:dropped":{"minecraft:enchanted_book":1,"minecraft:iron_ingot":8,"regions_unexplored:fireweed":1,"minecraft:wheat_seeds":6,"minecraft:lilac":1,"minecraft:mossy_cobblestone":2,"minecraft:leather":1,"minecraft:cracked_stone_bricks":1,"minecraft:stick":7,"minecraft:rabbit":2,"minecraft:melon_slice":8,"regions_unexplored:purple_coneflower":6,"gravestone:obituary":2,"minecraft:stripped_birch_log":2,"minecraft:mossy_cobblestone_stairs":1,"minecraft:smooth_stone":8,"minecraft:bucket":1,"minecraft:stone_axe":2,"minecraft:moss_carpet":1,"bountiful:bounty":1,"minecraft:stone_sword":1,"minecraft:golden_chestplate":2,"minecraft:rotten_flesh":2,"regions_unexplored:hyssop":1,"minecraft:cooked_mutton":3,"regions_unexplored:redwood_planks":3,"minecraft:spruce_fence":1,"minecraft:gunpowder":1,"minecraft:andesite":7,"minecraft:mossy_stone_bricks":1,"artifacts:pocket_piston":1,"minecraft:wooden_shovel":1,"minecraft:stone_bricks":3,"minecraft:diamond_boots":2,"minecraft:wooden_pickaxe":1,"minecraft:iron_bars":6,"minecraft:bow":2,"minecraft:stone_pickaxe":3,"minecraft:cooked_rabbit":2,"minecraft:egg":1},"minecraft:picked_up":{"minecraft:iron_chestplate":4,"minecraft:crafting_table":8,"minecraft:chainmail_boots":3,"minecraft:diamond_sword":4,"ecologics:seashell":3,"minecraft:cooked_rabbit":6,"minecraft:enchanted_book":3,"minecraft:stone_brick_stairs":2,"minecraft:shield":3,"minecraft:amethyst_block":8,"iceandfire:manuscript":15,"minecraft:string":4,"minecraft:moss_carpet":1,"minecraft:iron_axe":1,"minecraft:armor_stand":1,"minecraft:compass":1,"minecraft:iron_shovel":4,"alexsdelight:cooked_bison":4,"dungeonnowloading:spawner_fragment":98,"iceandfire:bestiary":1,"minecraft:cracked_stone_bricks":1,"minecraft:diamond_leggings":3,"minecraft:smooth_stone":8,"minecraft:beef":22,"minecraft:rose_bush":1,"minecraft:calcite":6,"minecraft:iron_pickaxe":1,"regions_unexplored:redwood_planks":21,"minecraft:melon_slice":80,"minecraft:egg":1,"minecraft:furnace":2,"minecraft:iron_boots":2,"minecraft:phantom_membrane":4,"regions_unexplored:redwood_log":92,"minecraft:tipped_arrow":1,"minecraft:stick":11,"minecraft:raw_iron":7,"explorerscompass:explorerscompass":4,"minecraft:torch":59,"minecraft:spruce_fence":1,"iceandfire:silver_ore":2,"sophisticatedbackpacks:backpack":6,"minecraft:porkchop":12,"minecraft:golden_chestplate":2,"minecraft:rabbit_foot":1,"minecraft:goat_horn":2,"regions_unexplored:purple_coneflower":11,"iceandfire:silver_ingot":2,"minecraft:arrow":119,"minecraft:rotten_flesh":9,"artifacts:villager_hat":1,"minecraft:nether_bricks":1,"aether:chainmail_gloves":1,"minecraft:diamond_boots":3,"alexsdelight:raw_bison":13,"minecraft:gold_ingot":11,"minecraft:saddle":1,"artifacts:pocket_piston":5,"minecraft:mutton":18,"minecraft:iron_bars":17,"minecraft:white_wool":12,"minecraft:cobblestone":81,"minecraft:oxeye_daisy":1,"minecraft:stripped_oak_log":3,"minecraft:lilac":1,"minecraft:clock":1,"minecraft:cooked_beef":1,"minecraft:andesite":7,"minecraft:leather":14,"minecraft:golden_leggings":1,"alexsmobs:bison_fur":2,"paraglider:spirit_orb":46,"minecraft:oak_log":63,"iceandfire:ectoplasm":3,"minecraft:gunpowder":1,"minecraft:stripped_birch_log":2,"minecraft:dirt":22,"minecraft:lantern":2,"minecraft:name_tag":2,"minecraft:cooked_mutton":10,"minecraft:bone":140,"minecraft:apple":10,"minecraft:stone_bricks":4,"minecraft:bow":6,"minecraft:wheat_seeds":12,"minecraft:rabbit_hide":5,"minecraft:stone_pickaxe":3,"minecraft:iron_ingot":21,"minecraft:mossy_stone_bricks":1,"minecraft:rabbit":11,"minecraft:bamboo":7,"minecraft:mossy_stone_brick_stairs":1,"minecraft:oak_planks":102,"minecraft:book":32,"minecraft:oak_slab":1,"minecraft:smooth_basalt":8,"minecraft:cooked_porkchop":13,"regions_unexplored:salmonberry":38,"minecraft:sand":17,"delightful:salmonberries":7,"minecraft:white_bed":5,"alexsmobs:animal_dictionary":1,"minecraft:mossy_cobblestone":2,"regions_unexplored:fireweed":1,"regions_unexplored:hyssop":2,"minecraft:coal_ore":30,"minecraft:slime_ball":5,"minecraft:stone_axe":1,"iceandfire:lectern":1,"waystones:waystone":4,"minecraft:iron_helmet":3,"minecraft:crossbow":4,"minecraft:gray_wool":1,"minecraft:golden_apple":1,"minecraft:mossy_cobblestone_stairs":1,"minecraft:bread":31,"minecraft:coal":132,"minecraft:diamond_pickaxe":3}},"DataVersion":3465}