{"stats":{"minecraft:custom":{"minecraft:interact_with_furnace":5,"minecraft:mob_kills":14,"minecraft:interact_with_crafting_table":10,"minecraft:open_barrel":1,"minecraft:time_since_death":47878,"minecraft:sleep_in_bed":1,"minecraft:climb_one_cm":479,"minecraft:time_since_rest":15192,"minecraft:waystone_activated":1,"minecraft:sprint_one_cm":101804,"minecraft:damage_taken":615,"minecraft:walk_one_cm":96902,"minecraft:drop":7,"minecraft:damage_dealt":1379,"minecraft:swim_one_cm":14877,"minecraft:talked_to_villager":1,"minecraft:fly_one_cm":121065,"minecraft:open_chest":13,"minecraft:crouch_one_cm":3349,"minecraft:play_time":50831,"minecraft:deaths":1,"minecraft:sneak_time":626,"minecraft:walk_under_water_one_cm":1775,"minecraft:jump":656,"minecraft:walk_on_water_one_cm":3980,"minecraft:total_world_time":50831,"minecraft:fall_one_cm":23735},"minecraft:used":{"farmersdelight:onion_crate":3,"ecologics:sandcastle":2,"minecraft:stone_sword":7,"minecraft:stone_pickaxe":15,"minecraft:wooden_pickaxe":3,"minecraft:wooden_shovel":21,"regions_unexplored:salmonberry":16,"minecraft:dirt":16,"minecraft:sand":1,"regions_unexplored:redwood_planks":7,"minecraft:crafting_table":5,"minecraft:carrot":2,"minecraft:melon_slice":8,"minecraft:stone_axe":50,"minecraft:furnace":2,"minecraft:cooked_porkchop":1,"alexsmobs:animal_dictionary":3},"minecraft:mined":{"minecraft:podzol":3,"regions_unexplored:salmonberry_bush":14,"minecraft:crafting_table":4,"minecraft:torch":1,"minecraft:grass_block":2,"minecraft:melon":9,"biomesoplenty:sprout":1,"ecologics:sandcastle":1,"minecraft:furnace":2,"ecologics:seashell":1,"regions_unexplored:redwood_leaves":6,"regions_unexplored:redwood_planks":2,"treechop:chopped_log":1,"minecraft:grass":8,"minecraft:dirt":14,"minecraft:sand":17,"minecraft:stripped_oak_log":3,"regions_unexplored:medium_grass":4,"minecraft:bamboo":1,"minecraft:stone":12,"minecraft:stone_bricks":4,"regions_unexplored:redwood_log":2,"minecraft:fern":4},"minecraft:killed":{"minecraft:pig":6,"minecraft:rabbit":1,"minecraft:sheep":4,"minecraft:zombie":1,"alexsmobs:terrapin":1,"minecraft:cow":1},"minecraft:crafted":{"minecraft:cooked_beef":3,"minecraft:oak_planks":12,"minecraft:wooden_shovel":1,"minecraft:cooked_porkchop":8,"minecraft:crafting_table":2,"minecraft:wooden_pickaxe":1,"ecologics:sandcastle":2,"minecraft:stone_axe":1,"minecraft:air":0,"regions_unexplored:redwood_planks":32,"minecraft:shield":1,"minecraft:stick":8,"minecraft:stone_pickaxe":1},"minecraft:picked_up":{"minecraft:stripped_oak_log":3,"minecraft:crafting_table":4,"minecraft:leather":2,"ecologics:seashell":3,"minecraft:dirt":19,"minecraft:stone_bricks":1,"minecraft:wheat_seeds":3,"minecraft:rabbit_hide":1,"minecraft:beef":3,"minecraft:rabbit":1,"minecraft:bamboo":7,"regions_unexplored:redwood_planks":2,"minecraft:melon_slice":45,"regions_unexplored:redwood_log":70,"minecraft:furnace":2,"minecraft:stick":4,"minecraft:cooked_porkchop":2,"regions_unexplored:salmonberry":28,"minecraft:torch":1,"minecraft:porkchop":12,"minecraft:sand":17,"alexsmobs:animal_dictionary":1,"artifacts:pocket_piston":1,"minecraft:mutton":6,"minecraft:white_wool":4,"minecraft:cobblestone":12},"minecraft:dropped":{"minecraft:wheat_seeds":2,"minecraft:melon_slice":2,"artifacts:pocket_piston":1,"minecraft:wooden_shovel":1,"minecraft:wooden_pickaxe":1}},"DataVersion":3465}