{"stats":{"minecraft:killed_by":{"minecraft:zombie":1,"iceandfire:fire_dragon":1,"iceandfire:lightning_dragon":8},"minecraft:mined":{"regions_unexplored:salmonberry_bush":14,"biomesoplenty:glowshroom":1,"minecraft:spruce_planks":2,"minecraft:white_bed":10,"iceandfire:copper_pile":1,"minecraft:obsidian":7,"minecraft:granite":50,"minecraft:grass_block":12,"iceandfire:lectern":1,"regions_unexplored:purple_coneflower":7,"minecraft:oxeye_daisy":1,"minecraft:spawner":54,"iceandfire:crackled_cobblestone":16,"minecraft:smooth_stone":1,"minecraft:tall_seagrass":2,"minecraft:cobbled_deepslate":1,"minecraft:fire":17,"regions_unexplored:redwood_planks":17,"minecraft:fletching_table":1,"minecraft:deepslate_lapis_ore":2,"minecraft:anvil":1,"minecraft:enchanting_table":2,"minecraft:dirt_path":1,"minecraft:iron_bars":32,"biomesoplenty:webbing":1,"minecraft:iron_block":32,"minecraft:green_bed":3,"biomesoplenty:glowworm_silk":1,"minecraft:red_bed":5,"minecraft:kelp_plant":1,"minecraft:torch":1,"minecraft:polished_andesite_stairs":1,"minecraft:calcite":8,"minecraft:melon":9,"minecraft:chest":1,"minecraft:cobblestone":52,"minecraft:oak_planks":6,"minecraft:cyan_bed":2,"minecraft:sugar_cane":3,"minecraft:wall_torch":3,"minecraft:amethyst_block":4,"minecraft:deepslate_copper_ore":1,"disenchanting_table:disenchanting_table":1,"minecraft:skeleton_skull":1,"minecraft:seagrass":3,"regions_unexplored:hyssop":2,"iceandfire:crackled_stone":16,"ecologics:seashell":1,"minecraft:wheat":2,"minecraft:lilac":1,"minecraft:smooth_stone_slab":1,"minecraft:stone_brick_stairs":1,"minecraft:grass":41,"regions_unexplored:oak_shrub":1,"minecraft:oak_log":2,"minecraft:sand":29,"minecraft:dirt":30,"minecraft:smooth_basalt":10,"minecraft:netherrack":1,"minecraft:oak_leaves":3,"minecraft:deepslate":55,"regions_unexplored:fireweed":1,"biomesoplenty:glowing_moss_block":1,"minecraft:tuff":1,"iceandfire:silver_ore":3,"minecraft:mossy_cobblestone":19,"gravestone:gravestone":15,"minecraft:nether_bricks":7,"minecraft:kelp":3,"ecologics:sandcastle":1,"minecraft:furnace":2,"minecraft:andesite":22,"treechop:chopped_log":4,"minecraft:mossy_stone_brick_stairs":1,"iceandfire:podium_oak":1,"minecraft:bookshelf":4,"minecraft:vine":14,"minecraft:stripped_oak_log":3,"regions_unexplored:medium_grass":27,"minecraft:bamboo":1,"minecraft:stone":253,"regions_unexplored:redwood_log":7,"sophisticatedbackpacks:backpack":2,"minecraft:podzol":4,"minecraft:scaffolding":1,"biomesoplenty:orange_sand":85,"minecraft:polished_granite":1,"minecraft:crafting_table":6,"minecraft:rose_bush":1,"minecraft:campfire":1,"minecraft:copper_ore":7,"minecraft:tall_grass":1,"minecraft:lapis_ore":2,"biomesoplenty:sprout":7,"delightful:wild_salmonberries":7,"minecraft:diorite":18,"biomesoplenty:mahogany_log":1,"minecraft:spruce_log":2,"regions_unexplored:redwood_leaves":6,"minecraft:yellow_bed":5,"minecraft:coal_ore":17,"minecraft:gray_carpet":1,"minecraft:cracked_stone_bricks":2,"minecraft:stone_bricks":9,"minecraft:polished_andesite":1,"minecraft:mossy_stone_bricks":9,"minecraft:fern":11},"minecraft:picked_up":{"minecraft:iron_chestplate":4,"minecraft:black_carpet":5,"minecraft:chainmail_boots":6,"minecraft:anvil":1,"minecraft:lead":1,"minecraft:diamond_sword":4,"minecraft:enchanted_book":4,"minecraft:potion":1,"minecraft:stone_brick_stairs":2,"minecraft:amethyst_block":8,"iceandfire:manuscript":15,"minecraft:string":16,"minecraft:raw_copper":31,"iceandfire:sea_serpent_scales_teal":4,"minecraft:smooth_stone_slab":1,"minecraft:armor_stand":1,"minecraft:smooth_stone":8,"minecraft:diamond_leggings":4,"minecraft:gold_nugget":6,"minecraft:cobbled_deepslate":52,"minecraft:spruce_planks":2,"minecraft:rose_bush":1,"minecraft:calcite":6,"minecraft:iron_pickaxe":2,"delightful:green_tea_leaf":1,"minecraft:melon_slice":80,"regions_unexplored:redwood_log":98,"minecraft:iron_boots":2,"minecraft:furnace":3,"minecraft:golden_helmet":2,"minecraft:tipped_arrow":3,"minecraft:stick":14,"explorerscompass:explorerscompass":4,"minecraft:torch":60,"minecraft:green_bed":3,"iceandfire:silver_ore":2,"minecraft:porkchop":12,"iceandfire:lightning_dragon_flesh":4,"minecraft:diorite":18,"minecraft:golden_chestplate":5,"minecraft:goat_horn":2,"minecraft:rabbit_foot":1,"minecraft:rotten_flesh":100,"artifacts:villager_hat":2,"biomesoplenty:mahogany_sapling":1,"aether:chainmail_gloves":2,"iceandfire:fire_dragon_heart":1,"minecraft:iron_block":18,"alexsdelight:raw_bison":13,"minecraft:obsidian":7,"minecraft:iron_bars":34,"minecraft:cod":7,"minecraft:cobblestone":309,"minecraft:enchanting_table":2,"minecraft:leather_chestplate":2,"minecraft:cooked_beef":1,"minecraft:lilac":1,"minecraft:andesite":12,"biomesoplenty:glowshroom":2,"minecraft:golden_leggings":4,"disenchanting_table:disenchanting_table":1,"minecraft:potato":23,"alexsmobs:bison_fur":2,"paraglider:spirit_orb":167,"minecraft:dirt":42,"minecraft:stripped_birch_log":2,"iceandfire:dragonscales_bronze":20,"minecraft:lantern":3,"minecraft:name_tag":2,"minecraft:bone":225,"minecraft:bow":12,"minecraft:wheat_seeds":17,"minecraft:raw_gold":8,"minecraft:fletching_table":1,"minecraft:mossy_stone_bricks":9,"minecraft:diamond_helmet":3,"minecraft:rabbit":11,"minecraft:bamboo":7,"minecraft:oak_planks":108,"minecraft:mossy_stone_brick_stairs":1,"iceandfire:dragonscales_amythest":6,"iceandfire:amphithere_feather":2,"minecraft:cooked_porkchop":13,"regions_unexplored:salmonberry":38,"iceandfire:dragon_skull_fire":2,"minecraft:sand":29,"iceandfire:lightning_dragon_heart":1,"minecraft:ink_sac":3,"minecraft:cyan_bed":2,"minecraft:barrel":1,"minecraft:trapped_chest":1,"alexsmobs:animal_dictionary":1,"minecraft:mossy_cobblestone":17,"minecraft:polished_andesite":6,"regions_unexplored:hyssop":2,"minecraft:sugar":4,"iceandfire:crackled_stone":15,"iceandfire:lectern":1,"waystones:waystone":5,"minecraft:crossbow":4,"minecraft:granite":62,"minecraft:golden_apple":1,"minecraft:emerald":1,"minecraft:chainmail_helmet":1,"minecraft:bread":31,"iceandfire:troll_leather_forest":3,"minecraft:oak_sapling":4,"minecraft:netherrack":1,"iceandfire:raw_silver":1,"minecraft:diamond_pickaxe":3,"iceandfire:dragon_skull_lightning":1,"minecraft:charcoal":2,"minecraft:crafting_table":10,"minecraft:clay_ball":4,"iceandfire:witherbone":3,"minecraft:leather_leggings":3,"minecraft:brown_mushroom":2,"ecologics:seashell":3,"minecraft:cooked_rabbit":6,"gravestone:obituary":10,"minecraft:shield":6,"aether:leather_gloves":2,"minecraft:red_bed":5,"minecraft:moss_carpet":1,"minecraft:iron_axe":1,"minecraft:compass":1,"minecraft:iron_shovel":4,"alexsdelight:cooked_bison":4,"dungeonnowloading:spawner_fragment":268,"iceandfire:bestiary":1,"minecraft:cracked_stone_bricks":2,"biomesoplenty:black_sand":1,"minecraft:beef":22,"regions_unexplored:redwood_planks":22,"minecraft:sugar_cane":1,"minecraft:chest":2,"minecraft:phantom_membrane":4,"minecraft:egg":1,"minecraft:raw_iron":19,"iceandfire:dragonbone":25,"iceandfire:troll_tusk":2,"regions_unexplored:redwood_boat":8,"minecraft:spruce_fence":1,"sophisticatedbackpacks:backpack":7,"minecraft:carrot":1,"minecraft:redstone":2,"iceandfire:dragonegg_electric":1,"regions_unexplored:purple_coneflower":21,"artifacts:cowboy_hat":1,"iceandfire:silver_ingot":2,"minecraft:arrow":180,"minecraft:nether_bricks":5,"minecraft:diamond_boots":3,"sophisticatedbackpacks:copper_backpack":2,"minecraft:saddle":1,"minecraft:gold_ingot":11,"artifacts:pocket_piston":6,"minecraft:mutton":18,"biomesoplenty:orange_sand":85,"minecraft:skeleton_skull":2,"minecraft:white_wool":12,"minecraft:oxeye_daisy":1,"minecraft:stripped_oak_log":3,"minecraft:glow_ink_sac":1,"minecraft:clock":1,"iceandfire:sea_serpent_fang":1,"artifacts:novelty_drinking_hat":1,"minecraft:salmon":1,"minecraft:leather":14,"artifacts:onion_ring":1,"minecraft:oak_log":72,"minecraft:chainmail_chestplate":1,"iceandfire:ectoplasm":7,"minecraft:yellow_bed":5,"minecraft:gunpowder":29,"minecraft:paper":15,"biomesoplenty:glowing_moss_carpet":2,"minecraft:cooked_mutton":10,"minecraft:apple":10,"minecraft:stone_bricks":8,"minecraft:kelp":11,"minecraft:rabbit_hide":5,"minecraft:iron_ingot":21,"minecraft:stone_pickaxe":3,"minecraft:cobweb":2,"artifacts:kitty_slippers":1,"minecraft:iron_sword":5,"iceandfire:fire_dragon_flesh":3,"iceandfire:crackled_cobblestone":12,"minecraft:polished_andesite_stairs":1,"minecraft:book":32,"minecraft:scaffolding":1,"minecraft:oak_slab":1,"iceandfire:copper_nugget":140,"minecraft:smooth_basalt":8,"minecraft:gravel":1,"delightful:salmonberries":7,"minecraft:white_bed":11,"minecraft:spruce_log":10,"biomesoplenty:glowing_moss_block":2,"minecraft:spider_eye":8,"minecraft:leather_helmet":1,"biomesoplenty:mahogany_log":21,"minecraft:diamond_shovel":1,"minecraft:coal_ore":30,"minecraft:slime_ball":13,"regions_unexplored:fireweed":1,"minecraft:stone_axe":1,"minecraft:chainmail_leggings":3,"minecraft:iron_helmet":5,"minecraft:mossy_cobblestone_stairs":1,"minecraft:gray_wool":1,"iceandfire:troll_skull":2,"minecraft:melon_seeds":4,"minecraft:coal":148},"minecraft:killed":{"minecraft:cave_spider":1,"minecraft:witch":1,"minecraft:spider":19,"minecraft:skeleton":79,"minecraft:silverfish":4,"artifacts:mimic":3,"theorcs:orc_grunt":1,"minecraft:parrot":1,"minecraft:pig":6,"minecraft:zombie_villager":1,"minecraft:creeper":11,"minecraft:sheep":11,"minecraft:pillager":2,"minecraft:zombie":90,"alexsmobs:terrapin":1,"cataclysm:deepling":1,"minecraft:stray":12,"iceandfire:lightning_dragon":2,"iceandfire:sea_serpent":1,"minecraft:cow":11,"minecraft:endermite":1,"minecraft:slime":11,"iceandfire:fire_dragon":1,"alexsmobs:bison":2,"minecraft:drowned":3,"iceandfire:amphithere":1,"iceandfire:troll":1,"minecraft:rabbit":7,"minecraft:bat":1,"iceandfire:ghost":9,"minecraft:wither_skeleton":7},"minecraft:used":{"iceandfire:lectern":1,"farmersdelight:onion_crate":3,"ecologics:sandcastle":2,"minecraft:iron_shovel":102,"minecraft:chest":2,"minecraft:shield":329,"regions_unexplored:salmonberry":31,"minecraft:rotten_flesh":11,"minecraft:iron_chestplate":1,"minecraft:carrot":15,"minecraft:lantern":1,"regions_unexplored:redwood_boat":9,"minecraft:bow":1,"minecraft:furnace":8,"minecraft:mossy_stone_bricks":17,"minecraft:diorite":10,"minecraft:stone_pickaxe":146,"minecraft:oak_planks":23,"minecraft:ender_pearl":1,"minecraft:wooden_pickaxe":9,"minecraft:diamond_axe":23,"minecraft:golden_apple":12,"morebowsandarrows:obsidian_bow":347,"minecraft:sand":1,"regions_unexplored:redwood_planks":128,"minecraft:crossbow":30,"waystones:waystone":4,"sophisticatedbackpacks:backpack":2,"iceandfire:dragonbone_sword":249,"minecraft:cyan_bed":2,"minecraft:bread":49,"minecraft:melon_slice":49,"minecraft:diamond_sword":703,"iceandfire:dragon_skull_fire":2,"minecraft:andesite":3,"minecraft:cooked_rabbit":9,"minecraft:experience_bottle":4,"iceandfire:troll_skull":2,"minecraft:rose_bush":1,"minecraft:iron_bars":4,"minecraft:enchanting_table":1,"minecraft:stone_sword":13,"minecraft:spruce_planks":2,"minecraft:wooden_shovel":21,"minecraft:torch":88,"minecraft:dirt":28,"minecraft:granite":2,"minecraft:iron_axe":33,"minecraft:smooth_basalt":6,"minecraft:golden_carrot":11,"minecraft:goat_horn":47,"minecraft:trapped_chest":1,"minecraft:cooked_beef":26,"minecraft:cobbled_deepslate":5,"alexsdelight:cooked_bison":11,"minecraft:calcite":6,"minecraft:cooked_mutton":26,"iceandfire:fire_dragon_flesh":1,"minecraft:water_bucket":21,"minecraft:rabbit":2,"iceandfire:crackled_stone":9,"minecraft:fletching_table":1,"minecraft:green_bed":2,"delightful:salmonberries":7,"minecraft:mossy_cobblestone":51,"minecraft:crafting_table":17,"minecraft:red_bed":4,"minecraft:cod":7,"minecraft:white_bed":12,"disenchanting_table:disenchanting_table":2,"minecraft:oak_log":10,"minecraft:diamond_pickaxe":439,"minecraft:apple":21,"minecraft:iron_pickaxe":155,"minecraft:stone_axe":153,"iceandfire:crackled_cobblestone":7,"minecraft:cobblestone":186,"minecraft:potion":7,"minecraft:cooked_porkchop":14,"minecraft:bucket":22,"minecraft:yellow_bed":5,"alexsmobs:animal_dictionary":3},"minecraft:custom":{"minecraft:interact_with_crafting_table":65,"minecraft:open_barrel":10,"minecraft:eat_cake_slice":8,"minecraft:leave_game":8,"minecraft:time_since_death":6529,"minecraft:damage_resisted":52,"minecraft:sprint_one_cm":1295037,"minecraft:damage_blocked_by_shield":22474,"minecraft:drop":305,"minecraft:talked_to_villager":7,"minecraft:play_time":617047,"minecraft:deaths":30,"minecraft:jump":7193,"minecraft:walk_on_water_one_cm":168120,"minecraft:interact_with_furnace":119,"minecraft:sleep_in_bed":31,"minecraft:waystone_activated":6,"minecraft:damage_dealt":49121,"minecraft:crouch_one_cm":60346,"minecraft:interact_with_smoker":4,"minecraft:interact_with_anvil":9,"minecraft:mob_kills":315,"minecraft:inspect_hopper":1,"minecraft:climb_one_cm":25370,"minecraft:walk_one_cm":1768496,"minecraft:sneak_time":16840,"minecraft:walk_under_water_one_cm":171036,"minecraft:interact_with_lectern":4,"minecraft:interact_with_blast_furnace":2,"minecraft:total_world_time":617047,"minecraft:time_since_rest":6554,"minecraft:damage_taken":32182,"minecraft:damage_absorbed":624,"minecraft:trigger_trapped_chest":7,"minecraft:swim_one_cm":203359,"minecraft:fly_one_cm":1463535,"minecraft:open_chest":407,"minecraft:fall_one_cm":222766},"minecraft:crafted":{"minecraft:oak_planks":16,"minecraft:smooth_stone":8,"minecraft:stone":15,"sophisticatedbackpacks:crafting_upgrade":1,"minecraft:cracked_stone_bricks":5,"minecraft:cooked_mutton":26,"disenchanting_table:disenchanting_table":1,"iceandfire:forest_troll_leather_helmet":1,"minecraft:glass":12,"minecraft:iron_boots":2,"explorerscompass:explorerscompass":1,"minecraft:chest":3,"minecraft:stone_bricks":4,"minecraft:cooked_rabbit":4,"minecraft:glass_bottle":6,"minecraft:wooden_shovel":1,"sophisticatedbackpacks:backpack":1,"minecraft:cooked_porkchop":12,"minecraft:diamond_axe":1,"minecraft:crafting_table":12,"minecraft:spruce_planks":8,"minecraft:iron_helmet":1,"minecraft:wooden_pickaxe":3,"ecologics:sandcastle":2,"sophisticatedbackpacks:upgrade_base":1,"morebowsandarrows:obsidian_bow":1,"minecraft:iron_chestplate":1,"minecraft:shield":4,"naturescompass:naturescompass":1,"minecraft:stick":36,"minecraft:iron_pickaxe":2,"minecraft:iron_ingot":54,"minecraft:iron_block":2,"iceandfire:armor_bronze_helmet":1,"biomesoplenty:mahogany_planks":64,"minecraft:furnace":6,"alexsdelight:cooked_bison":13,"minecraft:iron_axe":2,"minecraft:stone_pickaxe":3,"minecraft:cooked_beef":15,"iceandfire:dragonbone_sword":1,"iceandfire:silver_ingot":2,"iceandfire:armor_bronze_boots":1,"minecraft:bucket":2,"minecraft:stone_axe":1,"minecraft:air":0,"regions_unexplored:redwood_planks":140,"minecraft:iron_leggings":1,"minecraft:iron_shovel":2,"minecraft:white_bed":2,"regions_unexplored:redwood_boat":3,"iceandfire:armor_bronze_leggings":1},"minecraft:broken":{"aether:golden_gloves":1,"minecraft:iron_boots":1,"iceandfire:armor_bronze_boots":1,"iceandfire:armor_bronze_leggings":1,"minecraft:stone_axe":1,"iceandfire:armor_bronze_helmet":1,"aether:chainmail_gloves":1,"minecraft:diamond_chestplate":1,"minecraft:shield":5,"minecraft:iron_helmet":2},"minecraft:dropped":{"iceandfire:raw_silver":1,"minecraft:iron_sword":5,"minecraft:brown_mushroom":2,"minecraft:glow_ink_sac":1,"minecraft:glass_bottle":1,"minecraft:crafting_table":1,"minecraft:crossbow":1,"biomesoplenty:black_sand":1,"minecraft:leather":1,"minecraft:cracked_stone_bricks":1,"iceandfire:ectoplasm":2,"minecraft:leather_helmet":1,"minecraft:emerald":1,"minecraft:music_disc_13":1,"paraglider:spirit_orb":49,"minecraft:dirt":2,"regions_unexplored:purple_coneflower":16,"gravestone:obituary":35,"minecraft:gold_nugget":6,"minecraft:sugar":2,"minecraft:iron_pickaxe":1,"artifacts:cowboy_hat":1,"minecraft:bone":24,"minecraft:gravel":1,"minecraft:stone_axe":2,"bountiful:bounty":1,"minecraft:cobbled_deepslate":42,"minecraft:golden_chestplate":4,"minecraft:rotten_flesh":65,"artifacts:villager_hat":2,"aether:leather_gloves":2,"minecraft:diamond_shovel":2,"minecraft:cooked_mutton":3,"regions_unexplored:redwood_planks":3,"minecraft:salmon":1,"biomesoplenty:glowing_moss_block":2,"minecraft:carrot":1,"biomesoplenty:glowing_moss_carpet":2,"minecraft:leather_chestplate":1,"minecraft:gunpowder":27,"minecraft:skeleton_skull":1,"minecraft:charcoal":2,"iceandfire:crackled_cobblestone":5,"minecraft:melon_seeds":8,"minecraft:chest":1,"minecraft:chainmail_boots":3,"minecraft:leather_leggings":2,"minecraft:iron_bars":15,"minecraft:beef":5,"minecraft:scaffolding":1,"minecraft:netherrack":1,"biomesoplenty:mahogany_log":5,"minecraft:egg":1,"minecraft:enchanted_book":1,"minecraft:iron_ingot":8,"minecraft:bread":3,"regions_unexplored:fireweed":1,"minecraft:wheat_seeds":11,"minecraft:golden_helmet":1,"minecraft:lilac":1,"minecraft:mossy_cobblestone":4,"minecraft:diamond_leggings":1,"minecraft:iron_helmet":1,"minecraft:cobblestone":27,"minecraft:lead":1,"delightful:green_tea_leaf":1,"minecraft:granite":60,"minecraft:coal":14,"minecraft:polished_andesite":1,"minecraft:stick":7,"minecraft:cobweb":2,"minecraft:diorite":8,"minecraft:ink_sac":3,"iceandfire:copper_nugget":54,"minecraft:rabbit":2,"minecraft:melon_slice":12,"minecraft:diamond_helmet":2,"minecraft:potion":2,"minecraft:stripped_birch_log":2,"minecraft:polished_andesite_stairs":1,"minecraft:iron_axe":1,"biomesoplenty:glowshroom":2,"minecraft:mossy_cobblestone_stairs":1,"regions_unexplored:redwood_boat":1,"minecraft:smooth_stone":8,"minecraft:iron_shovel":2,"minecraft:chainmail_leggings":2,"minecraft:string":10,"minecraft:bucket":1,"minecraft:redstone":4,"minecraft:furnace":1,"minecraft:moss_carpet":1,"minecraft:kelp":11,"minecraft:stone_sword":1,"minecraft:raw_copper":31,"minecraft:smooth_stone_slab":1,"minecraft:green_bed":1,"minecraft:raw_iron":4,"minecraft:clay_ball":4,"regions_unexplored:hyssop":1,"minecraft:nether_bricks":4,"minecraft:spruce_fence":1,"minecraft:diamond_sword":1,"minecraft:filled_map":1,"minecraft:shield":3,"minecraft:spruce_planks":3,"minecraft:diamond_pickaxe":1,"minecraft:andesite":8,"minecraft:mossy_stone_bricks":4,"artifacts:pocket_piston":1,"minecraft:wooden_shovel":1,"minecraft:stone_bricks":5,"minecraft:spider_eye":5,"minecraft:diamond_boots":2,"minecraft:slime_ball":8,"minecraft:spruce_log":8,"sophisticatedbackpacks:copper_backpack":1,"minecraft:bow":3,"minecraft:stone_pickaxe":5,"minecraft:wooden_pickaxe":3,"minecraft:raw_gold":2,"iceandfire:crackled_stone":6,"minecraft:cooked_rabbit":2}},"DataVersion":3465}