{"stats":{"minecraft:custom":{"minecraft:interact_with_crafting_table":73,"minecraft:open_barrel":21,"minecraft:eat_cake_slice":8,"minecraft:leave_game":9,"minecraft:time_since_death":86454,"minecraft:damage_resisted":52,"minecraft:sprint_one_cm":1441742,"minecraft:damage_blocked_by_shield":22549,"minecraft:drop":395,"minecraft:talked_to_villager":7,"minecraft:play_time":741851,"minecraft:deaths":34,"minecraft:jump":8544,"minecraft:walk_on_water_one_cm":172964,"minecraft:interact_with_furnace":146,"minecraft:interact_with_loom":4,"minecraft:sleep_in_bed":35,"minecraft:waystone_activated":7,"minecraft:damage_dealt":51662,"minecraft:crouch_one_cm":79978,"minecraft:interact_with_smoker":4,"minecraft:interact_with_anvil":13,"minecraft:mob_kills":346,"minecraft:inspect_hopper":1,"minecraft:climb_one_cm":26715,"minecraft:walk_one_cm":2038791,"minecraft:sneak_time":22474,"minecraft:walk_under_water_one_cm":172955,"minecraft:interact_with_lectern":4,"minecraft:interact_with_blast_furnace":2,"minecraft:total_world_time":741851,"minecraft:interact_with_grindstone":2,"minecraft:time_since_rest":86483,"minecraft:damage_taken":36363,"minecraft:damage_absorbed":704,"minecraft:trigger_trapped_chest":7,"minecraft:swim_one_cm":209657,"minecraft:fly_one_cm":1707416,"minecraft:open_chest":481,"minecraft:fall_one_cm":262445},"minecraft:mined":{"regions_unexplored:salmonberry_bush":14,"biomesoplenty:glowshroom":1,"minecraft:spruce_planks":2,"minecraft:white_bed":10,"iceandfire:copper_pile":1,"biomesoplenty:burning_blossom":2,"minecraft:obsidian":7,"minecraft:granite":50,"minecraft:grass_block":18,"iceandfire:lectern":1,"regions_unexplored:purple_coneflower":7,"minecraft:oxeye_daisy":1,"minecraft:spawner":58,"iceandfire:crackled_cobblestone":16,"minecraft:smooth_stone":1,"minecraft:tall_seagrass":2,"minecraft:cobbled_deepslate":1,"minecraft:fire":60,"regions_unexplored:redwood_planks":17,"minecraft:anvil":1,"minecraft:deepslate_lapis_ore":2,"minecraft:fletching_table":1,"minecraft:enchanting_table":2,"minecraft:flowering_azalea_leaves":1,"minecraft:dirt_path":1,"minecraft:iron_bars":32,"biomesoplenty:webbing":1,"minecraft:azalea_leaves":2,"minecraft:iron_block":32,"minecraft:green_bed":3,"minecraft:red_bed":10,"minecraft:kelp_plant":1,"biomesoplenty:glowworm_silk":1,"regions_unexplored:white_magnolia_leaves":1,"minecraft:torch":1,"minecraft:calcite":8,"minecraft:polished_andesite_stairs":1,"minecraft:melon":9,"minecraft:chest":1,"minecraft:nether_quartz_ore":77,"regions_unexplored:cobalt_roots":1,"minecraft:grindstone":1,"minecraft:cobblestone":53,"minecraft:oak_planks":6,"minecraft:sugar_cane":3,"regions_unexplored:meadow_sage":1,"minecraft:cyan_bed":2,"minecraft:wall_torch":3,"minecraft:amethyst_block":4,"minecraft:deepslate_copper_ore":1,"disenchanting_table:disenchanting_table":1,"minecraft:skeleton_skull":1,"minecraft:seagrass":3,"regions_unexplored:hyssop":4,"iceandfire:crackled_stone":16,"ecologics:seashell":1,"biomesoplenty:large_rose_quartz_bud":1,"minecraft:wheat":2,"minecraft:lilac":1,"minecraft:stone_brick_stairs":1,"minecraft:smooth_stone_slab":1,"minecraft:grass":47,"minecraft:nether_gold_ore":6,"regions_unexplored:oak_shrub":1,"minecraft:oak_log":2,"minecraft:sand":29,"minecraft:dirt":30,"minecraft:ancient_debris":2,"minecraft:smooth_basalt":10,"minecraft:wither_skeleton_skull":1,"minecraft:netherrack":536,"minecraft:oak_leaves":4,"minecraft:deepslate":55,"regions_unexplored:fireweed":1,"biomesoplenty:glowing_moss_block":1,"minecraft:tuff":1,"iceandfire:silver_ore":3,"minecraft:mossy_cobblestone":19,"minecraft:nether_bricks":7,"gravestone:gravestone":19,"regions_unexplored:hanging_earlight":1,"minecraft:kelp":3,"minecraft:rooted_dirt":1,"ecologics:sandcastle":1,"minecraft:furnace":8,"regions_unexplored:white_magnolia_shrub":1,"minecraft:andesite":22,"treechop:chopped_log":6,"biomesoplenty:willow_vine":3,"minecraft:mossy_stone_brick_stairs":1,"iceandfire:podium_oak":1,"minecraft:bookshelf":8,"minecraft:vine":14,"minecraft:stripped_oak_log":3,"regions_unexplored:medium_grass":28,"minecraft:bamboo":6,"minecraft:stone":253,"regions_unexplored:redwood_log":7,"sophisticatedbackpacks:backpack":2,"minecraft:podzol":4,"minecraft:scaffolding":1,"biomesoplenty:orange_sand":97,"minecraft:polished_granite":1,"minecraft:crafting_table":7,"minecraft:rose_bush":1,"minecraft:campfire":1,"minecraft:tall_grass":1,"minecraft:copper_ore":7,"biomesoplenty:sprout":8,"minecraft:lapis_ore":2,"delightful:wild_salmonberries":7,"minecraft:diorite":18,"biomesoplenty:mahogany_log":1,"minecraft:spruce_log":2,"regions_unexplored:redwood_leaves":6,"minecraft:yellow_bed":5,"minecraft:cyan_carpet":1,"minecraft:coal_ore":17,"minecraft:gray_carpet":1,"minecraft:cracked_stone_bricks":2,"minecraft:stone_bricks":9,"minecraft:polished_andesite":1,"minecraft:mossy_stone_bricks":9,"minecraft:fern":14},"minecraft:broken":{"aether:golden_gloves":1,"minecraft:iron_boots":2,"iceandfire:armor_bronze_boots":1,"iceandfire:armor_bronze_leggings":1,"minecraft:stone_axe":1,"iceandfire:armor_bronze_helmet":1,"aether:chainmail_gloves":1,"minecraft:diamond_chestplate":1,"minecraft:shield":5,"minecraft:iron_helmet":2},"minecraft:used":{"alexsmobs:emu_egg":2,"iceandfire:lectern":1,"farmersdelight:onion_crate":3,"ecologics:sandcastle":2,"minecraft:iron_shovel":114,"minecraft:chest":2,"minecraft:shield":330,"regions_unexplored:salmonberry":31,"minecraft:rotten_flesh":11,"minecraft:iron_chestplate":1,"minecraft:carrot":15,"minecraft:lantern":1,"regions_unexplored:redwood_boat":9,"minecraft:bow":1,"minecraft:furnace":8,"minecraft:egg":1,"minecraft:mossy_stone_bricks":17,"minecraft:diorite":10,"minecraft:stone_pickaxe":146,"minecraft:oak_planks":23,"minecraft:ender_pearl":1,"minecraft:wooden_pickaxe":9,"minecraft:diamond_axe":42,"minecraft:golden_apple":12,"morebowsandarrows:obsidian_bow":453,"minecraft:sand":1,"regions_unexplored:redwood_planks":128,"minecraft:crossbow":30,"waystones:waystone":5,"sophisticatedbackpacks:backpack":2,"iceandfire:dragonbone_sword":265,"minecraft:bread":60,"minecraft:cyan_bed":2,"minecraft:melon_slice":49,"minecraft:cyan_carpet":1,"regions_unexplored:hanging_earlight_fruit":1,"minecraft:diamond_sword":742,"iceandfire:dragon_skull_fire":2,"minecraft:grindstone":1,"minecraft:andesite":3,"minecraft:cooked_rabbit":9,"minecraft:experience_bottle":4,"delightful:acorn":1,"iceandfire:troll_skull":2,"minecraft:rose_bush":1,"minecraft:iron_bars":4,"minecraft:enchanting_table":1,"minecraft:stone_sword":13,"minecraft:spruce_planks":2,"morebowsandarrows:diamond_bow":29,"minecraft:wooden_shovel":21,"minecraft:netherrack":101,"minecraft:torch":88,"minecraft:dirt":34,"minecraft:anvil":1,"minecraft:granite":2,"minecraft:iron_axe":33,"biomesoplenty:orange_sand":1,"minecraft:totem_of_undying":1,"minecraft:smooth_basalt":6,"minecraft:golden_carrot":11,"minecraft:goat_horn":55,"minecraft:trapped_chest":1,"minecraft:cooked_beef":26,"minecraft:cobbled_deepslate":5,"alexsdelight:cooked_bison":13,"minecraft:calcite":6,"minecraft:cooked_mutton":35,"minecraft:water_bucket":23,"iceandfire:fire_dragon_flesh":1,"minecraft:rabbit":2,"iceandfire:crackled_stone":9,"minecraft:fletching_table":1,"minecraft:green_bed":2,"iceandfire:dragon_skull_lightning":6,"delightful:salmonberries":7,"minecraft:mossy_cobblestone":51,"minecraft:crafting_table":17,"minecraft:red_bed":10,"minecraft:cod":7,"minecraft:white_bed":12,"regions_unexplored:magnolia_planks":3,"disenchanting_table:disenchanting_table":2,"minecraft:oak_log":10,"minecraft:diamond_pickaxe":993,"minecraft:apple":29,"minecraft:iron_pickaxe":241,"minecraft:stone_axe":153,"iceandfire:crackled_cobblestone":7,"minecraft:cobblestone":215,"minecraft:potion":7,"minecraft:cooked_porkchop":14,"minecraft:bucket":24,"minecraft:yellow_bed":5,"alexsmobs:animal_dictionary":3},"minecraft:killed":{"minecraft:cave_spider":1,"minecraft:witch":1,"minecraft:spider":19,"minecraft:skeleton":81,"minecraft:silverfish":4,"theorcs:orc_boss":1,"minecraft:piglin_brute":2,"artifacts:mimic":3,"minecraft:piglin":1,"theorcs:orc_grunt":3,"minecraft:parrot":1,"theorcs:orc_ranger":4,"minecraft:pig":7,"minecraft:zombie_villager":1,"minecraft:creeper":11,"minecraft:sheep":15,"minecraft:pillager":2,"minecraft:zombie":90,"alexsmobs:terrapin":1,"cataclysm:deepling":1,"minecraft:stray":12,"minecraft:blaze":2,"iceandfire:lightning_dragon":2,"theorcs:orc_shaman":3,"iceandfire:sea_serpent":1,"minecraft:cow":11,"alexsmobs:dropbear":1,"minecraft:endermite":1,"minecraft:slime":11,"iceandfire:fire_dragon":2,"alexsmobs:bison":6,"minecraft:drowned":3,"iceandfire:cyclops":1,"iceandfire:amphithere":1,"iceandfire:troll":1,"minecraft:rabbit":7,"minecraft:bat":1,"iceandfire:ghost":9,"minecraft:wither_skeleton":8},"minecraft:killed_by":{"minecraft:zombie":1,"iceandfire:fire_dragon":1,"iceandfire:lightning_dragon":8},"minecraft:crafted":{"minecraft:smooth_stone":8,"minecraft:oak_planks":24,"minecraft:stone":15,"sophisticatedbackpacks:crafting_upgrade":1,"minecraft:cracked_stone_bricks":5,"minecraft:cooked_mutton":35,"disenchanting_table:disenchanting_table":1,"iceandfire:forest_troll_leather_helmet":1,"minecraft:glass":49,"minecraft:iron_boots":2,"explorerscompass:explorerscompass":1,"minecraft:chest":3,"minecraft:stone_bricks":4,"minecraft:cooked_rabbit":4,"minecraft:glass_bottle":36,"minecraft:wooden_shovel":1,"sophisticatedbackpacks:backpack":1,"minecraft:cooked_porkchop":15,"minecraft:diamond_axe":1,"minecraft:crafting_table":12,"minecraft:spruce_planks":8,"minecraft:wooden_pickaxe":3,"minecraft:iron_helmet":1,"iceandfire:armor_red_chestplate":1,"ecologics:sandcastle":2,"sophisticatedbackpacks:upgrade_base":1,"morebowsandarrows:obsidian_bow":1,"minecraft:iron_chestplate":1,"minecraft:shield":5,"naturescompass:naturescompass":1,"minecraft:stick":48,"minecraft:iron_pickaxe":2,"minecraft:iron_ingot":85,"minecraft:iron_block":2,"iceandfire:dragon_horn":1,"iceandfire:armor_bronze_helmet":1,"biomesoplenty:mahogany_planks":152,"morebowsandarrows:diamond_bow":1,"minecraft:furnace":6,"iceandfire:armor_amythest_helmet":1,"alexsdelight:cooked_bison":36,"minecraft:iron_axe":2,"minecraft:stone_pickaxe":3,"regions_unexplored:magnolia_planks":8,"minecraft:cooked_beef":15,"paraglider:paraglider":1,"iceandfire:dragonbone_sword":1,"iceandfire:silver_ingot":2,"iceandfire:armor_bronze_boots":2,"minecraft:bucket":2,"minecraft:stone_axe":1,"minecraft:air":0,"regions_unexplored:redwood_planks":140,"minecraft:iron_shovel":2,"minecraft:iron_leggings":1,"minecraft:white_bed":2,"regions_unexplored:redwood_boat":3,"iceandfire:armor_bronze_leggings":1},"minecraft:dropped":{"regions_unexplored:brimwood_sapling":1,"iceandfire:raw_silver":1,"minecraft:iron_sword":5,"minecraft:brown_mushroom":2,"regions_unexplored:magnolia_log":8,"minecraft:oak_log":7,"minecraft:glow_ink_sac":1,"minecraft:glass_bottle":1,"minecraft:crafting_table":1,"minecraft:crossbow":1,"biomesoplenty:black_sand":1,"minecraft:leather":1,"iceandfire:ectoplasm":2,"minecraft:cracked_stone_bricks":1,"regions_unexplored:magnolia_sapling":5,"minecraft:leather_helmet":1,"minecraft:emerald":1,"minecraft:music_disc_13":1,"paraglider:spirit_orb":49,"minecraft:dirt":2,"regions_unexplored:purple_coneflower":16,"gravestone:obituary":43,"minecraft:gold_nugget":6,"minecraft:sugar":2,"minecraft:iron_pickaxe":2,"minecraft:white_wool":5,"artifacts:cowboy_hat":1,"minecraft:bone":28,"minecraft:gravel":1,"regions_unexplored:brimwood_log":4,"minecraft:stone_axe":2,"minecraft:golden_chestplate":4,"bountiful:bounty":1,"minecraft:cobbled_deepslate":42,"minecraft:rotten_flesh":65,"artifacts:villager_hat":2,"aether:leather_gloves":2,"minecraft:diamond_shovel":2,"minecraft:cooked_mutton":3,"regions_unexplored:redwood_planks":3,"minecraft:carrot":1,"biomesoplenty:glowing_moss_block":2,"minecraft:salmon":1,"biomesoplenty:glowing_moss_carpet":2,"minecraft:leather_chestplate":1,"minecraft:gunpowder":29,"minecraft:skeleton_skull":1,"minecraft:charcoal":2,"minecraft:melon_seeds":8,"minecraft:chest":1,"iceandfire:crackled_cobblestone":5,"minecraft:chainmail_boots":3,"minecraft:leather_leggings":2,"minecraft:arrow":1,"minecraft:iron_bars":15,"minecraft:beef":5,"biomesoplenty:mahogany_sapling":3,"minecraft:quartz":63,"minecraft:scaffolding":1,"minecraft:netherrack":146,"biomesoplenty:mahogany_log":5,"minecraft:egg":1,"minecraft:enchanted_book":5,"minecraft:iron_ingot":8,"minecraft:bread":3,"regions_unexplored:magnolia_planks":5,"regions_unexplored:fireweed":1,"minecraft:wheat_seeds":14,"minecraft:golden_helmet":1,"minecraft:lilac":1,"minecraft:mossy_cobblestone":4,"minecraft:diamond_leggings":1,"minecraft:iron_helmet":1,"minecraft:cobblestone":32,"minecraft:lead":1,"delightful:green_tea_leaf":3,"minecraft:granite":60,"iceandfire:cyclops_eye":3,"minecraft:coal":18,"regions_unexplored:daisy":1,"minecraft:stick":26,"minecraft:polished_andesite":1,"minecraft:cobweb":2,"minecraft:diorite":8,"minecraft:ink_sac":3,"iceandfire:copper_nugget":54,"minecraft:brown_wool":1,"minecraft:rabbit":2,"minecraft:melon_slice":12,"minecraft:diamond_helmet":2,"minecraft:stripped_birch_log":2,"minecraft:potion":2,"minecraft:polished_andesite_stairs":1,"minecraft:iron_axe":1,"artifacts:rooted_boots":1,"regions_unexplored:redwood_boat":1,"biomesoplenty:glowshroom":2,"minecraft:mossy_cobblestone_stairs":1,"minecraft:string":10,"minecraft:smooth_stone":8,"minecraft:iron_shovel":2,"minecraft:bucket":1,"minecraft:chainmail_leggings":2,"iceandfire:dragon_skull_fire":1,"minecraft:redstone":4,"minecraft:moss_carpet":1,"minecraft:furnace":1,"minecraft:kelp":11,"regions_unexplored:bamboo_log":43,"minecraft:stone_sword":1,"minecraft:raw_copper":31,"minecraft:smooth_stone_slab":1,"minecraft:green_bed":1,"minecraft:raw_iron":4,"minecraft:clay_ball":4,"regions_unexplored:hyssop":2,"minecraft:nether_bricks":4,"minecraft:spruce_fence":1,"minecraft:diamond_sword":1,"minecraft:filled_map":1,"minecraft:shield":3,"aether:iron_gloves":1,"minecraft:spruce_planks":3,"minecraft:diamond_pickaxe":1,"minecraft:andesite":8,"minecraft:mossy_stone_bricks":4,"minecraft:oak_sapling":6,"artifacts:pocket_piston":1,"minecraft:wooden_shovel":1,"minecraft:bamboo":15,"minecraft:stone_bricks":5,"minecraft:diamond_boots":2,"minecraft:slime_ball":8,"minecraft:spider_eye":5,"sophisticatedbackpacks:copper_backpack":1,"minecraft:spruce_log":8,"minecraft:bow":4,"minecraft:stone_pickaxe":5,"minecraft:wooden_pickaxe":3,"minecraft:raw_gold":2,"iceandfire:crackled_stone":6,"minecraft:cooked_rabbit":2,"regions_unexplored:white_magnolia_sapling":4},"minecraft:picked_up":{"biomesoplenty:burning_blossom":1,"minecraft:iron_chestplate":4,"minecraft:black_carpet":5,"minecraft:anvil":1,"minecraft:chainmail_boots":6,"regions_unexplored:magnolia_log":10,"minecraft:lead":1,"minecraft:diamond_sword":4,"aether:iron_gloves":1,"minecraft:enchanted_book":5,"minecraft:potion":1,"minecraft:stone_brick_stairs":2,"minecraft:amethyst_block":8,"iceandfire:manuscript":15,"minecraft:string":16,"minecraft:raw_copper":31,"iceandfire:sea_serpent_scales_teal":4,"minecraft:smooth_stone_slab":1,"minecraft:armor_stand":1,"alexsmobs:dropbear_claw":5,"minecraft:diamond_leggings":4,"minecraft:smooth_stone":8,"minecraft:gold_nugget":20,"minecraft:cobbled_deepslate":52,"minecraft:spruce_planks":2,"delightful:acorn":1,"minecraft:rose_bush":1,"minecraft:calcite":6,"iceandfire:dragonscales_red":8,"minecraft:iron_pickaxe":3,"delightful:green_tea_leaf":3,"minecraft:melon_slice":80,"regions_unexplored:redwood_log":98,"minecraft:iron_boots":2,"minecraft:furnace":9,"minecraft:golden_helmet":2,"minecraft:tipped_arrow":3,"minecraft:stick":31,"explorerscompass:explorerscompass":4,"minecraft:torch":60,"minecraft:green_bed":3,"iceandfire:silver_ore":2,"minecraft:porkchop":15,"iceandfire:lightning_dragon_flesh":4,"minecraft:diorite":18,"minecraft:goat_horn":2,"minecraft:golden_chestplate":5,"regions_unexplored:daisy":1,"minecraft:rabbit_foot":1,"minecraft:rotten_flesh":100,"artifacts:villager_hat":2,"biomesoplenty:mahogany_sapling":3,"aether:chainmail_gloves":2,"iceandfire:fire_dragon_heart":2,"minecraft:iron_block":18,"alexsdelight:raw_bison":36,"alexsmobs:emu_egg":2,"minecraft:blaze_rod":4,"regions_unexplored:magnolia_sapling":5,"minecraft:cod":7,"minecraft:obsidian":7,"minecraft:iron_bars":34,"minecraft:cobblestone":310,"minecraft:enchanting_table":2,"minecraft:leather_chestplate":2,"minecraft:lilac":1,"minecraft:cooked_beef":1,"minecraft:andesite":12,"minecraft:golden_leggings":4,"minecraft:brown_wool":1,"biomesoplenty:glowshroom":2,"disenchanting_table:disenchanting_table":1,"minecraft:potato":23,"alexsmobs:bison_fur":10,"paraglider:spirit_orb":173,"minecraft:wither_skeleton_skull":1,"minecraft:stripped_birch_log":2,"iceandfire:dragonscales_bronze":20,"minecraft:dirt":48,"minecraft:lantern":3,"minecraft:name_tag":2,"minecraft:bone":230,"minecraft:glass":22,"minecraft:bow":16,"minecraft:wheat_seeds":23,"minecraft:grindstone":1,"minecraft:raw_gold":8,"minecraft:mossy_stone_bricks":9,"minecraft:diamond_helmet":3,"minecraft:fletching_table":1,"minecraft:rabbit":11,"minecraft:bamboo":22,"regions_unexplored:bamboo_log":43,"minecraft:oak_planks":108,"biomesoplenty:mahogany_planks":105,"minecraft:mossy_stone_brick_stairs":1,"iceandfire:dragonscales_amythest":6,"iceandfire:amphithere_feather":2,"minecraft:cooked_porkchop":13,"regions_unexplored:salmonberry":38,"iceandfire:dragon_skull_fire":3,"minecraft:sand":29,"minecraft:ink_sac":3,"iceandfire:lightning_dragon_heart":1,"minecraft:cyan_bed":2,"minecraft:mossy_cobblestone":17,"minecraft:trapped_chest":1,"minecraft:barrel":1,"alexsmobs:animal_dictionary":1,"regions_unexplored:brimwood_sapling":1,"minecraft:polished_andesite":6,"regions_unexplored:hyssop":3,"regions_unexplored:hanging_earlight_fruit":1,"minecraft:sugar":4,"iceandfire:lectern":1,"iceandfire:crackled_stone":15,"waystones:waystone":5,"minecraft:crossbow":4,"minecraft:granite":62,"minecraft:golden_apple":1,"minecraft:bread":41,"minecraft:emerald":1,"minecraft:chainmail_helmet":1,"iceandfire:troll_leather_forest":3,"minecraft:rooted_dirt":1,"minecraft:oak_sapling":10,"minecraft:netherrack":418,"iceandfire:raw_silver":1,"minecraft:diamond_pickaxe":3,"iceandfire:dragon_skull_lightning":6,"minecraft:charcoal":2,"minecraft:crafting_table":11,"minecraft:splash_potion":1,"iceandfire:witherbone":5,"minecraft:clay_ball":4,"minecraft:leather_leggings":3,"minecraft:brown_mushroom":2,"ecologics:seashell":3,"minecraft:cooked_rabbit":6,"gravestone:obituary":14,"minecraft:shield":6,"aether:leather_gloves":2,"minecraft:red_bed":10,"minecraft:moss_carpet":1,"minecraft:iron_axe":1,"minecraft:compass":1,"alexsdelight:cooked_bison":4,"minecraft:iron_shovel":4,"minecraft:cyan_carpet":1,"dungeonnowloading:spawner_fragment":284,"minecraft:cracked_stone_bricks":2,"iceandfire:bestiary":1,"biomesoplenty:black_sand":1,"minecraft:beef":22,"regions_unexplored:redwood_planks":22,"minecraft:sugar_cane":1,"minecraft:chest":2,"minecraft:phantom_membrane":4,"minecraft:egg":2,"minecraft:raw_iron":19,"iceandfire:dragonbone":77,"iceandfire:troll_tusk":2,"regions_unexplored:redwood_boat":8,"sophisticatedbackpacks:backpack":7,"minecraft:spruce_fence":1,"minecraft:stone_button":2,"minecraft:carrot":1,"minecraft:redstone":2,"regions_unexplored:purple_coneflower":21,"iceandfire:dragonegg_electric":1,"iceandfire:cyclops_eye":4,"artifacts:cowboy_hat":1,"iceandfire:silver_ingot":2,"minecraft:arrow":181,"minecraft:nether_bricks":5,"minecraft:diamond_boots":3,"minecraft:gold_ingot":11,"sophisticatedbackpacks:copper_backpack":2,"minecraft:saddle":1,"artifacts:pocket_piston":7,"minecraft:totem_of_undying":1,"minecraft:mutton":27,"biomesoplenty:orange_sand":134,"minecraft:skeleton_skull":4,"minecraft:white_wool":17,"minecraft:oxeye_daisy":1,"minecraft:stripped_oak_log":3,"minecraft:clock":1,"iceandfire:sea_serpent_fang":1,"artifacts:novelty_drinking_hat":2,"minecraft:glow_ink_sac":1,"minecraft:salmon":1,"minecraft:leather":18,"artifacts:onion_ring":1,"minecraft:ancient_debris":2,"minecraft:oak_log":79,"minecraft:chainmail_chestplate":1,"iceandfire:ectoplasm":7,"minecraft:yellow_bed":5,"minecraft:gunpowder":29,"minecraft:paper":15,"biomesoplenty:glowing_moss_carpet":2,"minecraft:cooked_mutton":10,"minecraft:apple":10,"minecraft:stone_bricks":8,"minecraft:kelp":11,"minecraft:rabbit_hide":5,"minecraft:iron_ingot":21,"minecraft:stone_pickaxe":3,"minecraft:cobweb":2,"artifacts:kitty_slippers":2,"regions_unexplored:brimwood_log":4,"iceandfire:fire_dragon_flesh":6,"minecraft:iron_sword":5,"iceandfire:crackled_cobblestone":12,"minecraft:book":44,"minecraft:scaffolding":1,"minecraft:oak_slab":1,"minecraft:polished_andesite_stairs":1,"iceandfire:copper_nugget":140,"minecraft:smooth_basalt":8,"regions_unexplored:white_magnolia_sapling":4,"minecraft:quartz":63,"minecraft:gravel":1,"delightful:salmonberries":7,"minecraft:white_bed":11,"minecraft:spruce_log":10,"biomesoplenty:glowing_moss_block":2,"minecraft:spider_eye":8,"minecraft:leather_helmet":1,"biomesoplenty:mahogany_log":43,"minecraft:diamond_shovel":1,"minecraft:coal_ore":30,"minecraft:slime_ball":13,"regions_unexplored:fireweed":1,"minecraft:stone_axe":1,"minecraft:chainmail_leggings":3,"minecraft:iron_helmet":5,"minecraft:gray_wool":1,"minecraft:mossy_cobblestone_stairs":1,"iceandfire:troll_skull":2,"minecraft:melon_seeds":4,"minecraft:coal":152}},"DataVersion":3465}