{"stats":{"minecraft:custom":{"minecraft:interact_with_crafting_table":30,"minecraft:open_barrel":7,"minecraft:eat_cake_slice":4,"minecraft:leave_game":3,"minecraft:time_since_death":12285,"minecraft:damage_resisted":52,"minecraft:sprint_one_cm":841836,"minecraft:damage_blocked_by_shield":15218,"minecraft:drop":116,"minecraft:talked_to_villager":5,"minecraft:play_time":337933,"minecraft:deaths":9,"minecraft:jump":4474,"minecraft:walk_on_water_one_cm":50369,"minecraft:interact_with_furnace":103,"minecraft:sleep_in_bed":12,"minecraft:waystone_activated":4,"minecraft:damage_dealt":25130,"minecraft:crouch_one_cm":33010,"minecraft:interact_with_smoker":4,"minecraft:mob_kills":161,"minecraft:interact_with_anvil":3,"minecraft:climb_one_cm":17885,"minecraft:walk_one_cm":1063104,"minecraft:sneak_time":8801,"minecraft:walk_under_water_one_cm":64112,"minecraft:interact_with_lectern":4,"minecraft:interact_with_blast_furnace":2,"minecraft:total_world_time":337933,"minecraft:time_since_rest":12312,"minecraft:damage_taken":10953,"minecraft:damage_absorbed":424,"minecraft:trigger_trapped_chest":3,"minecraft:swim_one_cm":58558,"minecraft:fly_one_cm":878129,"minecraft:open_chest":280,"minecraft:fall_one_cm":143965},"minecraft:mined":{"regions_unexplored:salmonberry_bush":14,"minecraft:spruce_planks":2,"minecraft:white_bed":4,"minecraft:obsidian":7,"minecraft:grass_block":4,"iceandfire:lectern":1,"regions_unexplored:purple_coneflower":3,"minecraft:oxeye_daisy":1,"minecraft:spawner":36,"minecraft:tall_seagrass":1,"minecraft:cobbled_deepslate":1,"minecraft:fire":17,"regions_unexplored:redwood_planks":17,"minecraft:enchanting_table":1,"biomesoplenty:webbing":1,"minecraft:iron_bars":28,"minecraft:torch":1,"minecraft:calcite":8,"minecraft:melon":9,"minecraft:cobblestone":25,"minecraft:wall_torch":3,"minecraft:amethyst_block":4,"minecraft:skeleton_skull":1,"minecraft:seagrass":2,"regions_unexplored:hyssop":2,"ecologics:seashell":1,"minecraft:wheat":1,"minecraft:lilac":1,"minecraft:stone_brick_stairs":1,"minecraft:grass":33,"regions_unexplored:oak_shrub":1,"minecraft:sand":17,"minecraft:dirt":18,"minecraft:smooth_basalt":10,"minecraft:oak_leaves":2,"minecraft:deepslate":5,"regions_unexplored:fireweed":1,"iceandfire:silver_ore":2,"minecraft:mossy_cobblestone":16,"gravestone:gravestone":3,"ecologics:sandcastle":1,"minecraft:furnace":2,"minecraft:andesite":10,"treechop:chopped_log":1,"minecraft:mossy_stone_brick_stairs":1,"minecraft:bookshelf":4,"iceandfire:podium_oak":1,"minecraft:vine":14,"minecraft:stripped_oak_log":3,"regions_unexplored:medium_grass":23,"minecraft:bamboo":1,"regions_unexplored:redwood_log":2,"minecraft:stone":72,"sophisticatedbackpacks:backpack":2,"minecraft:podzol":4,"minecraft:polished_granite":1,"minecraft:crafting_table":5,"minecraft:rose_bush":1,"minecraft:tall_grass":1,"biomesoplenty:sprout":4,"delightful:wild_salmonberries":7,"minecraft:spruce_log":2,"regions_unexplored:redwood_leaves":6,"minecraft:coal_ore":17,"minecraft:gray_carpet":1,"minecraft:cracked_stone_bricks":2,"minecraft:stone_bricks":9,"minecraft:polished_andesite":1,"minecraft:mossy_stone_bricks":9,"minecraft:fern":5},"minecraft:broken":{"aether:golden_gloves":1,"minecraft:iron_boots":1,"aether:chainmail_gloves":1,"minecraft:shield":3,"minecraft:iron_helmet":1},"minecraft:used":{"iceandfire:lectern":1,"farmersdelight:onion_crate":3,"ecologics:sandcastle":2,"minecraft:iron_shovel":4,"minecraft:shield":230,"regions_unexplored:salmonberry":20,"minecraft:carrot":15,"minecraft:furnace":2,"minecraft:mossy_stone_bricks":17,"minecraft:stone_pickaxe":75,"minecraft:oak_planks":23,"minecraft:ender_pearl":1,"minecraft:wooden_pickaxe":6,"minecraft:golden_apple":6,"minecraft:sand":1,"regions_unexplored:redwood_planks":127,"minecraft:crossbow":30,"waystones:waystone":2,"sophisticatedbackpacks:backpack":2,"minecraft:melon_slice":37,"minecraft:bread":49,"minecraft:diamond_sword":523,"minecraft:andesite":3,"minecraft:experience_bottle":2,"minecraft:rose_bush":1,"minecraft:stone_sword":13,"minecraft:spruce_planks":2,"minecraft:wooden_shovel":21,"minecraft:torch":74,"minecraft:dirt":16,"minecraft:iron_axe":22,"minecraft:smooth_basalt":6,"minecraft:golden_carrot":2,"minecraft:goat_horn":45,"minecraft:cooked_beef":15,"minecraft:cobbled_deepslate":5,"alexsdelight:cooked_bison":1,"minecraft:calcite":6,"minecraft:cooked_mutton":20,"minecraft:water_bucket":17,"minecraft:rabbit":2,"minecraft:mossy_cobblestone":51,"delightful:salmonberries":7,"minecraft:crafting_table":8,"minecraft:white_bed":6,"minecraft:oak_log":10,"minecraft:diamond_pickaxe":50,"minecraft:iron_pickaxe":155,"minecraft:stone_axe":87,"minecraft:cobblestone":77,"minecraft:potion":7,"minecraft:cooked_porkchop":14,"minecraft:bucket":17,"alexsmobs:animal_dictionary":3},"minecraft:killed":{"minecraft:cave_spider":1,"minecraft:spider":15,"minecraft:skeleton":37,"minecraft:silverfish":4,"minecraft:pig":6,"minecraft:creeper":3,"minecraft:sheep":11,"minecraft:pillager":2,"minecraft:zombie":25,"alexsmobs:terrapin":1,"minecraft:stray":7,"minecraft:cow":11,"minecraft:endermite":1,"minecraft:slime":11,"alexsmobs:bison":2,"minecraft:rabbit":7,"iceandfire:ghost":5,"minecraft:wither_skeleton":6},"minecraft:killed_by":{"iceandfire:fire_dragon":1},"minecraft:dropped":{"minecraft:glass_bottle":1,"minecraft:leather":1,"minecraft:cracked_stone_bricks":1,"regions_unexplored:purple_coneflower":6,"gravestone:obituary":4,"minecraft:gold_nugget":6,"minecraft:bone":19,"minecraft:stone_axe":2,"bountiful:bounty":1,"minecraft:golden_chestplate":3,"minecraft:rotten_flesh":6,"aether:leather_gloves":2,"minecraft:cooked_mutton":3,"regions_unexplored:redwood_planks":3,"minecraft:gunpowder":6,"minecraft:chest":1,"minecraft:iron_bars":15,"minecraft:beef":5,"minecraft:egg":1,"minecraft:enchanted_book":1,"minecraft:iron_ingot":8,"minecraft:bread":3,"regions_unexplored:fireweed":1,"minecraft:wheat_seeds":6,"minecraft:golden_helmet":1,"minecraft:lilac":1,"minecraft:mossy_cobblestone":4,"minecraft:diamond_leggings":1,"minecraft:cobblestone":7,"minecraft:lead":1,"minecraft:stick":7,"minecraft:polished_andesite":1,"minecraft:cobweb":2,"minecraft:melon_slice":8,"minecraft:rabbit":2,"minecraft:diamond_helmet":1,"minecraft:potion":1,"minecraft:stripped_birch_log":2,"minecraft:mossy_cobblestone_stairs":1,"minecraft:smooth_stone":8,"minecraft:string":4,"minecraft:bucket":1,"minecraft:moss_carpet":1,"minecraft:stone_sword":1,"regions_unexplored:hyssop":1,"minecraft:spruce_fence":1,"minecraft:filled_map":1,"minecraft:shield":2,"minecraft:spruce_planks":3,"minecraft:andesite":7,"minecraft:mossy_stone_bricks":4,"artifacts:pocket_piston":1,"minecraft:wooden_shovel":1,"minecraft:spider_eye":3,"minecraft:stone_bricks":5,"minecraft:slime_ball":8,"minecraft:diamond_boots":2,"minecraft:spruce_log":8,"minecraft:bow":2,"minecraft:stone_pickaxe":4,"minecraft:wooden_pickaxe":2,"minecraft:cooked_rabbit":2},"minecraft:crafted":{"minecraft:oak_planks":12,"minecraft:smooth_stone":8,"minecraft:stone":15,"minecraft:cracked_stone_bricks":5,"minecraft:cooked_mutton":26,"explorerscompass:explorerscompass":1,"minecraft:chest":1,"minecraft:stone_bricks":4,"minecraft:cooked_rabbit":4,"minecraft:wooden_shovel":1,"sophisticatedbackpacks:backpack":1,"minecraft:cooked_porkchop":12,"minecraft:crafting_table":3,"minecraft:spruce_planks":8,"minecraft:wooden_pickaxe":2,"ecologics:sandcastle":2,"minecraft:shield":3,"minecraft:stick":24,"minecraft:iron_ingot":9,"minecraft:iron_pickaxe":2,"alexsdelight:cooked_bison":13,"minecraft:iron_axe":1,"minecraft:stone_pickaxe":2,"minecraft:cooked_beef":15,"iceandfire:silver_ingot":2,"minecraft:bucket":2,"minecraft:stone_axe":1,"minecraft:air":0,"regions_unexplored:redwood_planks":116,"minecraft:white_bed":2},"minecraft:picked_up":{"minecraft:iron_chestplate":4,"minecraft:black_carpet":5,"minecraft:chainmail_boots":3,"minecraft:diamond_sword":4,"minecraft:lead":1,"minecraft:enchanted_book":3,"minecraft:potion":1,"minecraft:stone_brick_stairs":2,"minecraft:amethyst_block":8,"iceandfire:manuscript":15,"minecraft:string":10,"minecraft:armor_stand":1,"minecraft:cobbled_deepslate":5,"minecraft:smooth_stone":8,"minecraft:diamond_leggings":4,"minecraft:gold_nugget":6,"minecraft:spruce_planks":2,"minecraft:rose_bush":1,"minecraft:calcite":6,"minecraft:iron_pickaxe":1,"minecraft:melon_slice":80,"regions_unexplored:redwood_log":92,"minecraft:iron_boots":2,"minecraft:furnace":2,"minecraft:tipped_arrow":2,"minecraft:golden_helmet":2,"minecraft:stick":11,"explorerscompass:explorerscompass":4,"minecraft:torch":60,"iceandfire:silver_ore":2,"minecraft:porkchop":12,"minecraft:golden_chestplate":4,"minecraft:goat_horn":2,"minecraft:rabbit_foot":1,"minecraft:rotten_flesh":17,"artifacts:villager_hat":1,"aether:chainmail_gloves":2,"alexsdelight:raw_bison":13,"minecraft:obsidian":7,"minecraft:iron_bars":30,"minecraft:cobblestone":119,"minecraft:enchanting_table":1,"minecraft:leather_chestplate":1,"minecraft:cooked_beef":1,"minecraft:lilac":1,"minecraft:andesite":10,"minecraft:golden_leggings":4,"alexsmobs:bison_fur":2,"paraglider:spirit_orb":84,"minecraft:dirt":22,"minecraft:stripped_birch_log":2,"minecraft:lantern":2,"minecraft:name_tag":2,"minecraft:bone":172,"minecraft:bow":6,"minecraft:wheat_seeds":12,"minecraft:mossy_stone_bricks":9,"minecraft:diamond_helmet":1,"minecraft:rabbit":11,"minecraft:bamboo":7,"minecraft:oak_planks":102,"minecraft:mossy_stone_brick_stairs":1,"minecraft:cooked_porkchop":13,"regions_unexplored:salmonberry":38,"minecraft:sand":17,"alexsmobs:animal_dictionary":1,"minecraft:mossy_cobblestone":17,"minecraft:polished_andesite":6,"regions_unexplored:hyssop":2,"iceandfire:lectern":1,"waystones:waystone":4,"minecraft:crossbow":4,"minecraft:golden_apple":1,"minecraft:chainmail_helmet":1,"minecraft:bread":31,"minecraft:diamond_pickaxe":3,"minecraft:crafting_table":8,"iceandfire:witherbone":3,"ecologics:seashell":3,"minecraft:cooked_rabbit":6,"minecraft:shield":5,"aether:leather_gloves":2,"minecraft:moss_carpet":1,"minecraft:iron_axe":1,"minecraft:compass":1,"minecraft:iron_shovel":4,"alexsdelight:cooked_bison":4,"dungeonnowloading:spawner_fragment":189,"minecraft:cracked_stone_bricks":2,"iceandfire:bestiary":1,"minecraft:beef":22,"regions_unexplored:redwood_planks":22,"minecraft:chest":1,"minecraft:phantom_membrane":4,"minecraft:egg":1,"minecraft:raw_iron":7,"sophisticatedbackpacks:backpack":7,"minecraft:spruce_fence":1,"regions_unexplored:purple_coneflower":11,"iceandfire:silver_ingot":2,"minecraft:arrow":134,"minecraft:nether_bricks":1,"minecraft:diamond_boots":3,"artifacts:pocket_piston":6,"minecraft:saddle":1,"minecraft:gold_ingot":11,"minecraft:mutton":18,"minecraft:white_wool":12,"minecraft:oxeye_daisy":1,"minecraft:stripped_oak_log":3,"minecraft:clock":1,"minecraft:leather":14,"minecraft:oak_log":63,"iceandfire:ectoplasm":3,"minecraft:gunpowder":6,"minecraft:cooked_mutton":10,"minecraft:apple":10,"minecraft:stone_bricks":6,"minecraft:rabbit_hide":5,"minecraft:iron_ingot":21,"minecraft:stone_pickaxe":3,"minecraft:cobweb":2,"artifacts:kitty_slippers":1,"minecraft:book":32,"minecraft:oak_slab":1,"minecraft:smooth_basalt":8,"minecraft:white_bed":5,"delightful:salmonberries":7,"minecraft:spruce_log":10,"minecraft:spider_eye":6,"minecraft:coal_ore":30,"minecraft:slime_ball":13,"regions_unexplored:fireweed":1,"minecraft:stone_axe":1,"minecraft:iron_helmet":4,"minecraft:mossy_cobblestone_stairs":1,"minecraft:gray_wool":1,"minecraft:coal":134}},"DataVersion":3465}