{"stats":{"minecraft:dropped":{"minecraft:stone_axe":1,"minecraft:wheat_seeds":2,"minecraft:melon_slice":2,"minecraft:rabbit":2,"artifacts:pocket_piston":1,"minecraft:wooden_shovel":1,"minecraft:wooden_pickaxe":1,"minecraft:cooked_rabbit":1},"minecraft:mined":{"minecraft:podzol":3,"regions_unexplored:salmonberry_bush":14,"minecraft:crafting_table":4,"minecraft:torch":1,"minecraft:grass_block":2,"minecraft:melon":9,"minecraft:cobblestone":16,"regions_unexplored:purple_coneflower":1,"biomesoplenty:sprout":2,"minecraft:oxeye_daisy":1,"ecologics:sandcastle":1,"minecraft:furnace":2,"ecologics:seashell":1,"regions_unexplored:redwood_planks":2,"regions_unexplored:redwood_leaves":6,"treechop:chopped_log":1,"minecraft:grass":20,"regions_unexplored:oak_shrub":1,"minecraft:sand":17,"minecraft:dirt":14,"minecraft:stripped_oak_log":3,"regions_unexplored:medium_grass":7,"minecraft:bamboo":1,"minecraft:stone":12,"minecraft:stone_bricks":4,"regions_unexplored:redwood_log":2,"sophisticatedbackpacks:backpack":1,"minecraft:fern":4},"minecraft:picked_up":{"minecraft:stripped_oak_log":3,"minecraft:crafting_table":4,"minecraft:leather":5,"ecologics:seashell":3,"minecraft:cooked_rabbit":1,"minecraft:dirt":19,"minecraft:apple":10,"minecraft:stone_bricks":1,"minecraft:wheat_seeds":5,"minecraft:rabbit_hide":2,"minecraft:beef":9,"minecraft:rabbit":7,"minecraft:bamboo":7,"regions_unexplored:redwood_planks":2,"minecraft:melon_slice":45,"regions_unexplored:redwood_log":77,"minecraft:furnace":2,"minecraft:oak_slab":1,"minecraft:stick":4,"minecraft:cooked_porkchop":2,"regions_unexplored:salmonberry":28,"minecraft:torch":1,"sophisticatedbackpacks:backpack":1,"minecraft:porkchop":12,"minecraft:sand":17,"alexsmobs:animal_dictionary":1,"regions_unexplored:purple_coneflower":3,"minecraft:stone_axe":1,"artifacts:pocket_piston":1,"minecraft:mutton":6,"minecraft:white_wool":4,"minecraft:cobblestone":27,"minecraft:oxeye_daisy":1},"minecraft:killed":{"minecraft:pig":6,"minecraft:rabbit":5,"minecraft:sheep":4,"minecraft:zombie":1,"alexsmobs:terrapin":1,"minecraft:cow":5},"minecraft:crafted":{"minecraft:cooked_beef":3,"minecraft:smooth_stone":8,"minecraft:oak_planks":12,"minecraft:wooden_shovel":1,"sophisticatedbackpacks:backpack":1,"minecraft:cooked_porkchop":12,"minecraft:crafting_table":2,"minecraft:wooden_pickaxe":1,"minecraft:stone":15,"ecologics:sandcastle":2,"minecraft:stone_axe":1,"minecraft:cracked_stone_bricks":5,"minecraft:cooked_mutton":6,"minecraft:air":0,"regions_unexplored:redwood_planks":40,"minecraft:shield":1,"explorerscompass:explorerscompass":1,"minecraft:stick":8,"minecraft:stone_pickaxe":1,"minecraft:chest":1,"minecraft:stone_bricks":4,"minecraft:cooked_rabbit":1},"minecraft:custom":{"minecraft:interact_with_furnace":37,"minecraft:mob_kills":22,"minecraft:interact_with_crafting_table":15,"minecraft:open_barrel":2,"minecraft:leave_game":1,"minecraft:time_since_death":87003,"minecraft:sleep_in_bed":3,"minecraft:climb_one_cm":1072,"minecraft:time_since_rest":34301,"minecraft:waystone_activated":1,"minecraft:sprint_one_cm":135032,"minecraft:damage_taken":695,"minecraft:walk_one_cm":155777,"minecraft:drop":10,"minecraft:damage_dealt":1889,"minecraft:swim_one_cm":14877,"minecraft:talked_to_villager":1,"minecraft:fly_one_cm":162708,"minecraft:open_chest":32,"minecraft:crouch_one_cm":4347,"minecraft:play_time":89956,"minecraft:deaths":1,"minecraft:sneak_time":879,"minecraft:walk_under_water_one_cm":1775,"minecraft:jump":928,"minecraft:interact_with_blast_furnace":2,"minecraft:walk_on_water_one_cm":3980,"minecraft:total_world_time":89956,"minecraft:fall_one_cm":30092},"minecraft:used":{"farmersdelight:onion_crate":3,"ecologics:sandcastle":2,"minecraft:stone_sword":12,"minecraft:stone_pickaxe":31,"minecraft:wooden_pickaxe":3,"minecraft:wooden_shovel":21,"regions_unexplored:salmonberry":16,"minecraft:sand":1,"minecraft:dirt":16,"regions_unexplored:redwood_planks":18,"minecraft:crafting_table":6,"minecraft:carrot":10,"sophisticatedbackpacks:backpack":1,"minecraft:melon_slice":8,"minecraft:stone_axe":77,"minecraft:goat_horn":18,"minecraft:furnace":2,"minecraft:cooked_porkchop":1,"alexsmobs:animal_dictionary":3}},"DataVersion":3465}