{"stats":{"minecraft:dropped":{"minecraft:enchanted_book":1,"minecraft:iron_ingot":8,"minecraft:wheat_seeds":3,"minecraft:mossy_cobblestone":2,"minecraft:leather":1,"minecraft:cracked_stone_bricks":1,"minecraft:rabbit":2,"minecraft:melon_slice":8,"minecraft:stripped_birch_log":2,"minecraft:mossy_cobblestone_stairs":1,"minecraft:smooth_stone":8,"minecraft:moss_carpet":1,"minecraft:stone_axe":2,"minecraft:golden_chestplate":2,"minecraft:stone_sword":1,"minecraft:rotten_flesh":2,"minecraft:cooked_mutton":3,"minecraft:andesite":7,"minecraft:mossy_stone_bricks":1,"minecraft:wooden_shovel":1,"artifacts:pocket_piston":1,"minecraft:stone_bricks":3,"minecraft:diamond_boots":2,"minecraft:iron_bars":6,"minecraft:bow":1,"minecraft:stone_pickaxe":1,"minecraft:wooden_pickaxe":1,"minecraft:cooked_rabbit":2},"minecraft:mined":{"regions_unexplored:salmonberry_bush":14,"minecraft:mossy_cobblestone":3,"minecraft:grass_block":2,"regions_unexplored:purple_coneflower":1,"minecraft:oxeye_daisy":1,"ecologics:sandcastle":1,"minecraft:spawner":18,"minecraft:furnace":2,"minecraft:fire":1,"minecraft:andesite":7,"regions_unexplored:redwood_planks":17,"treechop:chopped_log":1,"minecraft:mossy_stone_brick_stairs":1,"minecraft:bookshelf":4,"minecraft:vine":2,"minecraft:iron_bars":10,"biomesoplenty:webbing":1,"minecraft:stripped_oak_log":3,"regions_unexplored:medium_grass":8,"sophisticatedbackpacks:backpack":2,"minecraft:bamboo":1,"minecraft:stone":34,"regions_unexplored:redwood_log":2,"minecraft:podzol":3,"minecraft:polished_granite":1,"minecraft:crafting_table":5,"minecraft:torch":1,"minecraft:calcite":8,"minecraft:melon":9,"minecraft:cobblestone":23,"biomesoplenty:sprout":4,"minecraft:wall_torch":2,"minecraft:amethyst_block":4,"ecologics:seashell":1,"minecraft:wheat":1,"regions_unexplored:redwood_leaves":6,"minecraft:stone_brick_stairs":1,"minecraft:grass":21,"regions_unexplored:oak_shrub":1,"minecraft:dirt":14,"minecraft:sand":17,"minecraft:cracked_stone_bricks":1,"minecraft:smooth_basalt":10,"minecraft:stone_bricks":7,"minecraft:mossy_stone_bricks":2,"minecraft:fern":4},"minecraft:picked_up":{"minecraft:iron_chestplate":1,"minecraft:crafting_table":7,"minecraft:chainmail_boots":2,"minecraft:diamond_sword":2,"ecologics:seashell":3,"minecraft:cooked_rabbit":3,"minecraft:enchanted_book":2,"minecraft:stone_brick_stairs":2,"minecraft:shield":1,"minecraft:amethyst_block":8,"minecraft:string":4,"minecraft:moss_carpet":1,"minecraft:iron_axe":1,"minecraft:compass":1,"minecraft:iron_shovel":2,"dungeonnowloading:spawner_fragment":75,"minecraft:cracked_stone_bricks":1,"minecraft:diamond_leggings":1,"minecraft:smooth_stone":8,"minecraft:beef":9,"minecraft:calcite":6,"minecraft:iron_pickaxe":1,"regions_unexplored:redwood_planks":16,"minecraft:melon_slice":80,"minecraft:phantom_membrane":4,"minecraft:furnace":2,"regions_unexplored:redwood_log":92,"minecraft:tipped_arrow":1,"minecraft:raw_iron":1,"minecraft:stick":4,"explorerscompass:explorerscompass":2,"minecraft:torch":32,"sophisticatedbackpacks:backpack":4,"minecraft:porkchop":12,"minecraft:golden_chestplate":2,"minecraft:rabbit_foot":1,"minecraft:goat_horn":1,"regions_unexplored:purple_coneflower":3,"minecraft:arrow":57,"minecraft:rotten_flesh":5,"minecraft:nether_bricks":1,"minecraft:diamond_boots":3,"minecraft:saddle":1,"minecraft:gold_ingot":11,"artifacts:pocket_piston":3,"minecraft:mutton":12,"minecraft:iron_bars":11,"minecraft:white_wool":7,"minecraft:cobblestone":81,"minecraft:oxeye_daisy":1,"minecraft:stripped_oak_log":3,"minecraft:cooked_beef":1,"minecraft:clock":1,"minecraft:andesite":7,"minecraft:leather":7,"minecraft:golden_leggings":1,"paraglider:spirit_orb":44,"minecraft:oak_log":48,"minecraft:stripped_birch_log":2,"minecraft:dirt":19,"minecraft:lantern":2,"minecraft:name_tag":2,"minecraft:cooked_mutton":6,"minecraft:bone":90,"minecraft:apple":10,"minecraft:stone_bricks":4,"minecraft:bow":3,"minecraft:wheat_seeds":6,"minecraft:rabbit_hide":4,"minecraft:iron_ingot":15,"minecraft:mossy_stone_bricks":1,"minecraft:rabbit":11,"minecraft:bamboo":7,"minecraft:oak_planks":45,"minecraft:mossy_stone_brick_stairs":1,"minecraft:book":32,"minecraft:oak_slab":1,"minecraft:smooth_basalt":8,"minecraft:cooked_porkchop":13,"regions_unexplored:salmonberry":28,"minecraft:sand":17,"alexsmobs:animal_dictionary":1,"minecraft:mossy_cobblestone":2,"minecraft:slime_ball":5,"minecraft:stone_axe":1,"minecraft:iron_helmet":2,"minecraft:crossbow":2,"minecraft:golden_apple":1,"minecraft:mossy_cobblestone_stairs":1,"minecraft:coal":60,"minecraft:diamond_pickaxe":1},"minecraft:killed":{"minecraft:cave_spider":1,"minecraft:spider":4,"minecraft:skeleton":14,"minecraft:silverfish":4,"minecraft:pig":6,"minecraft:rabbit":7,"minecraft:sheep":7,"minecraft:zombie":10,"alexsmobs:terrapin":1,"minecraft:stray":5,"minecraft:cow":5},"minecraft:broken":{"aether:golden_gloves":1},"minecraft:crafted":{"minecraft:oak_planks":12,"minecraft:smooth_stone":8,"minecraft:stone":15,"minecraft:cracked_stone_bricks":5,"minecraft:cooked_mutton":6,"explorerscompass:explorerscompass":1,"minecraft:iron_axe":1,"minecraft:stone_pickaxe":1,"minecraft:chest":1,"minecraft:stone_bricks":4,"minecraft:cooked_rabbit":1,"minecraft:cooked_beef":9,"minecraft:wooden_shovel":1,"sophisticatedbackpacks:backpack":1,"minecraft:cooked_porkchop":12,"minecraft:crafting_table":3,"minecraft:wooden_pickaxe":1,"ecologics:sandcastle":2,"minecraft:stone_axe":1,"minecraft:air":0,"regions_unexplored:redwood_planks":108,"minecraft:shield":1,"minecraft:stick":16,"minecraft:iron_ingot":3,"minecraft:iron_pickaxe":1},"minecraft:custom":{"minecraft:mob_kills":65,"minecraft:interact_with_crafting_table":17,"minecraft:open_barrel":2,"minecraft:eat_cake_slice":1,"minecraft:leave_game":1,"minecraft:time_since_death":1518,"minecraft:climb_one_cm":9232,"minecraft:sprint_one_cm":438146,"minecraft:walk_one_cm":476865,"minecraft:damage_blocked_by_shield":5588,"minecraft:drop":41,"minecraft:talked_to_villager":1,"minecraft:play_time":161956,"minecraft:deaths":3,"minecraft:sneak_time":2539,"minecraft:walk_under_water_one_cm":1981,"minecraft:jump":1728,"minecraft:interact_with_blast_furnace":2,"minecraft:walk_on_water_one_cm":7661,"minecraft:total_world_time":161956,"minecraft:interact_with_furnace":39,"minecraft:sleep_in_bed":3,"minecraft:time_since_rest":1546,"minecraft:waystone_activated":1,"minecraft:damage_taken":3966,"minecraft:damage_absorbed":120,"minecraft:damage_dealt":8829,"minecraft:fly_one_cm":284682,"minecraft:swim_one_cm":14877,"minecraft:open_chest":96,"minecraft:crouch_one_cm":9521,"minecraft:fall_one_cm":48971},"minecraft:killed_by":{"iceandfire:fire_dragon":1},"minecraft:used":{"farmersdelight:onion_crate":3,"ecologics:sandcastle":2,"minecraft:stone_sword":13,"minecraft:shield":70,"regions_unexplored:salmonberry":16,"minecraft:wooden_shovel":21,"minecraft:torch":36,"minecraft:dirt":16,"minecraft:carrot":15,"minecraft:iron_axe":22,"minecraft:smooth_basalt":6,"minecraft:furnace":2,"minecraft:goat_horn":24,"minecraft:cooked_beef":12,"minecraft:calcite":6,"minecraft:cooked_mutton":6,"minecraft:stone_pickaxe":37,"minecraft:wooden_pickaxe":3,"minecraft:golden_apple":3,"minecraft:sand":1,"regions_unexplored:redwood_planks":78,"minecraft:crafting_table":7,"minecraft:crossbow":9,"sophisticatedbackpacks:backpack":2,"minecraft:diamond_pickaxe":11,"minecraft:melon_slice":37,"minecraft:iron_pickaxe":86,"minecraft:stone_axe":87,"minecraft:diamond_sword":127,"minecraft:cobblestone":51,"minecraft:potion":1,"minecraft:cooked_porkchop":14,"alexsmobs:animal_dictionary":3}},"DataVersion":3465}