{"stats":{"minecraft:custom":{"minecraft:interact_with_furnace":34,"minecraft:mob_kills":14,"minecraft:interact_with_crafting_table":12,"minecraft:open_barrel":1,"minecraft:time_since_death":59878,"minecraft:sleep_in_bed":3,"minecraft:climb_one_cm":773,"minecraft:time_since_rest":7176,"minecraft:waystone_activated":1,"minecraft:sprint_one_cm":108409,"minecraft:damage_taken":635,"minecraft:walk_one_cm":117167,"minecraft:drop":8,"minecraft:damage_dealt":1379,"minecraft:swim_one_cm":14877,"minecraft:talked_to_villager":1,"minecraft:fly_one_cm":128930,"minecraft:open_chest":26,"minecraft:crouch_one_cm":3996,"minecraft:play_time":62831,"minecraft:deaths":1,"minecraft:sneak_time":794,"minecraft:walk_under_water_one_cm":1775,"minecraft:jump":725,"minecraft:walk_on_water_one_cm":3980,"minecraft:total_world_time":62831,"minecraft:fall_one_cm":23944},"minecraft:used":{"farmersdelight:onion_crate":3,"ecologics:sandcastle":2,"minecraft:stone_sword":7,"minecraft:stone_pickaxe":31,"minecraft:wooden_pickaxe":3,"minecraft:wooden_shovel":21,"regions_unexplored:salmonberry":16,"minecraft:dirt":16,"minecraft:sand":1,"regions_unexplored:redwood_planks":18,"minecraft:crafting_table":5,"minecraft:carrot":2,"minecraft:melon_slice":8,"minecraft:stone_axe":50,"minecraft:goat_horn":15,"minecraft:furnace":2,"minecraft:cooked_porkchop":1,"alexsmobs:animal_dictionary":3},"minecraft:mined":{"minecraft:podzol":3,"regions_unexplored:salmonberry_bush":14,"minecraft:crafting_table":4,"minecraft:torch":1,"minecraft:grass_block":2,"minecraft:melon":9,"minecraft:cobblestone":16,"biomesoplenty:sprout":1,"ecologics:sandcastle":1,"minecraft:furnace":2,"ecologics:seashell":1,"regions_unexplored:redwood_leaves":6,"regions_unexplored:redwood_planks":2,"treechop:chopped_log":1,"minecraft:grass":8,"minecraft:dirt":14,"minecraft:sand":17,"minecraft:stripped_oak_log":3,"regions_unexplored:medium_grass":4,"minecraft:bamboo":1,"minecraft:stone":12,"minecraft:stone_bricks":4,"regions_unexplored:redwood_log":2,"minecraft:fern":4},"minecraft:killed":{"minecraft:pig":6,"minecraft:rabbit":1,"minecraft:sheep":4,"minecraft:zombie":1,"alexsmobs:terrapin":1,"minecraft:cow":1},"minecraft:crafted":{"minecraft:cooked_beef":3,"minecraft:smooth_stone":8,"minecraft:oak_planks":12,"minecraft:wooden_shovel":1,"minecraft:cooked_porkchop":12,"minecraft:crafting_table":2,"minecraft:wooden_pickaxe":1,"minecraft:stone":15,"ecologics:sandcastle":2,"minecraft:stone_axe":1,"minecraft:cracked_stone_bricks":5,"minecraft:cooked_mutton":6,"minecraft:air":0,"regions_unexplored:redwood_planks":32,"minecraft:shield":1,"explorerscompass:explorerscompass":1,"minecraft:stick":8,"minecraft:stone_pickaxe":1,"minecraft:stone_bricks":4,"minecraft:cooked_rabbit":1},"minecraft:picked_up":{"minecraft:stripped_oak_log":3,"minecraft:crafting_table":4,"minecraft:leather":2,"ecologics:seashell":3,"minecraft:dirt":19,"minecraft:apple":10,"minecraft:stone_bricks":1,"minecraft:wheat_seeds":3,"minecraft:rabbit_hide":1,"minecraft:beef":3,"minecraft:rabbit":1,"minecraft:bamboo":7,"regions_unexplored:redwood_planks":2,"minecraft:melon_slice":45,"regions_unexplored:redwood_log":77,"minecraft:furnace":2,"minecraft:oak_slab":1,"minecraft:stick":4,"minecraft:cooked_porkchop":2,"regions_unexplored:salmonberry":28,"minecraft:torch":1,"minecraft:porkchop":12,"minecraft:sand":17,"alexsmobs:animal_dictionary":1,"minecraft:stone_axe":1,"artifacts:pocket_piston":1,"minecraft:mutton":6,"minecraft:white_wool":4,"minecraft:cobblestone":27},"minecraft:dropped":{"minecraft:stone_axe":1,"minecraft:wheat_seeds":2,"minecraft:melon_slice":2,"artifacts:pocket_piston":1,"minecraft:wooden_shovel":1,"minecraft:wooden_pickaxe":1}},"DataVersion":3465}