{"stats":{"minecraft:crafted":{"minecraft:ender_chest":1,"minecraft:smooth_stone":10,"minecraft:oak_sign":18,"minecraft:blaze_powder":8,"minecraft:oak_pressure_plate":2,"minecraft:loom":1,"minecraft:diamond_shovel":4,"minecraft:bookshelf":93,"minecraft:cooked_mutton":11,"minecraft:glass":713,"minecraft:mace":2,"minecraft:quartz_block":12,"minecraft:diamond_helmet":1,"minecraft:diamond_leggings":1,"minecraft:netherite_boots":1,"minecraft:cooked_rabbit":3,"minecraft:flower_pot":14,"minecraft:glass_bottle":9,"minecraft:emerald":330,"minecraft:cooked_porkchop":13,"minecraft:diamond_axe":4,"minecraft:spruce_door":6,"minecraft:clock":1,"minecraft:copper_ingot":3,"minecraft:painting":4,"minecraft:lectern":17,"minecraft:crafter":1,"minecraft:iron_pickaxe":2,"minecraft:iron_block":7,"minecraft:gold_ingot":631,"minecraft:netherite_ingot":7,"minecraft:composter":2,"minecraft:smooth_stone_slab":18,"minecraft:iron_nugget":54,"minecraft:diamond_hoe":1,"minecraft:bone_meal":54,"minecraft:white_carpet":33,"minecraft:stone_stairs":8,"minecraft:lantern":7,"minecraft:netherite_axe":1,"minecraft:spruce_stairs":104,"minecraft:ladder":9,"minecraft:spruce_slab":6,"minecraft:stone_pickaxe":2,"minecraft:diamond_boots":1,"minecraft:quartz_slab":6,"minecraft:spruce_boat":28,"minecraft:redstone_block":25,"minecraft:golden_helmet":1,"minecraft:netherite_pickaxe":1,"minecraft:enchanting_table":1,"minecraft:glowstone":49,"minecraft:enchanted_book":12,"minecraft:golden_apple":10,"minecraft:oak_stairs":80,"minecraft:iron_leggings":3,"minecraft:armor_stand":1,"minecraft:white_bed":24,"minecraft:note_block":4,"minecraft:brick":16,"minecraft:oak_planks":1820,"minecraft:cobblestone_slab":78,"minecraft:barrel":4,"minecraft:lightning_rod":1,"minecraft:stone":100,"minecraft:heavy_weighted_pressure_plate":2,"minecraft:hopper":4,"minecraft:bow":2,"minecraft:iron_boots":3,"minecraft:chest":49,"minecraft:netherite_helmet":1,"minecraft:oak_button":1,"minecraft:netherite_upgrade_smithing_template":20,"minecraft:rail":64,"minecraft:ender_eye":1,"minecraft:oak_fence":30,"minecraft:white_banner":1,"minecraft:dropper":1,"minecraft:quartz_stairs":4,"minecraft:oak_slab":354,"minecraft:item_frame":20,"minecraft:crafting_table":10,"minecraft:spruce_planks":1986,"minecraft:wooden_pickaxe":1,"minecraft:iron_helmet":2,"minecraft:gold_block":61,"minecraft:birch_planks":164,"minecraft:spectral_arrow":8,"minecraft:dispenser":1,"minecraft:spruce_trapdoor":80,"minecraft:book":6,"minecraft:iron_chestplate":1,"minecraft:paper":18,"minecraft:diamond_pickaxe":4,"minecraft:emerald_block":13,"minecraft:shield":5,"minecraft:light_weighted_pressure_plate":1,"minecraft:stick":208,"minecraft:iron_ingot":212,"minecraft:stone_sword":1,"minecraft:redstone_torch":17,"minecraft:shears":1,"minecraft:redstone":9,"minecraft:netherite_sword":1,"minecraft:stone_button":1,"minecraft:furnace":12,"minecraft:blast_furnace":1,"minecraft:glass_pane":80,"minecraft:oak_trapdoor":32,"minecraft:flint_and_steel":1,"minecraft:netherite_chestplate":2,"minecraft:netherite_leggings":2,"minecraft:chiseled_bookshelf":6,"minecraft:netherite_scrap":28,"minecraft:minecart":2,"minecraft:cooked_beef":75,"minecraft:sugar":1,"minecraft:diamond_sword":3,"minecraft:powered_rail":12,"minecraft:bucket":3,"minecraft:stone_axe":2,"minecraft:air":0,"minecraft:bread":60,"minecraft:blue_dye":1,"minecraft:oak_boat":37,"minecraft:white_wool":349,"minecraft:anvil":1,"minecraft:pumpkin_pie":40,"minecraft:torch":60,"minecraft:lapis_lazuli":18,"minecraft:lapis_block":9,"minecraft:diamond_chestplate":1},"minecraft:killed_by":{"minecraft:piglin_brute":1,"minecraft:zombie":3,"minecraft:husk":4,"minecraft:stray":1,"minecraft:wither_skeleton":1,"minecraft:creeper":5,"minecraft:player":2,"minecraft:enderman":2,"minecraft:skeleton":2},"minecraft:custom":{"minecraft:interact_with_crafting_table":250,"minecraft:open_barrel":66,"minecraft:eat_cake_slice":1,"minecraft:leave_game":24,"minecraft:time_since_death":333669,"minecraft:damage_blocked_by_shield":15506,"minecraft:play_time":2573776,"minecraft:deaths":23,"minecraft:jump":24026,"minecraft:enchant_item":4,"minecraft:interact_with_furnace":209,"minecraft:traded_with_villager":312,"minecraft:interact_with_cartography_table":3,"minecraft:sleep_in_bed":88,"minecraft:damage_dealt":162545,"minecraft:interact_with_smoker":39,"minecraft:inspect_dispenser":27,"minecraft:interact_with_smithing_table":7,"minecraft:interact_with_anvil":14,"minecraft:inspect_hopper":13,"minecraft:sneak_time":130724,"minecraft:interact_with_blast_furnace":43,"minecraft:total_world_time":2573776,"minecraft:tune_noteblock":54,"minecraft:time_since_rest":122,"minecraft:swim_one_cm":177108,"minecraft:fly_one_cm":2838199,"minecraft:open_chest":1332,"minecraft:fall_one_cm":530845,"minecraft:animals_bred":1,"minecraft:damage_resisted":331,"minecraft:sprint_one_cm":3567745,"minecraft:drop":562,"minecraft:play_noteblock":1,"minecraft:talked_to_villager":1078,"minecraft:interact_with_brewingstand":45,"minecraft:walk_on_water_one_cm":210886,"minecraft:interact_with_loom":2,"minecraft:open_enderchest":83,"minecraft:player_kills":2,"minecraft:crouch_one_cm":461572,"minecraft:mob_kills":2730,"minecraft:fill_cauldron":2,"minecraft:climb_one_cm":148874,"minecraft:walk_one_cm":7821821,"minecraft:walk_under_water_one_cm":269619,"minecraft:boat_one_cm":497021,"minecraft:pot_flower":23,"minecraft:interact_with_grindstone":2,"minecraft:damage_taken":31469,"minecraft:damage_absorbed":966,"minecraft:minecart_one_cm":5139},"minecraft:picked_up":{"minecraft:seagrass":17,"minecraft:iron_chestplate":14,"minecraft:flower_pot":12,"minecraft:anvil":2,"minecraft:diamond_sword":8,"minecraft:smithing_table":1,"minecraft:lead":17,"minecraft:oak_stairs":38,"minecraft:enchanted_book":2,"minecraft:brewing_stand":5,"minecraft:golden_sword":36,"minecraft:amethyst_block":8,"minecraft:string":3417,"minecraft:diamond_leggings":1,"minecraft:gold_nugget":2651,"minecraft:cobbled_deepslate":1263,"minecraft:spruce_planks":284,"minecraft:trial_key":22,"minecraft:netherite_upgrade_smithing_template":1,"minecraft:enchanted_golden_apple":5,"minecraft:golden_helmet":6,"minecraft:composter":4,"minecraft:lightning_rod":1,"minecraft:waxed_copper_grate":6,"minecraft:golden_chestplate":1,"minecraft:cauldron":7,"minecraft:stone_sword":2,"minecraft:honey_bottle":11,"minecraft:iron_block":3,"minecraft:blaze_rod":9,"minecraft:snowball":1,"minecraft:birch_log":52,"minecraft:magma_block":22,"minecraft:feather":7,"minecraft:cooked_beef":199,"minecraft:iron_door":1,"minecraft:water_bucket":7,"minecraft:smoker":17,"minecraft:flint":16,"minecraft:lantern":6,"minecraft:twisting_vines":5,"minecraft:guster_banner_pattern":1,"minecraft:rabbit":8,"minecraft:diamond_helmet":1,"minecraft:glowstone_dust":244,"minecraft:stripped_spruce_log":24,"minecraft:ink_sac":6,"minecraft:loom":1,"minecraft:dispenser":3,"minecraft:granite":29,"minecraft:bread":323,"minecraft:ominous_trial_key":11,"minecraft:diamond_pickaxe":12,"minecraft:spruce_leaves":239,"minecraft:crafting_table":39,"minecraft:ominous_bottle":5,"minecraft:nether_wart":181,"minecraft:clay_ball":64,"minecraft:leather_leggings":2,"minecraft:wind_charge":115,"minecraft:cornflower":2,"minecraft:red_bed":9,"minecraft:flint_and_steel":3,"minecraft:white_carpet":3,"minecraft:glass_pane":35,"minecraft:cartography_table":7,"minecraft:beef":75,"minecraft:spruce_slab":2,"minecraft:iron_nugget":18,"minecraft:poppy":2,"minecraft:minecart":19,"minecraft:guster_pottery_sherd":2,"minecraft:chest":20,"minecraft:birch_sapling":11,"minecraft:diamond_hoe":6,"minecraft:egg":52,"minecraft:stone":3,"minecraft:spruce_fence":2,"minecraft:fire_charge":1,"minecraft:flow_pottery_sherd":4,"minecraft:carrot":609,"minecraft:redstone":272,"minecraft:diamond_chestplate":1,"minecraft:shears":2,"minecraft:diamond_boots":1,"minecraft:flow_armor_trim_smithing_template":1,"minecraft:gold_ingot":59,"minecraft:tuff_bricks":59,"minecraft:mutton":11,"minecraft:white_wool":19,"minecraft:rail":225,"minecraft:oxeye_daisy":4,"minecraft:stripped_oak_log":34,"minecraft:crafter":1,"minecraft:oak_log":1097,"minecraft:ancient_debris":27,"minecraft:golden_boots":3,"minecraft:blue_bed":6,"minecraft:apple":33,"minecraft:stone_bricks":1,"minecraft:kelp":3,"minecraft:glass_bottle":1,"minecraft:iron_sword":1,"minecraft:smooth_basalt":1,"minecraft:gravel":81,"minecraft:spruce_sapling":170,"minecraft:spruce_log":1939,"minecraft:polished_tuff":4,"minecraft:leather_helmet":1,"minecraft:diamond_shovel":8,"minecraft:purple_bed":14,"minecraft:slime_ball":162,"minecraft:stone_axe":1,"minecraft:short_grass":2,"minecraft:diamond_axe":10,"minecraft:painting":22,"minecraft:gray_wool":2,"minecraft:warped_roots":3,"minecraft:oak_button":6,"minecraft:baked_potato":35,"minecraft:hopper":3,"minecraft:ender_pearl":1,"minecraft:nether_brick_fence":2,"minecraft:turtle_egg":3,"minecraft:potion":7,"minecraft:raw_copper":26,"minecraft:iron_leggings":7,"minecraft:sticky_piston":1,"universal_graves:grave_compass":4,"minecraft:oak_sign":5,"minecraft:bucket":2,"minecraft:rose_bush":2,"minecraft:redstone_torch":16,"minecraft:calcite":2,"minecraft:iron_pickaxe":1,"minecraft:iron_boots":7,"minecraft:furnace":35,"minecraft:tipped_arrow":199,"minecraft:stick":460,"minecraft:oak_fence":16,"minecraft:torch":159,"minecraft:spruce_stairs":75,"minecraft:porkchop":20,"minecraft:pointed_dripstone":8,"minecraft:diorite":23,"minecraft:rotten_flesh":1134,"minecraft:obsidian":93,"minecraft:cod":1,"minecraft:cobblestone":2459,"minecraft:nautilus_shell":2,"minecraft:enchanting_table":3,"minecraft:andesite":71,"minecraft:golden_leggings":2,"minecraft:potato":16,"minecraft:tuff":112,"minecraft:lapis_lazuli":118,"minecraft:dirt":5529,"minecraft:leather_boots":4,"minecraft:glass":262,"minecraft:bone":445,"minecraft:bow":5,"minecraft:wheat_seeds":69,"minecraft:raw_gold":7,"minecraft:grindstone":5,"minecraft:bolt_armor_trim_smithing_template":2,"minecraft:powered_rail":51,"minecraft:scrape_pottery_sherd":6,"minecraft:oak_planks":1396,"minecraft:cooked_porkchop":7,"minecraft:oak_pressure_plate":2,"minecraft:poisonous_potato":1,"minecraft:sand":809,"minecraft:dead_bush":27,"minecraft:grass_block":1,"minecraft:spectral_arrow":12,"minecraft:diamond":324,"minecraft:spruce_boat":14,"minecraft:cracked_polished_blackstone_bricks":4,"minecraft:crossbow":1,"minecraft:breeze_rod":182,"minecraft:golden_apple":1,"minecraft:emerald":119,"minecraft:oak_sapling":323,"minecraft:netherrack":5140,"minecraft:splash_potion":3,"minecraft:chicken":6,"minecraft:ladder":1,"minecraft:brown_mushroom":5,"minecraft:gold_block":2,"minecraft:brick":224,"minecraft:shield":8,"minecraft:oak_trapdoor":6,"minecraft:stone_stairs":4,"minecraft:item_frame":4,"minecraft:quartz_slab":1,"minecraft:blackstone":353,"minecraft:candle":12,"minecraft:oak_boat":11,"minecraft:observer":1,"minecraft:lectern":372,"minecraft:tinted_glass":25,"minecraft:sugar_cane":13,"minecraft:spruce_trapdoor":15,"minecraft:raw_iron":168,"minecraft:copper_ingot":17,"minecraft:polished_blackstone_bricks":3,"minecraft:stone_button":2,"minecraft:trident":2,"minecraft:iron_horse_armor":2,"minecraft:arrow":528,"minecraft:pumpkin_pie":47,"minecraft:golden_hoe":1,"minecraft:nether_bricks":124,"minecraft:basalt":1945,"minecraft:golden_carrot":12,"minecraft:leather":68,"minecraft:birch_planks":1,"minecraft:waxed_copper_block":14,"minecraft:gunpowder":24,"minecraft:rabbit_hide":7,"minecraft:heart_of_the_sea":4,"minecraft:iron_ingot":46,"minecraft:cooked_chicken":5,"minecraft:soul_sand":89,"minecraft:book":910,"minecraft:oak_slab":25,"minecraft:warped_fungus":1,"minecraft:emerald_block":6,"minecraft:heavy_core":2,"minecraft:quartz":60,"minecraft:dandelion":7,"minecraft:dripstone_block":10,"minecraft:amethyst_shard":84,"minecraft:blast_furnace":11,"minecraft:white_bed":26,"minecraft:spruce_door":10,"minecraft:spider_eye":45,"minecraft:iron_helmet":1,"minecraft:chiseled_tuff_bricks":4,"minecraft:coal":411},"minecraft:mined":{"minecraft:white_bed":23,"minecraft:obsidian":77,"minecraft:potted_dead_bush":1,"minecraft:granite":30,"minecraft:chiseled_tuff_bricks":4,"minecraft:hopper":3,"minecraft:nether_wart":36,"minecraft:oxeye_daisy":1,"minecraft:polished_blackstone_bricks":7,"minecraft:tall_seagrass":6,"minecraft:magma_block":21,"minecraft:cobbled_deepslate":13,"minecraft:sticky_piston":1,"minecraft:fire":43,"minecraft:deepslate_lapis_ore":8,"minecraft:enchanting_table":3,"minecraft:water_cauldron":6,"minecraft:dirt_path":26,"minecraft:quartz_slab":1,"minecraft:oak_stairs":16,"minecraft:red_bed":10,"minecraft:kelp_plant":1,"minecraft:smoker":16,"minecraft:amethyst_cluster":20,"minecraft:torch":13,"minecraft:blast_furnace":10,"minecraft:dead_bush":15,"minecraft:glass":56,"minecraft:potted_oak_sapling":1,"minecraft:sugar_cane":4,"minecraft:amethyst_block":8,"minecraft:birch_sapling":1,"minecraft:light_gray_stained_glass":4,"minecraft:wheat":26,"minecraft:waxed_copper_block":24,"minecraft:potted_poppy":1,"minecraft:loom":1,"minecraft:smooth_basalt":1,"minecraft:deepslate":1298,"minecraft:crafter":1,"minecraft:nether_bricks":60,"minecraft:spruce_fence":1,"minecraft:redstone_wire":1,"minecraft:cartography_table":7,"minecraft:kelp":1,"minecraft:redstone_ore":4,"minecraft:waxed_copper_grate":25,"minecraft:andesite":71,"minecraft:potatoes":6,"minecraft:vine":2,"minecraft:rail":175,"minecraft:potted_spruce_sapling":1,"minecraft:smithing_table":1,"minecraft:oak_slab":22,"minecraft:glass_pane":4,"minecraft:soul_sand":40,"minecraft:observer":1,"minecraft:dandelion":1,"minecraft:short_grass":102,"minecraft:warped_roots":1,"minecraft:lightning_rod":1,"minecraft:potted_oxeye_daisy":2,"minecraft:tall_grass":29,"minecraft:copper_ore":7,"minecraft:diorite":23,"minecraft:purple_bed":14,"minecraft:white_carpet":3,"minecraft:spruce_log":547,"minecraft:gravel":104,"minecraft:dripstone_block":7,"minecraft:cobweb":6,"minecraft:stone_bricks":1,"minecraft:fern":2,"minecraft:waxed_cut_copper_slab":1,"minecraft:spruce_planks":92,"minecraft:oak_sapling":21,"minecraft:farmland":1,"minecraft:brewing_stand":5,"minecraft:spruce_trapdoor":15,"minecraft:grass_block":2520,"minecraft:cracked_polished_blackstone_bricks":4,"minecraft:composter":4,"minecraft:tuff_bricks":89,"minecraft:glowstone":72,"minecraft:iron_ore":56,"minecraft:turtle_egg":3,"minecraft:polished_tuff":9,"minecraft:anvil":2,"minecraft:pointed_dripstone":4,"minecraft:waxed_cut_copper_stairs":1,"minecraft:deepslate_redstone_ore":51,"minecraft:blackstone":360,"minecraft:clay":16,"minecraft:calcite":2,"minecraft:poppy":1,"minecraft:chest":19,"minecraft:nether_quartz_ore":54,"minecraft:cobblestone":239,"minecraft:grindstone":5,"minecraft:oak_planks":614,"minecraft:iron_door":1,"minecraft:wall_torch":40,"minecraft:cauldron":1,"minecraft:seagrass":9,"minecraft:stone_stairs":4,"minecraft:warped_nylium":26,"minecraft:powered_rail":53,"minecraft:birch_log":6,"minecraft:oak_log":709,"minecraft:sand":677,"minecraft:dirt":2747,"minecraft:dispenser":4,"minecraft:netherrack":5745,"minecraft:ancient_debris":27,"minecraft:oak_leaves":387,"minecraft:nether_gold_ore":1,"minecraft:tuff":118,"minecraft:deepslate_diamond_ore":161,"minecraft:candle":4,"minecraft:stone_button":2,"minecraft:decorated_pot":70,"minecraft:spruce_leaves":249,"minecraft:large_fern":4,"minecraft:oak_trapdoor":5,"minecraft:spruce_sapling":18,"minecraft:furnace":30,"minecraft:carrots":193,"minecraft:polished_basalt":1,"minecraft:stripped_spruce_log":24,"minecraft:peony":2,"minecraft:nether_brick_fence":1,"minecraft:bookshelf":306,"minecraft:deepslate_iron_ore":106,"minecraft:lantern":5,"minecraft:stripped_oak_log":34,"minecraft:stone":1967,"minecraft:redstone_wall_torch":3,"minecraft:podzol":8,"minecraft:basalt":2091,"minecraft:spruce_door":6,"minecraft:oak_fence":10,"minecraft:crafting_table":34,"minecraft:rose_bush":2,"minecraft:lectern":371,"minecraft:lapis_ore":6,"minecraft:blue_bed":5,"minecraft:spruce_stairs":49,"minecraft:gray_wool":1,"minecraft:birch_planks":1,"minecraft:redstone_torch":10,"minecraft:ice":1,"minecraft:coal_ore":174,"minecraft:flower_pot":3},"minecraft:broken":{"minecraft:golden_boots":2,"minecraft:iron_boots":1,"minecraft:iron_leggings":1,"minecraft:diamond_shovel":3,"minecraft:diamond_pickaxe":2,"minecraft:stone_sword":1,"minecraft:shield":2,"minecraft:iron_pickaxe":2,"minecraft:golden_helmet":2,"minecraft:stone_pickaxe":1,"minecraft:stone_axe":1,"minecraft:diamond_axe":1},"minecraft:killed":{"minecraft:cave_spider":23,"minecraft:skeleton":32,"minecraft:chicken":3,"minecraft:magma_cube":26,"minecraft:pillager":1,"minecraft:zombie":107,"minecraft:cow":33,"minecraft:husk":102,"minecraft:rabbit":5,"minecraft:wandering_trader":1,"minecraft:polar_bear":1,"minecraft:breeze":42,"minecraft:enderman":1,"minecraft:zombified_piglin":1038,"minecraft:spider":45,"minecraft:silverfish":80,"minecraft:turtle":1,"minecraft:piglin_brute":4,"minecraft:wolf":2,"minecraft:piglin":12,"minecraft:pig":5,"minecraft:zombie_villager":3,"minecraft:creeper":22,"minecraft:sheep":9,"minecraft:trader_llama":2,"minecraft:stray":213,"minecraft:blaze":20,"minecraft:slime":87,"minecraft:phantom":1,"minecraft:drowned":14,"minecraft:hoglin":8,"minecraft:squid":1,"minecraft:wither_skeleton":12,"minecraft:player":1,"minecraft:villager":2},"minecraft:used":{"minecraft:tuff_bricks":29,"minecraft:nether_brick_fence":1,"minecraft:dispenser":4,"minecraft:spruce_slab":8,"minecraft:ladder":20,"minecraft:chest":59,"minecraft:stone":73,"minecraft:quartz_stairs":4,"minecraft:rotten_flesh":33,"minecraft:soul_sand":1,"minecraft:crafter":1,"minecraft:snowball":1,"minecraft:stripped_spruce_log":16,"minecraft:spruce_boat":14,"minecraft:lava_bucket":2,"minecraft:bow":142,"minecraft:ominous_bottle":3,"minecraft:oak_sapling":196,"minecraft:furnace":39,"minecraft:cooked_cod":2,"minecraft:egg":38,"minecraft:potato":4,"minecraft:spruce_door":12,"minecraft:powered_rail":59,"minecraft:blackstone":106,"minecraft:wooden_pickaxe":5,"minecraft:composter":6,"minecraft:golden_apple":11,"minecraft:sand":20,"minecraft:blast_furnace":8,"minecraft:lightning_rod":2,"minecraft:stone_button":3,"minecraft:lectern":373,"minecraft:diamond_sword":1072,"minecraft:smithing_table":1,"minecraft:birch_log":5,"minecraft:oak_boat":12,"minecraft:oak_trapdoor":30,"minecraft:enchanting_table":4,"minecraft:stone_sword":133,"minecraft:armor_stand":1,"minecraft:tinted_glass":4,"minecraft:cooked_salmon":8,"minecraft:trial_key":22,"minecraft:netherrack":1141,"minecraft:torch":128,"minecraft:brewing_stand":4,"minecraft:anvil":3,"minecraft:stone_stairs":12,"minecraft:light_weighted_pressure_plate":1,"minecraft:barrel":4,"minecraft:basalt":228,"minecraft:glowstone":52,"minecraft:cobbled_deepslate":128,"minecraft:water_bucket":452,"minecraft:chiseled_bookshelf":6,"minecraft:rabbit":1,"minecraft:birch_planks":101,"minecraft:cartography_table":6,"minecraft:cauldron":7,"minecraft:rail":197,"minecraft:oak_slab":177,"minecraft:crafting_table":42,"minecraft:red_bed":9,"minecraft:white_bed":27,"minecraft:cake":1,"minecraft:spruce_log":325,"minecraft:oak_log":284,"minecraft:diamond_pickaxe":7232,"minecraft:ominous_trial_key":9,"minecraft:diamond_shovel":6029,"minecraft:oak_button":2,"minecraft:iron_pickaxe":500,"minecraft:spruce_trapdoor":93,"minecraft:spruce_sapling":106,"minecraft:purple_bed":14,"minecraft:cobblestone":445,"minecraft:potion":16,"minecraft:cooked_porkchop":13,"minecraft:glass_pane":72,"minecraft:stripped_oak_log":9,"minecraft:dandelion":1,"minecraft:candle":12,"minecraft:diamond_hoe":100,"minecraft:oak_sign":10,"minecraft:shield":231,"minecraft:spruce_leaves":70,"minecraft:iron_chestplate":2,"minecraft:nether_bricks":16,"minecraft:carrot":305,"minecraft:waxed_copper_grate":1,"minecraft:tuff":22,"minecraft:obsidian":84,"minecraft:milk_bucket":1,"minecraft:honey_bottle":2,"minecraft:glass":560,"minecraft:quartz_slab":6,"minecraft:lantern":11,"minecraft:item_frame":24,"minecraft:magma_block":1,"minecraft:stone_pickaxe":166,"minecraft:oak_planks":957,"minecraft:ender_pearl":5,"minecraft:diamond_axe":3544,"minecraft:blue_bed":6,"minecraft:loom":2,"minecraft:crossbow":106,"minecraft:note_block":4,"minecraft:shears":163,"minecraft:polished_tuff":1,"minecraft:redstone_torch":19,"minecraft:mace":1,"minecraft:heavy_weighted_pressure_plate":2,"minecraft:bread":244,"minecraft:string":1,"minecraft:gravel":14,"minecraft:golden_helmet":1,"minecraft:grindstone":3,"minecraft:cooked_rabbit":3,"minecraft:andesite":12,"minecraft:smooth_stone_slab":13,"minecraft:bone_meal":54,"minecraft:oak_fence":39,"minecraft:netherite_sword":1483,"minecraft:rose_bush":2,"minecraft:flint_and_steel":13,"minecraft:redstone":1,"minecraft:spruce_planks":412,"minecraft:ender_chest":1,"minecraft:cooked_chicken":1,"minecraft:dirt":3412,"minecraft:white_carpet":34,"minecraft:hopper":2,"minecraft:spruce_stairs":151,"minecraft:diamond_helmet":1,"minecraft:bookshelf":71,"minecraft:oak_stairs":85,"minecraft:iron_boots":2,"minecraft:golden_carrot":21,"minecraft:netherite_pickaxe":5582,"minecraft:minecart":5,"minecraft:cooked_beef":67,"minecraft:turtle_egg":2,"minecraft:enchanted_golden_apple":4,"minecraft:cooked_mutton":10,"minecraft:glass_bottle":15,"minecraft:baked_potato":11,"minecraft:waxed_copper_block":8,"minecraft:painting":26,"minecraft:smoker":13,"minecraft:flower_pot":26,"minecraft:apple":8,"minecraft:chicken":1,"minecraft:netherite_axe":108,"minecraft:stone_axe":134,"minecraft:white_banner":1,"minecraft:bucket":456,"minecraft:pumpkin_pie":33,"minecraft:gray_wool":1},"minecraft:dropped":{"minecraft:iron_sword":1,"minecraft:short_grass":1,"minecraft:oak_pressure_plate":4,"minecraft:cooked_beef":2,"minecraft:glass_bottle":5,"minecraft:diamond":10,"minecraft:dirt":99,"minecraft:gold_nugget":2,"minecraft:white_wool":8,"minecraft:bone":221,"minecraft:golden_chestplate":1,"minecraft:cobbled_deepslate":160,"minecraft:birch_sapling":11,"minecraft:rotten_flesh":1007,"universal_graves:grave_compass":13,"minecraft:oak_planks":63,"minecraft:glowstone_dust":1,"minecraft:white_bed":3,"minecraft:waxed_copper_block":4,"minecraft:tipped_arrow":3,"minecraft:hopper":4,"minecraft:leather_boots":1,"minecraft:egg":2,"minecraft:iron_ingot":7,"minecraft:wheat_seeds":20,"minecraft:dripstone_block":10,"minecraft:oak_fence":1,"minecraft:feather":3,"minecraft:cobblestone":67,"minecraft:apple":1,"minecraft:granite":16,"minecraft:coal":52,"minecraft:ink_sac":6,"minecraft:diamond_helmet":1,"minecraft:oak_stairs":3,"minecraft:string":57,"minecraft:chicken":2,"minecraft:white_carpet":2,"minecraft:nether_bricks":55,"minecraft:blast_furnace":4,"minecraft:diamond_sword":1,"minecraft:potato":8,"minecraft:spruce_boat":1,"minecraft:diamond_pickaxe":3,"minecraft:redstone_torch":5,"minecraft:spider_eye":1,"minecraft:bow":3,"minecraft:magma_block":13,"minecraft:guster_pottery_sherd":1,"minecraft:soul_sand":2,"minecraft:birch_planks":64,"minecraft:diamond_axe":2,"minecraft:oak_log":186,"minecraft:baked_potato":13,"minecraft:netherite_upgrade_smithing_template":1,"minecraft:leather":1,"minecraft:cod":1,"minecraft:flint":3,"minecraft:mace":1,"minecraft:pumpkin_pie":7,"minecraft:amethyst_shard":16,"minecraft:gold_ingot":9,"minecraft:gravel":17,"minecraft:blackstone":82,"minecraft:chiseled_tuff_bricks":3,"minecraft:pointed_dripstone":8,"minecraft:cooked_mutton":1,"minecraft:honey_bottle":11,"minecraft:carrot":69,"minecraft:rabbit_hide":3,"minecraft:gunpowder":2,"minecraft:lingering_potion":2,"minecraft:basalt":591,"minecraft:arrow":116,"minecraft:quartz":6,"minecraft:splash_potion":4,"minecraft:netherrack":4084,"minecraft:bread":4,"minecraft:oak_slab":14,"minecraft:golden_helmet":2,"minecraft:minecart":2,"minecraft:diamond_leggings":1,"minecraft:poisonous_potato":1,"minecraft:grass_block":1,"minecraft:stick":14,"minecraft:iron_block":1,"minecraft:diorite":12,"minecraft:torch":3,"minecraft:iron_door":1,"minecraft:bucket":3,"minecraft:dandelion":1,"minecraft:kelp":1,"minecraft:tuff_bricks":19,"minecraft:oak_trapdoor":1,"minecraft:flow_pottery_sherd":1,"minecraft:blaze_rod":2,"minecraft:tuff":32,"minecraft:smoker":2,"minecraft:shield":4,"minecraft:diamond_chestplate":1,"minecraft:iron_chestplate":3,"minecraft:andesite":47,"minecraft:golden_leggings":2,"minecraft:oak_boat":1,"minecraft:oak_sapling":41,"minecraft:golden_sword":35,"minecraft:diamond_boots":1,"minecraft:wooden_pickaxe":1,"minecraft:nautilus_shell":1,"minecraft:brick":93}},"DataVersion":3953}