{"stats":{"minecraft:killed_by":{"minecraft:zombie":1,"cataclysm:the_harbinger":1,"aether:fire_minion":1,"iceandfire:fire_dragon":1,"iceandfire:lightning_dragon":8},"minecraft:used":{"alexsmobs:emu_egg":6,"aether:bronze_dungeon_key":1,"farmersdelight:onion_crate":3,"ecologics:sandcastle":2,"minecraft:chest":7,"minecraft:stone":2,"minecraft:rotten_flesh":11,"ironchest:iron_chest":1,"minecraft:bow":1,"minecraft:furnace":12,"minecraft:egg":1,"minecraft:mossy_stone_bricks":19,"minecraft:diorite":24,"minecraft:blackstone":36,"minecraft:wooden_pickaxe":9,"minecraft:golden_apple":12,"minecraft:sand":1,"regions_unexplored:redwood_planks":128,"stalwart_dungeons:soul_bricks":5,"minecraft:cyan_carpet":1,"aether_redux:vanilla_gummy_swet":2,"minecraft:diamond_sword":1361,"delightful:acorn":1,"iceandfire:troll_skull":2,"ironchest:wood_to_iron_chest_upgrade":6,"minecraft:iron_bars":4,"minecraft:enchanting_table":1,"minecraft:stone_sword":13,"minecraft:netherrack":507,"minecraft:torch":88,"minecraft:anvil":1,"minecraft:iron_axe":33,"minecraft:totem_of_undying":1,"minecraft:smooth_basalt":6,"minecraft:glowstone":14,"minecraft:goat_horn":60,"aether:skyroot_planks":58,"minecraft:trapped_chest":1,"minecraft:cobbled_deepslate":84,"alexsdelight:cooked_bison":36,"minecraft:calcite":6,"minecraft:water_bucket":108,"minecraft:rabbit":2,"iceandfire:crackled_stone":9,"minecraft:fletching_table":1,"iceandfire:dragon_skull_lightning":6,"delightful:salmonberries":7,"minecraft:mossy_cobblestone":51,"minecraft:crafting_table":19,"minecraft:red_bed":21,"minecraft:birch_sign":5,"minecraft:white_bed":12,"minecraft:cod":7,"minecraft:oak_log":10,"minecraft:diamond_pickaxe":2405,"minecraft:iron_pickaxe":457,"stalwart_dungeons:tungsten_sword":511,"iceandfire:crackled_cobblestone":7,"minecraft:cobblestone":339,"minecraft:potion":8,"minecraft:cooked_porkchop":72,"minecraft:candle":3,"minecraft:iron_shovel":114,"minecraft:shield":347,"regions_unexplored:salmonberry":31,"minecraft:iron_chestplate":1,"minecraft:carrot":15,"minecraft:obsidian":7,"aether_redux:zanberry":13,"minecraft:lantern":1,"regions_unexplored:redwood_boat":9,"minecraft:wither_skeleton_skull":3,"minecraft:stone_pickaxe":146,"minecraft:oak_planks":23,"minecraft:ender_pearl":1,"minecraft:diamond_axe":74,"morebowsandarrows:obsidian_bow":453,"minecraft:crossbow":30,"aether:blue_aercloud":9,"waystones:waystone":5,"sophisticatedbackpacks:backpack":2,"iceandfire:dragonbone_sword":265,"minecraft:cyan_bed":2,"minecraft:melon_slice":63,"minecraft:bread":83,"ironchest:iron_to_gold_chest_upgrade":6,"minecraft:gravel":5,"nethersdelight:hoglin_sirloin":5,"iceandfire:dragon_skull_fire":4,"regions_unexplored:hanging_earlight_fruit":1,"minecraft:grindstone":1,"minecraft:cooked_rabbit":9,"minecraft:andesite":6,"minecraft:experience_bottle":4,"aether:lightning_knife":6,"aether:blue_gummy_swet":3,"minecraft:rose_bush":1,"minecraft:flint_and_steel":1,"aether:cold_aercloud":17,"aether:aether_dirt":1,"minecraft:spruce_planks":2,"morebowsandarrows:diamond_bow":650,"aether:healing_stone":1,"minecraft:wooden_shovel":21,"minecraft:dirt":34,"aether:ambrosium_shard":87,"minecraft:granite":2,"minecraft:wooden_axe":28,"alexsmobs:maggot":4,"biomesoplenty:orange_sand":1,"minecraft:crimson_planks":15,"minecraft:golden_carrot":11,"minecraft:cooked_beef":58,"aether:holystone":2,"minecraft:light_gray_bed":3,"minecraft:cooked_mutton":40,"iceandfire:fire_dragon_flesh":1,"minecraft:birch_boat":5,"minecraft:green_bed":2,"regions_unexplored:magnolia_planks":3,"disenchanting_table:disenchanting_table":2,"minecraft:flower_pot":1,"minecraft:apple":40,"minecraft:stone_axe":153,"stalwart_dungeons:soul_tiles":3,"aether:golden_parachute":20,"aether:skyroot_remedy_bucket":2,"minecraft:bucket":109,"minecraft:yellow_bed":5,"alexsmobs:animal_dictionary":3,"minecraft:birch_stairs":11,"iceandfire:lectern":1},"minecraft:crafted":{"minecraft:smooth_stone":8,"sophisticatedbackpacks:crafting_upgrade":1,"minecraft:cracked_stone_bricks":5,"minecraft:cooked_mutton":35,"disenchanting_table:disenchanting_table":1,"iceandfire:forest_troll_leather_helmet":1,"minecraft:glass":49,"explorerscompass:explorerscompass":1,"minecraft:cooked_rabbit":4,"minecraft:glass_bottle":36,"minecraft:wooden_shovel":1,"stalwart_dungeons:tungsten_sword":1,"minecraft:cooked_porkchop":28,"minecraft:diamond_axe":1,"iceandfire:armor_red_chestplate":1,"ecologics:sandcastle":2,"morebowsandarrows:obsidian_bow":1,"naturescompass:naturescompass":1,"minecraft:iron_pickaxe":3,"minecraft:iron_block":2,"iceandfire:dragon_horn":1,"aether:book_of_lore":2,"iceandfire:armor_amythest_helmet":1,"alexsdelight:cooked_bison":42,"minecraft:stone_pickaxe":3,"regions_unexplored:magnolia_planks":8,"aether:skyroot_planks":64,"iceandfire:dragonbone_sword":1,"ironchest:wood_to_iron_chest_upgrade":6,"minecraft:glowstone":14,"ironchest:iron_to_gold_chest_upgrade":6,"stalwart_dungeons:tungsten_shield":1,"minecraft:wooden_axe":1,"minecraft:iron_shovel":2,"minecraft:iron_leggings":2,"minecraft:white_bed":2,"iceandfire:armor_bronze_leggings":1,"iceandfire:dragonforge_fire_brick":4,"minecraft:oak_planks":24,"minecraft:stone":15,"stalwart_dungeons:tungsten_helmet":2,"aether:skyroot_stick":4,"minecraft:iron_boots":3,"minecraft:chest":3,"minecraft:stone_bricks":4,"sophisticatedbackpacks:backpack":1,"dungeonnowloading:spawner_frame":74,"minecraft:crafting_table":13,"minecraft:spruce_planks":8,"minecraft:wooden_pickaxe":3,"minecraft:iron_helmet":2,"sophisticatedbackpacks:upgrade_base":1,"minecraft:iron_chestplate":2,"minecraft:shield":5,"iceandfire:dragonscale_bronze":9,"minecraft:stick":56,"minecraft:iron_ingot":148,"iceandfire:armor_bronze_helmet":1,"stalwart_dungeons:tungsten_leggings":1,"biomesoplenty:mahogany_planks":152,"morebowsandarrows:diamond_bow":1,"minecraft:furnace":6,"minecraft:flint_and_steel":1,"minecraft:iron_axe":2,"stalwart_dungeons:tungsten_boots":1,"stalwart_dungeons:tungsten_ingot":31,"minecraft:cooked_beef":19,"paraglider:paraglider":3,"minecraft:crimson_planks":16,"iceandfire:silver_ingot":2,"iceandfire:armor_bronze_boots":2,"minecraft:bucket":2,"minecraft:stone_axe":1,"minecraft:air":0,"regions_unexplored:redwood_planks":144,"stalwart_dungeons:tungsten_chestplate":1,"dungeonnowloading:spawner_chestplate":1,"regions_unexplored:redwood_boat":3},"minecraft:custom":{"minecraft:interact_with_crafting_table":100,"minecraft:open_barrel":50,"minecraft:eat_cake_slice":8,"minecraft:leave_game":20,"minecraft:time_since_death":2630,"minecraft:damage_blocked_by_shield":23307,"minecraft:play_time":1272918,"minecraft:deaths":58,"minecraft:jump":15125,"minecraft:enchant_item":1,"minecraft:interact_with_furnace":173,"minecraft:sleep_in_bed":39,"minecraft:waystone_activated":7,"minecraft:damage_dealt":94532,"minecraft:interact_with_smoker":4,"minecraft:interact_with_anvil":31,"minecraft:inspect_hopper":1,"minecraft:damage_dealt_absorbed":24,"minecraft:sneak_time":38414,"minecraft:interact_with_lectern":4,"minecraft:interact_with_blast_furnace":2,"minecraft:total_world_time":1272918,"minecraft:time_since_rest":2654,"minecraft:swim_one_cm":324152,"minecraft:fly_one_cm":3314474,"minecraft:open_chest":828,"minecraft:fall_one_cm":442478,"minecraft:damage_resisted":52,"minecraft:sprint_one_cm":2305001,"minecraft:drop":760,"minecraft:talked_to_villager":8,"minecraft:walk_on_water_one_cm":232674,"minecraft:interact_with_loom":9,"minecraft:player_kills":1,"minecraft:crouch_one_cm":135356,"minecraft:mob_kills":565,"minecraft:climb_one_cm":30463,"minecraft:walk_one_cm":3963232,"minecraft:walk_under_water_one_cm":295224,"minecraft:pot_flower":1,"minecraft:interact_with_grindstone":3,"minecraft:damage_taken":74399,"minecraft:damage_absorbed":704,"minecraft:trigger_trapped_chest":9},"minecraft:dropped":{"minecraft:crimson_stem":2,"aether:skyroot_planks":8,"iceandfire:raw_silver":1,"minecraft:iron_sword":5,"minecraft:cooked_beef":1,"minecraft:glow_ink_sac":1,"minecraft:glass_bottle":1,"minecraft:crafting_table":1,"aether:skyroot_sapling":5,"aether:skyroot_bucket":5,"minecraft:cooked_porkchop":4,"minecraft:crossbow":1,"biomesoplenty:black_sand":1,"iceandfire:ectoplasm":10,"minecraft:cracked_stone_bricks":1,"minecraft:rail":2,"minecraft:leather_helmet":1,"regions_unexplored:magnolia_sapling":5,"minecraft:emerald":1,"minecraft:dirt":20,"minecraft:red_bed":1,"regions_unexplored:purple_coneflower":23,"minecraft:chain":3,"minecraft:gold_nugget":58,"minecraft:iron_pickaxe":4,"minecraft:sugar":2,"minecraft:white_wool":5,"artifacts:cowboy_hat":1,"minecraft:bone":81,"regions_unexplored:brimwood_log":4,"aether:carved_slab":3,"minecraft:stone_axe":2,"aether:skyroot_stick":9,"minecraft:golden_chestplate":4,"minecraft:cobbled_deepslate":278,"dungeonnowloading:wooden_wall_rack":2,"minecraft:rotten_flesh":95,"minecraft:grindstone":1,"regions_unexplored:redwood_planks":3,"minecraft:salmon":1,"minecraft:acacia_button":3,"biomesoplenty:glowing_moss_carpet":2,"minecraft:tipped_arrow":1,"minecraft:charcoal":2,"iceandfire:crackled_cobblestone":5,"minecraft:leather_leggings":2,"minecraft:red_nether_bricks":2,"minecraft:beef":5,"biomesoplenty:mahogany_sapling":3,"minecraft:crying_obsidian":2,"minecraft:stone_brick_stairs":1,"minecraft:egg":1,"minecraft:enchanted_book":6,"minecraft:crimson_planks":10,"minecraft:iron_ingot":13,"aether_redux:sentry_pillar":4,"regions_unexplored:fireweed":2,"minecraft:wheat_seeds":29,"minecraft:clock":1,"aether:cold_aercloud":3,"stalwart_dungeons:igniter":1,"minecraft:prismarine_crystals":7,"aether:golden_aercloud":1,"minecraft:feather":2,"minecraft:cobblestone":33,"minecraft:iron_helmet":2,"minecraft:book":1,"minecraft:granite":78,"aether_redux:carved_base":23,"minecraft:coal":42,"regions_unexplored:daisy":2,"minecraft:polished_andesite":2,"bygonenether:cobbled_blackstone":14,"minecraft:cobweb":2,"stalwart_dungeons:soul_bricks":24,"minecraft:ink_sac":3,"iceandfire:copper_nugget":54,"minecraft:wooden_axe":1,"minecraft:rabbit":2,"regions_unexplored:dusktrap":1,"regions_unexplored:redwood_log":2,"minecraft:diamond_helmet":2,"minecraft:stripped_birch_log":2,"minecraft:potion":2,"regions_unexplored:redwood_boat":1,"biomesoplenty:glowshroom":2,"minecraft:mossy_cobblestone_stairs":1,"minecraft:smooth_stone":15,"minecraft:polished_deepslate_wall":4,"minecraft:chainmail_leggings":2,"minecraft:iron_shovel":2,"minecraft:string":13,"stalwart_dungeons:soul_tiles":3,"iceandfire:dragon_skull_fire":2,"minecraft:furnace":1,"minecraft:moss_carpet":1,"minecraft:soul_soil":4,"regions_unexplored:bamboo_log":43,"minecraft:stone_sword":4,"minecraft:smooth_stone_slab":5,"minecraft:green_bed":1,"minecraft:clay_ball":4,"minecraft:iron_boots":1,"regions_unexplored:hyssop":8,"aether:aether_dirt":1,"minecraft:nether_bricks":10,"regions_unexplored:blackstone_cluster":1,"minecraft:spruce_fence":1,"minecraft:polished_deepslate_stairs":1,"aether:zanite_pendant":1,"minecraft:diamond_sword":1,"minecraft:stone":2,"minecraft:waxed_cut_copper":1,"minecraft:spruce_planks":3,"minecraft:diamond_pickaxe":2,"minecraft:wooden_shovel":1,"minecraft:stone_bricks":10,"minecraft:spider_eye":5,"minecraft:bamboo":15,"sophisticatedbackpacks:copper_backpack":1,"minecraft:bow":4,"iceandfire:crackled_stone":6,"minecraft:magma_block":6,"minecraft:cooked_rabbit":2,"regions_unexplored:cobalt_roots":11,"regions_unexplored:green_bioshroom":12,"minecraft:soul_sand":1,"regions_unexplored:brimwood_sapling":1,"minecraft:brown_mushroom":2,"minecraft:birch_planks":3,"regions_unexplored:magnolia_log":8,"minecraft:diamond_axe":1,"minecraft:oak_log":7,"minecraft:leather":2,"stalwart_dungeons:tungsten_shield":1,"regions_unexplored:blue_bioshroom":10,"alexsmobs:bison_fur":1,"minecraft:birch_slab":5,"minecraft:music_disc_13":1,"paraglider:spirit_orb":49,"minecraft:flint":2,"alexsdelight:cooked_bison":1,"regions_unexplored:brimsprout":4,"aether:iron_pendant":3,"gravestone:obituary":76,"farmersdelight:onion":1,"minecraft:polished_blackstone_bricks":2,"minecraft:glistering_melon_slice":16,"paraglider:paraglider":2,"biomesoplenty:burning_blossom":2,"minecraft:gravel":25,"minecraft:blackstone":4,"bountiful:bounty":1,"regions_unexplored:pink_bioshroom":1,"artifacts:villager_hat":2,"aether:leather_gloves":2,"minecraft:fern":1,"minecraft:diamond_shovel":2,"aether:aechor_petal":1,"minecraft:cooked_mutton":3,"biomesoplenty:glowing_moss_block":2,"minecraft:carrot":1,"minecraft:leather_chestplate":1,"minecraft:gunpowder":36,"minecraft:skeleton_skull":1,"minecraft:melon_seeds":8,"minecraft:chainmail_boots":3,"minecraft:chest":12,"regions_unexplored:hanging_earlight_fruit":1,"minecraft:arrow":52,"minecraft:iron_bars":16,"aether_redux:carved_pillar":105,"stalwart_dungeons:pusher":5,"minecraft:scaffolding":1,"minecraft:quartz":136,"minecraft:netherrack":418,"aether:icestone":3,"regions_unexplored:tall_blue_bioshroom":5,"biomesoplenty:mahogany_log":5,"minecraft:bread":3,"regions_unexplored:magnolia_planks":5,"regions_unexplored:corpse_flower":1,"minecraft:golden_helmet":1,"aether:carved_stairs":50,"minecraft:lilac":1,"minecraft:mossy_cobblestone":10,"minecraft:diamond_leggings":1,"minecraft:prismarine_shard":3,"minecraft:golden_axe":3,"minecraft:lead":1,"delightful:green_tea_leaf":9,"cataclysm:stone_pillar":1,"iceandfire:cyclops_eye":3,"regions_unexplored:blackwood_shrub":1,"minecraft:stick":28,"minecraft:diorite":33,"alexsmobs:dropbear_claw":6,"minecraft:melon_slice":14,"minecraft:brown_wool":1,"minecraft:iron_leggings":1,"minecraft:polished_andesite_stairs":1,"minecraft:iron_axe":1,"artifacts:rooted_boots":1,"aether_redux:zanberry_bush_stem":1,"minecraft:bucket":1,"minecraft:redstone":4,"minecraft:kelp":11,"minecraft:raw_copper":31,"minecraft:tuff":17,"minecraft:raw_iron":16,"dungeonnowloading:spawner_fragment":6,"aether:book_of_lore":2,"minecraft:filled_map":1,"minecraft:shield":3,"aether:iron_gloves":3,"iceandfire:chared_cobblestone":4,"minecraft:iron_chestplate":1,"minecraft:andesite":12,"minecraft:mossy_stone_bricks":23,"aether:carved_stone":11,"minecraft:oak_sapling":6,"artifacts:pocket_piston":1,"minecraft:birch_sign":7,"minecraft:diamond_boots":2,"minecraft:slime_ball":8,"minecraft:spruce_log":8,"minecraft:stone_pickaxe":5,"minecraft:wooden_pickaxe":3,"minecraft:raw_gold":2,"regions_unexplored:white_magnolia_sapling":4,"sophisticatedbackpacks:iron_backpack":1,"iceandfire:chared_stone":5},"minecraft:killed":{"minecraft:cave_spider":1,"minecraft:skeleton":95,"alexsmobs:centipede_head":1,"theorcs:orc_boss":1,"aether:blue_swet":1,"theorcs:orc_grunt":3,"minecraft:parrot":1,"aether:sheepuff":1,"minecraft:pillager":2,"minecraft:zombie":105,"cataclysm:deepling":1,"iceandfire:lightning_dragon":2,"theorcs:orc_shaman":3,"iceandfire:sea_serpent":1,"minecraft:cow":12,"aether:mimic":9,"alexsmobs:raccoon":2,"aether:golden_swet":2,"minecraft:endermite":1,"alexsmobs:seagull":1,"aether_redux:blightbunny":1,"iceandfire:siren":3,"iceandfire:cyclops":1,"cataclysm:the_watcher":5,"minecraft:rabbit":7,"iceandfire:ghost":26,"minecraft:witch":1,"aether:sentry":4,"minecraft:spider":22,"aether:fire_minion":26,"minecraft:silverfish":4,"minecraft:piglin_brute":10,"artifacts:mimic":4,"minecraft:piglin":1,"theorcs:orc_ranger":4,"minecraft:pig":14,"minecraft:zombie_villager":1,"minecraft:creeper":14,"aether:phyg":8,"aether:aechor_plant":1,"alexsmobs:crimson_mosquito":4,"minecraft:sheep":17,"aether:zephyr":4,"alexsmobs:terrapin":1,"minecraft:stray":12,"alexsmobs:fly":1,"aether_redux:vanilla_swet":1,"minecraft:blaze":3,"alexsmobs:dropbear":2,"minecraft:slime":11,"iceandfire:fire_dragon":4,"aether:valkyrie":10,"alexsmobs:bison":8,"minecraft:drowned":3,"aether:slider":1,"stalwart_dungeons:reinforced_blaze":15,"iceandfire:troll":1,"iceandfire:amphithere":1,"aether:cockatrice":1,"minecraft:bat":1,"minecraft:hoglin":1,"aether:flying_cow":5,"minecraft:wither_skeleton":22},"minecraft:mined":{"minecraft:white_bed":10,"iceandfire:copper_pile":1,"minecraft:red_nether_bricks":3,"minecraft:obsidian":21,"biomesoplenty:burning_blossom":4,"minecraft:granite":68,"minecraft:light_gray_bed":4,"minecraft:oxeye_daisy":1,"regions_unexplored:blue_bioshroom":4,"minecraft:spawner":60,"minecraft:potted_fern":1,"minecraft:polished_blackstone_bricks":1,"minecraft:tall_seagrass":6,"minecraft:magma_block":6,"minecraft:fire":279,"minecraft:cobbled_deepslate":10,"minecraft:deepslate_lapis_ore":2,"minecraft:fletching_table":1,"minecraft:enchanting_table":2,"minecraft:dirt_path":1,"biomesoplenty:webbing":1,"minecraft:iron_block":32,"minecraft:red_bed":22,"minecraft:kelp_plant":2,"biomesoplenty:glowworm_silk":1,"regions_unexplored:white_magnolia_leaves":1,"minecraft:crimson_nylium":6,"regions_unexplored:corpse_flower":1,"minecraft:soul_fire":3,"minecraft:torch":1,"regions_unexplored:bladed_tall_grass":1,"minecraft:polished_andesite_stairs":1,"minecraft:melon":12,"regions_unexplored:cobalt_roots":7,"regions_unexplored:meadow_sage":1,"minecraft:cyan_bed":2,"minecraft:sugar_cane":3,"minecraft:amethyst_block":4,"disenchanting_table:disenchanting_table":1,"minecraft:skeleton_skull":1,"regions_unexplored:hyssop":7,"ecologics:seashell":1,"iceandfire:crackled_stone":16,"minecraft:wheat":2,"minecraft:lilac":1,"biomesoplenty:large_rose_quartz_bud":2,"minecraft:stone_brick_stairs":2,"minecraft:grass":60,"regions_unexplored:oak_shrub":1,"minecraft:smooth_basalt":10,"aether:blue_aercloud":26,"minecraft:deepslate":310,"regions_unexplored:fireweed":1,"iceandfire:silver_ore":3,"minecraft:mossy_cobblestone":25,"stalwart_dungeons:soul_bricks":29,"regions_unexplored:dusktrap":1,"deep_aether:skyjade_ore":1,"minecraft:nether_bricks":13,"regions_unexplored:hanging_earlight":2,"minecraft:kelp":3,"ecologics:sandcastle":1,"aether:skyroot_planks":2,"minecraft:andesite":26,"minecraft:mossy_stone_brick_stairs":1,"iceandfire:podium_oak":1,"minecraft:vine":14,"ironchest:iron_chest":1,"aether_redux:luxweed":1,"minecraft:bamboo":6,"regions_unexplored:redwood_log":9,"aether:gravitite_ore":1,"minecraft:birch_stairs":11,"aether:zanite_ore":5,"minecraft:soul_sand":1,"minecraft:emerald_ore":1,"minecraft:campfire":1,"minecraft:tall_grass":4,"minecraft:copper_ore":7,"minecraft:diorite":58,"stalwart_dungeons:tungsten_ore":35,"aether_redux:zanberry_bush_stem":1,"regions_unexplored:hanging_earlight_plant":2,"minecraft:spruce_log":2,"stalwart_dungeons:igniter":2,"minecraft:gravel":24,"regions_unexplored:blackwood_shrub":1,"minecraft:cobweb":1,"minecraft:stone_bricks":14,"minecraft:fern":22,"regions_unexplored:salmonberry_bush":14,"biomesoplenty:glowshroom":1,"minecraft:spruce_planks":2,"aether:cold_aercloud":45,"cataclysm:stone_pillar":1,"minecraft:grass_block":25,"iceandfire:lectern":1,"aether_redux:short_aether_grass":3,"minecraft:soul_soil":4,"regions_unexplored:purple_coneflower":12,"iceandfire:crackled_cobblestone":16,"aether_redux:zanberry_bush":7,"minecraft:smooth_stone":7,"minecraft:glowstone":28,"minecraft:iron_ore":11,"regions_unexplored:redwood_planks":17,"minecraft:anvil":1,"minecraft:flowering_azalea_leaves":1,"minecraft:iron_bars":33,"minecraft:birch_wall_sign":1,"minecraft:azalea_leaves":2,"minecraft:green_bed":3,"iceandfire:chared_cobblestone":6,"minecraft:waxed_cut_copper":1,"biomesoplenty:medium_rose_quartz_bud":1,"aether:holystone":3,"minecraft:blackstone":19,"stalwart_dungeons:soul_tiles":6,"minecraft:clay":5,"aether:icestone":3,"minecraft:calcite":8,"minecraft:chest":1,"minecraft:nether_quartz_ore":188,"minecraft:cobblestone":59,"minecraft:grindstone":1,"minecraft:oak_planks":6,"minecraft:wall_torch":3,"minecraft:deepslate_copper_ore":1,"minecraft:seagrass":5,"aether:golden_aercloud":1,"aether:aether_grass_block":3,"minecraft:smooth_stone_slab":3,"minecraft:oak_log":2,"minecraft:sand":29,"minecraft:dirt":42,"minecraft:wither_skeleton_skull":2,"regions_unexplored:cobalt_nylium":43,"aether:ambrosium_ore":91,"minecraft:ancient_debris":2,"minecraft:netherrack":1070,"minecraft:oak_leaves":4,"iceandfire:chared_stone":6,"biomesoplenty:glowing_moss_block":1,"minecraft:nether_gold_ore":6,"regions_unexplored:green_bioshroom":2,"minecraft:crying_obsidian":10,"minecraft:tuff":17,"minecraft:candle":1,"aether_redux:veridium_ore":20,"gravestone:gravestone":42,"minecraft:decorated_pot":1,"minecraft:birch_slab":2,"minecraft:rooted_dirt":1,"aether:aether_dirt":5,"minecraft:furnace":8,"treechop:chopped_log":8,"regions_unexplored:white_magnolia_shrub":1,"biomesoplenty:willow_vine":3,"aether:skyroot_log":7,"minecraft:bookshelf":8,"minecraft:stripped_oak_log":3,"regions_unexplored:medium_grass":38,"biomesoplenty:spider_egg":1,"minecraft:stone":308,"sophisticatedbackpacks:backpack":2,"minecraft:podzol":4,"minecraft:scaffolding":1,"biomesoplenty:orange_sand":97,"minecraft:polished_granite":1,"minecraft:crafting_table":8,"minecraft:rose_bush":1,"biomesoplenty:sprout":8,"minecraft:lapis_ore":2,"delightful:wild_salmonberries":7,"aether:skyroot_leaves":12,"minecraft:birch_planks":1,"biomesoplenty:mahogany_log":1,"regions_unexplored:redwood_leaves":8,"minecraft:yellow_bed":5,"minecraft:coal_ore":17,"minecraft:cyan_carpet":1,"minecraft:gray_carpet":1,"minecraft:cracked_stone_bricks":2,"minecraft:polished_andesite":2,"minecraft:mossy_stone_bricks":15},"minecraft:picked_up":{"aether:carved_stone":11,"minecraft:iron_chestplate":6,"minecraft:chainmail_boots":6,"minecraft:flower_pot":1,"minecraft:anvil":1,"minecraft:prismarine_shard":8,"regions_unexplored:magnolia_log":10,"minecraft:lead":1,"minecraft:diamond_sword":4,"minecraft:enchanted_book":6,"aether:ambrosium_torch":2,"minecraft:polished_deepslate_wall":4,"minecraft:amethyst_block":8,"iceandfire:manuscript":17,"minecraft:string":20,"minecraft:soul_soil":4,"minecraft:red_nether_bricks":2,"aether_redux:sentry_pillar":4,"minecraft:diamond_leggings":4,"minecraft:gold_nugget":92,"minecraft:cobbled_deepslate":377,"minecraft:spruce_planks":2,"deep_aether:aether_coarse_dirt":1,"minecraft:melon_slice":96,"minecraft:golden_helmet":2,"explorerscompass:explorerscompass":4,"minecraft:green_bed":3,"iceandfire:silver_ore":2,"iceandfire:lightning_dragon_flesh":4,"minecraft:golden_axe":3,"alexsmobs:centipede_leg":1,"minecraft:golden_chestplate":5,"aether:zanite_pendant":1,"minecraft:rabbit_foot":1,"minecraft:stone_sword":3,"minecraft:light_gray_bed":4,"regions_unexplored:green_bioshroom":12,"artifacts:villager_hat":2,"farmersdelight:onion":1,"aether:chainmail_gloves":2,"minecraft:polished_basalt":2,"iceandfire:fire_dragon_heart":4,"minecraft:iron_block":18,"minecraft:waxed_cut_copper":1,"minecraft:blaze_rod":32,"minecraft:iron_bars":37,"minecraft:magma_block":6,"minecraft:feather":17,"minecraft:cooked_beef":27,"minecraft:birch_slab":5,"minecraft:brown_wool":1,"disenchanting_table:disenchanting_table":1,"alexsmobs:bison_fur":11,"minecraft:flint":3,"regions_unexplored:cobalt_roots":11,"aether:icestone":6,"minecraft:lantern":3,"stalwart_dungeons:blaze_armor_scrap":17,"regions_unexplored:pink_bioshroom":1,"minecraft:diamond_helmet":3,"minecraft:rabbit":11,"minecraft:glowstone_dust":69,"regions_unexplored:blackwood_shrub":1,"biomesoplenty:mahogany_planks":105,"regions_unexplored:bamboo_log":43,"iceandfire:dragonscales_amythest":6,"regions_unexplored:tall_blue_bioshroom":6,"regions_unexplored:salmonberry":38,"iceandfire:dragon_skull_fire":6,"iceandfire:shiny_scales":9,"sophisticatedbackpacks:iron_backpack":1,"aether:zanite_gemstone":8,"minecraft:ink_sac":3,"iceandfire:lightning_dragon_heart":1,"minecraft:trapped_chest":1,"minecraft:barrel":1,"alexsmobs:animal_dictionary":1,"regions_unexplored:brimwood_sapling":1,"iceandfire:chared_cobblestone":4,"minecraft:polished_andesite":7,"regions_unexplored:hyssop":9,"iceandfire:lectern":1,"iceandfire:crackled_stone":15,"minecraft:granite":80,"aether:swet_ball":4,"minecraft:chainmail_helmet":1,"minecraft:bread":41,"minecraft:rooted_dirt":1,"iceandfire:troll_leather_forest":3,"alexsmobs:maggot":4,"aether:blue_aercloud":11,"iceandfire:raw_silver":1,"minecraft:diamond_pickaxe":4,"iceandfire:dragon_skull_lightning":6,"minecraft:crafting_table":12,"iceandfire:witherbone":15,"minecraft:clay_ball":32,"aether:aether_dirt":7,"minecraft:leather_leggings":3,"ecologics:seashell":3,"regions_unexplored:blackstone_cluster":1,"regions_unexplored:blue_bioshroom":10,"minecraft:acacia_button":3,"gravestone:obituary":22,"aether:poison_dart":16,"minecraft:red_bed":23,"minecraft:snow":1,"minecraft:compass":1,"minecraft:iron_shovel":4,"dungeonnowloading:spawner_fragment":294,"iceandfire:bestiary":1,"minecraft:cracked_stone_bricks":2,"minecraft:beef":22,"cataclysm:witherite_ingot":9,"minecraft:chest":24,"aether:iron_pendant":2,"minecraft:egg":2,"minecraft:stone":2,"minecraft:spruce_fence":1,"ironchest:iron_chest":1,"sophisticatedbackpacks:backpack":7,"minecraft:carrot":1,"minecraft:redstone":3,"minecraft:prismarine_crystals":7,"regions_unexplored:dusktrap":1,"regions_unexplored:purple_coneflower":28,"iceandfire:dragonegg_electric":1,"aether:skyroot_log":15,"minecraft:diamond_boots":3,"aether:neptune_gloves":1,"artifacts:pocket_piston":8,"minecraft:gold_ingot":11,"minecraft:totem_of_undying":1,"sophisticatedbackpacks:copper_backpack":2,"minecraft:rail":2,"minecraft:mutton":27,"minecraft:white_wool":18,"biomesoplenty:orange_sand":134,"minecraft:oxeye_daisy":1,"minecraft:stripped_oak_log":3,"minecraft:clock":3,"iceandfire:sea_serpent_fang":1,"minecraft:fern":2,"minecraft:oak_log":79,"minecraft:ancient_debris":2,"minecraft:paper":15,"aether:skyroot_planks":4,"biomesoplenty:glowing_moss_carpet":2,"minecraft:apple":21,"minecraft:stone_bricks":13,"minecraft:kelp":11,"minecraft:stone_pickaxe":3,"minecraft:cobweb":2,"regions_unexplored:brimwood_log":4,"minecraft:iron_sword":5,"minecraft:polished_andesite_stairs":1,"iceandfire:chared_stone":5,"iceandfire:copper_nugget":140,"minecraft:smooth_basalt":8,"regions_unexplored:white_magnolia_sapling":4,"aether:enchanted_dart":12,"minecraft:gravel":31,"minecraft:birch_stairs":11,"delightful:salmonberries":7,"minecraft:spruce_log":10,"minecraft:crying_obsidian":9,"minecraft:leather_helmet":1,"aether_redux:raw_veridium":21,"biomesoplenty:mahogany_log":43,"minecraft:diamond_shovel":1,"minecraft:coal_ore":30,"minecraft:slime_ball":13,"regions_unexplored:fireweed":2,"minecraft:stone_axe":1,"minecraft:diamond_axe":1,"minecraft:birch_sign":12,"minecraft:gray_wool":1,"aether:carved_stairs":50,"minecraft:melon_seeds":4,"biomesoplenty:burning_blossom":2,"minecraft:black_carpet":5,"aether:iron_gloves":3,"regions_unexplored:brimsprout":4,"minecraft:potion":1,"minecraft:stone_brick_stairs":3,"minecraft:raw_copper":31,"iceandfire:sea_serpent_scales_teal":4,"minecraft:smooth_stone_slab":5,"minecraft:iron_leggings":1,"minecraft:armor_stand":3,"alexsmobs:dropbear_claw":6,"aether:skyroot_stick":7,"alexsmobs:blood_sac":4,"minecraft:smooth_stone":15,"delightful:acorn":1,"minecraft:rose_bush":1,"minecraft:calcite":6,"nethersdelight:hoglin_sirloin":6,"minecraft:iron_pickaxe":5,"aether_redux:vampire_amulet":1,"delightful:green_tea_leaf":9,"iceandfire:dragonscales_red":17,"minecraft:iron_boots":2,"regions_unexplored:redwood_log":100,"minecraft:furnace":9,"aether_redux:carved_base":23,"minecraft:tipped_arrow":32,"minecraft:stick":33,"iceandfire:ghost_chest":1,"regions_unexplored:corpse_flower":1,"minecraft:polished_deepslate_stairs":1,"minecraft:torch":60,"minecraft:porkchop":15,"aether_redux:ring_of_construction":4,"minecraft:diorite":57,"regions_unexplored:daisy":2,"minecraft:goat_horn":2,"minecraft:rotten_flesh":119,"biomesoplenty:mahogany_sapling":3,"alexsdelight:raw_bison":42,"alexsmobs:emu_egg":6,"aether:iron_ring":4,"cataclysm:stone_pillar":1,"minecraft:obsidian":20,"regions_unexplored:magnolia_sapling":5,"minecraft:cod":7,"minecraft:cobblestone":365,"minecraft:crimson_hyphae":3,"minecraft:enchanting_table":2,"minecraft:leather_chestplate":2,"minecraft:lilac":1,"minecraft:andesite":16,"aether:golden_aercloud":1,"minecraft:golden_leggings":4,"biomesoplenty:glowshroom":2,"minecraft:potato":23,"paraglider:spirit_orb":175,"minecraft:tuff":17,"aether_redux:raw_gravitite":1,"minecraft:wither_skeleton_skull":4,"minecraft:dirt":70,"minecraft:stripped_birch_log":2,"iceandfire:dragonscales_bronze":106,"minecraft:name_tag":2,"minecraft:glass":22,"minecraft:bone":317,"minecraft:bow":16,"minecraft:wheat_seeds":39,"aether:holystone":2,"minecraft:raw_gold":8,"minecraft:grindstone":2,"aether:cold_aercloud":45,"minecraft:mossy_stone_bricks":28,"minecraft:fletching_table":1,"minecraft:bamboo":22,"minecraft:oak_planks":108,"minecraft:mossy_stone_brick_stairs":1,"iceandfire:amphithere_feather":2,"minecraft:cooked_porkchop":64,"minecraft:sand":29,"minecraft:cyan_bed":2,"dungeonnowloading:wooden_wall_rack":1,"minecraft:mossy_cobblestone":23,"aether:bronze_dungeon_key":1,"minecraft:sugar":8,"regions_unexplored:hanging_earlight_fruit":2,"minecraft:diamond":2,"waystones:waystone":5,"aether:ambrosium_shard":89,"minecraft:crossbow":4,"minecraft:golden_apple":1,"minecraft:emerald":2,"aether:golden_amber":3,"minecraft:oak_sapling":10,"minecraft:netherrack":929,"aether:aechor_petal":1,"minecraft:charcoal":2,"minecraft:splash_potion":1,"minecraft:brown_mushroom":2,"minecraft:cooked_rabbit":6,"stalwart_dungeons:soul_bricks":29,"minecraft:chain":3,"minecraft:shield":6,"aether:leather_gloves":2,"minecraft:moss_carpet":1,"minecraft:iron_axe":1,"alexsdelight:cooked_bison":5,"minecraft:cyan_carpet":1,"minecraft:blackstone":40,"aether_redux:zanberry_bush_stem":1,"minecraft:candle":3,"biomesoplenty:black_sand":1,"regions_unexplored:redwood_planks":22,"minecraft:sugar_cane":1,"aether_redux:vanilla_swet_ball":2,"minecraft:phantom_membrane":4,"minecraft:raw_iron":31,"iceandfire:dragonbone":102,"iceandfire:troll_tusk":2,"bygonenether:cobbled_blackstone":14,"regions_unexplored:redwood_boat":8,"minecraft:polished_blackstone_bricks":2,"aether_redux:carved_pillar":105,"minecraft:stone_button":2,"iceandfire:silver_ingot":2,"minecraft:arrow":194,"iceandfire:cyclops_eye":4,"artifacts:cowboy_hat":1,"stalwart_dungeons:raw_tungsten":31,"minecraft:nether_bricks":11,"minecraft:glistering_melon_slice":8,"minecraft:saddle":1,"minecraft:skeleton_skull":4,"aether_redux:golden_swet_ball":1,"iceandfire:dragonegg_green":1,"minecraft:salmon":1,"minecraft:crimson_stem":3,"aether:skyroot_sapling":10,"artifacts:novelty_drinking_hat":3,"minecraft:glow_ink_sac":1,"aether:skyroot_bucket":5,"minecraft:leather":32,"minecraft:birch_planks":3,"artifacts:onion_ring":1,"minecraft:chainmail_chestplate":1,"artifacts:superstitious_hat":1,"iceandfire:ectoplasm":16,"minecraft:yellow_bed":5,"minecraft:gunpowder":36,"minecraft:cooked_mutton":18,"stalwart_dungeons:pusher":5,"minecraft:rabbit_hide":5,"minecraft:iron_ingot":36,"aether:victory_medal":10,"artifacts:kitty_slippers":3,"iceandfire:fire_dragon_flesh":13,"minecraft:soul_sand":1,"iceandfire:crackled_cobblestone":12,"minecraft:book":48,"minecraft:scaffolding":1,"minecraft:oak_slab":1,"minecraft:birch_boat":6,"minecraft:quartz":148,"stalwart_dungeons:soul_tiles":6,"minecraft:white_bed":11,"biomesoplenty:glowing_moss_block":2,"minecraft:spider_eye":8,"aether_redux:zanberry":13,"minecraft:chainmail_leggings":3,"minecraft:iron_helmet":7,"minecraft:mossy_cobblestone_stairs":1,"iceandfire:troll_skull":2,"aether:carved_slab":3,"stalwart_dungeons:igniter":1,"aether:golden_dart":20,"minecraft:coal":178},"minecraft:broken":{"aether:golden_gloves":1,"minecraft:iron_boots":2,"stalwart_dungeons:tungsten_chestplate":1,"iceandfire:armor_bronze_boots":1,"iceandfire:armor_bronze_helmet":1,"aether:golden_parachute":1,"minecraft:diamond_leggings":1,"minecraft:shield":5,"stalwart_dungeons:tungsten_leggings":1,"minecraft:iron_helmet":2,"stalwart_dungeons:tungsten_boots":1,"iceandfire:armor_bronze_leggings":1,"minecraft:stone_axe":1,"aether:chainmail_gloves":1,"minecraft:diamond_chestplate":1,"stalwart_dungeons:tungsten_helmet":1,"iceandfire:armor_amythest_helmet":1}},"DataVersion":3465}