{"stats":{"minecraft:dropped":{"minecraft:enchanted_book":1,"minecraft:iron_ingot":8,"minecraft:wheat_seeds":4,"minecraft:mossy_cobblestone":2,"minecraft:leather":1,"minecraft:cracked_stone_bricks":1,"minecraft:stick":1,"minecraft:rabbit":2,"minecraft:melon_slice":8,"minecraft:stripped_birch_log":2,"minecraft:mossy_cobblestone_stairs":1,"minecraft:smooth_stone":8,"minecraft:stone_axe":2,"minecraft:moss_carpet":1,"minecraft:stone_sword":1,"minecraft:golden_chestplate":2,"minecraft:rotten_flesh":2,"minecraft:cooked_mutton":3,"regions_unexplored:redwood_planks":3,"minecraft:gunpowder":1,"minecraft:andesite":7,"minecraft:mossy_stone_bricks":1,"artifacts:pocket_piston":1,"minecraft:wooden_shovel":1,"minecraft:stone_bricks":3,"minecraft:diamond_boots":2,"minecraft:wooden_pickaxe":1,"minecraft:iron_bars":6,"minecraft:bow":2,"minecraft:stone_pickaxe":2,"minecraft:cooked_rabbit":2},"minecraft:mined":{"regions_unexplored:salmonberry_bush":14,"minecraft:white_bed":4,"minecraft:mossy_cobblestone":3,"iceandfire:silver_ore":2,"minecraft:grass_block":3,"iceandfire:lectern":1,"regions_unexplored:purple_coneflower":2,"minecraft:oxeye_daisy":1,"minecraft:spawner":18,"ecologics:sandcastle":1,"minecraft:furnace":2,"minecraft:fire":2,"minecraft:andesite":7,"regions_unexplored:redwood_planks":17,"treechop:chopped_log":1,"minecraft:mossy_stone_brick_stairs":1,"iceandfire:podium_oak":1,"minecraft:bookshelf":4,"minecraft:vine":2,"minecraft:iron_bars":12,"biomesoplenty:webbing":1,"minecraft:stripped_oak_log":3,"regions_unexplored:medium_grass":16,"minecraft:bamboo":1,"minecraft:stone":34,"regions_unexplored:redwood_log":2,"sophisticatedbackpacks:backpack":2,"minecraft:podzol":4,"minecraft:polished_granite":1,"minecraft:crafting_table":5,"minecraft:torch":1,"minecraft:calcite":8,"minecraft:melon":9,"minecraft:rose_bush":1,"minecraft:tall_grass":1,"minecraft:cobblestone":23,"biomesoplenty:sprout":4,"delightful:wild_salmonberries":7,"minecraft:wall_torch":3,"minecraft:amethyst_block":4,"minecraft:skeleton_skull":1,"regions_unexplored:hyssop":1,"ecologics:seashell":1,"minecraft:wheat":1,"regions_unexplored:redwood_leaves":6,"minecraft:stone_brick_stairs":1,"minecraft:grass":28,"regions_unexplored:oak_shrub":1,"minecraft:coal_ore":17,"minecraft:sand":17,"minecraft:dirt":18,"minecraft:gray_carpet":1,"minecraft:cracked_stone_bricks":1,"minecraft:smooth_basalt":10,"minecraft:stone_bricks":7,"minecraft:mossy_stone_bricks":2,"minecraft:oak_leaves":2,"minecraft:fern":5},"minecraft:picked_up":{"minecraft:iron_chestplate":3,"minecraft:crafting_table":8,"minecraft:chainmail_boots":3,"minecraft:diamond_sword":3,"ecologics:seashell":3,"minecraft:cooked_rabbit":6,"minecraft:enchanted_book":2,"minecraft:stone_brick_stairs":2,"minecraft:shield":2,"minecraft:amethyst_block":8,"minecraft:string":4,"minecraft:moss_carpet":1,"minecraft:iron_axe":1,"minecraft:armor_stand":1,"minecraft:compass":1,"minecraft:iron_shovel":3,"alexsdelight:cooked_bison":4,"dungeonnowloading:spawner_fragment":94,"iceandfire:bestiary":1,"minecraft:cracked_stone_bricks":1,"minecraft:diamond_leggings":2,"minecraft:smooth_stone":8,"minecraft:beef":13,"minecraft:rose_bush":1,"minecraft:calcite":6,"minecraft:iron_pickaxe":1,"regions_unexplored:redwood_planks":19,"minecraft:melon_slice":80,"minecraft:furnace":2,"minecraft:iron_boots":1,"minecraft:phantom_membrane":4,"regions_unexplored:redwood_log":92,"minecraft:tipped_arrow":1,"minecraft:stick":5,"minecraft:raw_iron":1,"explorerscompass:explorerscompass":3,"minecraft:torch":46,"iceandfire:silver_ore":2,"sophisticatedbackpacks:backpack":5,"minecraft:porkchop":12,"minecraft:golden_chestplate":2,"minecraft:rabbit_foot":1,"minecraft:goat_horn":1,"regions_unexplored:purple_coneflower":5,"minecraft:arrow":93,"minecraft:rotten_flesh":9,"minecraft:nether_bricks":1,"minecraft:diamond_boots":3,"alexsdelight:raw_bison":13,"minecraft:gold_ingot":11,"minecraft:saddle":1,"artifacts:pocket_piston":4,"minecraft:mutton":18,"minecraft:iron_bars":13,"minecraft:white_wool":12,"minecraft:cobblestone":81,"minecraft:oxeye_daisy":1,"minecraft:stripped_oak_log":3,"minecraft:clock":1,"minecraft:cooked_beef":1,"minecraft:andesite":7,"minecraft:leather":9,"minecraft:golden_leggings":1,"alexsmobs:bison_fur":2,"paraglider:spirit_orb":44,"minecraft:oak_log":63,"iceandfire:ectoplasm":1,"minecraft:gunpowder":1,"minecraft:stripped_birch_log":2,"minecraft:dirt":20,"minecraft:lantern":2,"minecraft:name_tag":2,"minecraft:cooked_mutton":10,"minecraft:bone":137,"minecraft:apple":10,"minecraft:stone_bricks":4,"minecraft:bow":4,"minecraft:wheat_seeds":9,"minecraft:rabbit_hide":5,"minecraft:stone_pickaxe":2,"minecraft:iron_ingot":18,"minecraft:mossy_stone_bricks":1,"minecraft:rabbit":11,"minecraft:bamboo":7,"minecraft:mossy_stone_brick_stairs":1,"minecraft:oak_planks":79,"minecraft:book":32,"minecraft:oak_slab":1,"minecraft:smooth_basalt":8,"minecraft:cooked_porkchop":13,"regions_unexplored:salmonberry":38,"minecraft:sand":17,"delightful:salmonberries":7,"minecraft:white_bed":4,"alexsmobs:animal_dictionary":1,"minecraft:mossy_cobblestone":2,"regions_unexplored:hyssop":1,"minecraft:coal_ore":15,"minecraft:slime_ball":5,"minecraft:stone_axe":1,"iceandfire:lectern":1,"waystones:waystone":2,"minecraft:iron_helmet":3,"minecraft:crossbow":3,"minecraft:gray_wool":1,"minecraft:golden_apple":1,"minecraft:mossy_cobblestone_stairs":1,"minecraft:bread":1,"minecraft:coal":123,"minecraft:diamond_pickaxe":2},"minecraft:killed":{"minecraft:cave_spider":1,"minecraft:spider":4,"minecraft:skeleton":18,"minecraft:silverfish":4,"alexsmobs:bison":2,"minecraft:pig":6,"minecraft:rabbit":7,"minecraft:sheep":11,"minecraft:pillager":2,"minecraft:zombie":10,"iceandfire:ghost":5,"alexsmobs:terrapin":1,"minecraft:stray":5,"minecraft:cow":7},"minecraft:broken":{"aether:golden_gloves":1,"minecraft:iron_helmet":1},"minecraft:crafted":{"minecraft:smooth_stone":8,"minecraft:oak_planks":12,"minecraft:stone":15,"minecraft:cracked_stone_bricks":5,"minecraft:cooked_mutton":15,"alexsdelight:cooked_bison":13,"explorerscompass:explorerscompass":1,"minecraft:iron_axe":1,"minecraft:stone_pickaxe":1,"minecraft:chest":1,"minecraft:stone_bricks":4,"minecraft:cooked_rabbit":4,"minecraft:cooked_beef":11,"minecraft:wooden_shovel":1,"sophisticatedbackpacks:backpack":1,"iceandfire:silver_ingot":2,"minecraft:cooked_porkchop":12,"minecraft:crafting_table":3,"minecraft:wooden_pickaxe":1,"ecologics:sandcastle":2,"minecraft:stone_axe":1,"minecraft:air":0,"regions_unexplored:redwood_planks":116,"minecraft:shield":2,"minecraft:stick":16,"minecraft:iron_pickaxe":1,"minecraft:iron_ingot":3,"minecraft:white_bed":2},"minecraft:custom":{"minecraft:interact_with_anvil":1,"minecraft:mob_kills":86,"minecraft:interact_with_crafting_table":22,"minecraft:open_barrel":6,"minecraft:eat_cake_slice":1,"minecraft:leave_game":2,"minecraft:time_since_death":1184,"minecraft:climb_one_cm":11645,"minecraft:sprint_one_cm":622454,"minecraft:walk_one_cm":685072,"minecraft:damage_blocked_by_shield":7058,"minecraft:drop":48,"minecraft:talked_to_villager":5,"minecraft:play_time":228216,"minecraft:deaths":5,"minecraft:sneak_time":3223,"minecraft:walk_under_water_one_cm":25757,"minecraft:jump":3133,"minecraft:interact_with_blast_furnace":2,"minecraft:walk_on_water_one_cm":17677,"minecraft:total_world_time":228216,"minecraft:interact_with_furnace":90,"minecraft:sleep_in_bed":11,"minecraft:waystone_activated":3,"minecraft:time_since_rest":1217,"minecraft:damage_taken":6608,"minecraft:damage_absorbed":120,"minecraft:trigger_trapped_chest":3,"minecraft:damage_dealt":12792,"minecraft:fly_one_cm":594659,"minecraft:swim_one_cm":43672,"minecraft:open_chest":164,"minecraft:crouch_one_cm":12765,"minecraft:interact_with_smoker":4,"minecraft:fall_one_cm":99398},"minecraft:killed_by":{"iceandfire:fire_dragon":1},"minecraft:used":{"farmersdelight:onion_crate":3,"ecologics:sandcastle":2,"minecraft:stone_sword":13,"minecraft:rose_bush":1,"minecraft:iron_shovel":4,"minecraft:shield":113,"regions_unexplored:salmonberry":20,"minecraft:wooden_shovel":21,"minecraft:torch":36,"minecraft:dirt":16,"minecraft:carrot":15,"minecraft:iron_axe":22,"minecraft:smooth_basalt":6,"minecraft:goat_horn":34,"minecraft:furnace":2,"minecraft:cooked_beef":13,"alexsdelight:cooked_bison":1,"minecraft:calcite":6,"minecraft:cooked_mutton":10,"minecraft:rabbit":2,"minecraft:oak_planks":13,"minecraft:stone_pickaxe":37,"minecraft:wooden_pickaxe":3,"minecraft:golden_apple":3,"delightful:salmonberries":7,"regions_unexplored:redwood_planks":78,"minecraft:sand":1,"minecraft:crafting_table":8,"minecraft:crossbow":20,"minecraft:white_bed":5,"minecraft:oak_log":10,"waystones:waystone":2,"sophisticatedbackpacks:backpack":2,"minecraft:diamond_pickaxe":34,"minecraft:bread":22,"minecraft:melon_slice":37,"minecraft:iron_pickaxe":86,"minecraft:stone_axe":87,"minecraft:diamond_sword":223,"minecraft:cobblestone":51,"minecraft:potion":1,"minecraft:cooked_porkchop":14,"alexsmobs:animal_dictionary":3,"minecraft:experience_bottle":2}},"DataVersion":3465}