{"stats":{"minecraft:custom":{"minecraft:interact_with_crafting_table":77,"minecraft:open_barrel":37,"minecraft:eat_cake_slice":8,"minecraft:leave_game":13,"minecraft:time_since_death":44597,"minecraft:damage_blocked_by_shield":22722,"minecraft:play_time":864726,"minecraft:deaths":35,"minecraft:jump":10566,"minecraft:interact_with_furnace":151,"minecraft:sleep_in_bed":37,"minecraft:waystone_activated":7,"minecraft:damage_dealt":63566,"minecraft:interact_with_smoker":4,"minecraft:interact_with_anvil":18,"minecraft:inspect_hopper":1,"minecraft:sneak_time":28935,"minecraft:interact_with_lectern":4,"minecraft:interact_with_blast_furnace":2,"minecraft:total_world_time":864726,"minecraft:time_since_rest":44620,"minecraft:swim_one_cm":275432,"minecraft:fly_one_cm":2151528,"minecraft:open_chest":541,"minecraft:fall_one_cm":319566,"minecraft:damage_resisted":52,"minecraft:sprint_one_cm":1690877,"minecraft:drop":480,"minecraft:talked_to_villager":7,"minecraft:walk_on_water_one_cm":195921,"minecraft:interact_with_loom":6,"minecraft:crouch_one_cm":104344,"minecraft:mob_kills":421,"minecraft:climb_one_cm":26864,"minecraft:walk_one_cm":2406245,"minecraft:walk_under_water_one_cm":214218,"minecraft:interact_with_grindstone":2,"minecraft:damage_taken":42478,"minecraft:damage_absorbed":704,"minecraft:trigger_trapped_chest":7},"minecraft:mined":{"minecraft:white_bed":10,"iceandfire:copper_pile":1,"minecraft:red_nether_bricks":3,"minecraft:obsidian":10,"biomesoplenty:burning_blossom":4,"minecraft:granite":68,"minecraft:oxeye_daisy":1,"minecraft:spawner":60,"minecraft:tall_seagrass":4,"minecraft:magma_block":2,"minecraft:fire":61,"minecraft:cobbled_deepslate":1,"minecraft:deepslate_lapis_ore":2,"minecraft:fletching_table":1,"minecraft:enchanting_table":2,"minecraft:dirt_path":1,"biomesoplenty:webbing":1,"minecraft:iron_block":32,"minecraft:red_bed":14,"regions_unexplored:white_magnolia_leaves":1,"minecraft:kelp_plant":1,"biomesoplenty:glowworm_silk":1,"minecraft:crimson_nylium":6,"minecraft:torch":1,"minecraft:melon":9,"minecraft:polished_andesite_stairs":1,"regions_unexplored:cobalt_roots":4,"regions_unexplored:meadow_sage":1,"minecraft:cyan_bed":2,"minecraft:sugar_cane":3,"minecraft:amethyst_block":4,"disenchanting_table:disenchanting_table":1,"minecraft:skeleton_skull":1,"regions_unexplored:hyssop":7,"ecologics:seashell":1,"iceandfire:crackled_stone":16,"minecraft:wheat":2,"minecraft:lilac":1,"biomesoplenty:large_rose_quartz_bud":2,"minecraft:stone_brick_stairs":2,"minecraft:grass":57,"regions_unexplored:oak_shrub":1,"minecraft:smooth_basalt":10,"minecraft:deepslate":86,"regions_unexplored:fireweed":1,"iceandfire:silver_ore":3,"minecraft:mossy_cobblestone":19,"stalwart_dungeons:soul_bricks":24,"minecraft:nether_bricks":13,"regions_unexplored:hanging_earlight":1,"minecraft:kelp":3,"ecologics:sandcastle":1,"minecraft:andesite":26,"minecraft:mossy_stone_brick_stairs":1,"iceandfire:podium_oak":1,"minecraft:vine":14,"minecraft:bamboo":6,"regions_unexplored:redwood_log":9,"minecraft:soul_sand":1,"minecraft:emerald_ore":1,"minecraft:campfire":1,"minecraft:copper_ore":7,"minecraft:tall_grass":1,"minecraft:diorite":27,"stalwart_dungeons:tungsten_ore":25,"minecraft:spruce_log":2,"minecraft:stone_bricks":9,"minecraft:fern":22,"regions_unexplored:salmonberry_bush":14,"minecraft:spruce_planks":2,"biomesoplenty:glowshroom":1,"minecraft:grass_block":20,"iceandfire:lectern":1,"minecraft:soul_soil":2,"regions_unexplored:purple_coneflower":7,"iceandfire:crackled_cobblestone":16,"minecraft:smooth_stone":1,"minecraft:iron_ore":11,"regions_unexplored:redwood_planks":17,"minecraft:anvil":1,"minecraft:flowering_azalea_leaves":1,"minecraft:iron_bars":33,"minecraft:azalea_leaves":2,"minecraft:green_bed":3,"iceandfire:chared_cobblestone":6,"biomesoplenty:medium_rose_quartz_bud":1,"minecraft:blackstone":14,"stalwart_dungeons:soul_tiles":3,"minecraft:calcite":8,"minecraft:chest":1,"minecraft:nether_quartz_ore":125,"minecraft:cobblestone":56,"minecraft:grindstone":1,"minecraft:oak_planks":6,"minecraft:wall_torch":3,"minecraft:deepslate_copper_ore":1,"minecraft:seagrass":4,"minecraft:smooth_stone_slab":1,"minecraft:oak_log":2,"minecraft:sand":29,"minecraft:dirt":42,"minecraft:wither_skeleton_skull":1,"regions_unexplored:cobalt_nylium":4,"minecraft:ancient_debris":2,"minecraft:netherrack":955,"minecraft:oak_leaves":4,"iceandfire:chared_stone":6,"biomesoplenty:glowing_moss_block":1,"minecraft:nether_gold_ore":6,"minecraft:crying_obsidian":2,"minecraft:tuff":1,"gravestone:gravestone":20,"minecraft:rooted_dirt":1,"minecraft:furnace":8,"treechop:chopped_log":6,"regions_unexplored:white_magnolia_shrub":1,"biomesoplenty:willow_vine":3,"minecraft:bookshelf":8,"minecraft:stripped_oak_log":3,"regions_unexplored:medium_grass":31,"minecraft:stone":296,"biomesoplenty:spider_egg":1,"sophisticatedbackpacks:backpack":2,"minecraft:podzol":4,"minecraft:scaffolding":1,"biomesoplenty:orange_sand":97,"minecraft:polished_granite":1,"minecraft:crafting_table":7,"minecraft:rose_bush":1,"biomesoplenty:sprout":8,"minecraft:lapis_ore":2,"delightful:wild_salmonberries":7,"biomesoplenty:mahogany_log":1,"regions_unexplored:redwood_leaves":6,"minecraft:yellow_bed":5,"minecraft:coal_ore":17,"minecraft:cyan_carpet":1,"minecraft:gray_carpet":1,"minecraft:cracked_stone_bricks":2,"minecraft:polished_andesite":1,"minecraft:mossy_stone_bricks":9},"minecraft:broken":{"aether:golden_gloves":1,"minecraft:iron_boots":2,"iceandfire:armor_bronze_boots":1,"iceandfire:armor_bronze_helmet":1,"minecraft:shield":5,"minecraft:iron_helmet":2,"iceandfire:armor_bronze_leggings":1,"minecraft:stone_axe":1,"aether:chainmail_gloves":1,"minecraft:diamond_chestplate":1},"minecraft:used":{"alexsmobs:emu_egg":4,"iceandfire:lectern":1,"farmersdelight:onion_crate":3,"ecologics:sandcastle":2,"minecraft:chest":2,"minecraft:rotten_flesh":11,"minecraft:bow":1,"minecraft:furnace":8,"minecraft:egg":1,"minecraft:mossy_stone_bricks":17,"minecraft:diorite":10,"minecraft:wooden_pickaxe":9,"minecraft:golden_apple":12,"minecraft:sand":1,"regions_unexplored:redwood_planks":128,"minecraft:cyan_carpet":1,"minecraft:diamond_sword":1002,"delightful:acorn":1,"iceandfire:troll_skull":2,"minecraft:stone_sword":13,"minecraft:enchanting_table":1,"minecraft:iron_bars":4,"minecraft:netherrack":398,"minecraft:torch":88,"minecraft:anvil":1,"minecraft:iron_axe":33,"minecraft:totem_of_undying":1,"minecraft:smooth_basalt":6,"minecraft:goat_horn":60,"minecraft:trapped_chest":1,"minecraft:cobbled_deepslate":5,"alexsdelight:cooked_bison":26,"minecraft:calcite":6,"minecraft:water_bucket":78,"minecraft:rabbit":2,"iceandfire:crackled_stone":9,"minecraft:fletching_table":1,"iceandfire:dragon_skull_lightning":6,"delightful:salmonberries":7,"minecraft:mossy_cobblestone":51,"minecraft:crafting_table":17,"minecraft:red_bed":13,"minecraft:white_bed":12,"minecraft:cod":7,"minecraft:oak_log":10,"minecraft:diamond_pickaxe":1484,"minecraft:iron_pickaxe":457,"minecraft:potion":8,"iceandfire:crackled_cobblestone":7,"minecraft:cobblestone":298,"minecraft:cooked_porkchop":43,"minecraft:iron_shovel":114,"minecraft:shield":333,"regions_unexplored:salmonberry":31,"minecraft:iron_chestplate":1,"minecraft:carrot":15,"minecraft:lantern":1,"regions_unexplored:redwood_boat":9,"minecraft:stone_pickaxe":146,"minecraft:oak_planks":23,"minecraft:ender_pearl":1,"minecraft:diamond_axe":47,"morebowsandarrows:obsidian_bow":453,"minecraft:crossbow":30,"waystones:waystone":5,"sophisticatedbackpacks:backpack":2,"iceandfire:dragonbone_sword":265,"minecraft:melon_slice":49,"minecraft:bread":76,"minecraft:cyan_bed":2,"minecraft:gravel":4,"regions_unexplored:hanging_earlight_fruit":1,"iceandfire:dragon_skull_fire":4,"minecraft:grindstone":1,"minecraft:cooked_rabbit":9,"minecraft:andesite":3,"minecraft:experience_bottle":4,"minecraft:rose_bush":1,"minecraft:spruce_planks":2,"morebowsandarrows:diamond_bow":200,"minecraft:wooden_shovel":21,"minecraft:dirt":34,"minecraft:granite":2,"alexsmobs:maggot":4,"biomesoplenty:orange_sand":1,"minecraft:crimson_planks":2,"minecraft:golden_carrot":11,"minecraft:cooked_beef":26,"minecraft:cooked_mutton":35,"iceandfire:fire_dragon_flesh":1,"minecraft:green_bed":2,"regions_unexplored:magnolia_planks":3,"disenchanting_table:disenchanting_table":2,"minecraft:apple":29,"minecraft:stone_axe":153,"minecraft:bucket":79,"minecraft:yellow_bed":5,"alexsmobs:animal_dictionary":3},"minecraft:killed":{"minecraft:cave_spider":1,"minecraft:skeleton":87,"theorcs:orc_boss":1,"theorcs:orc_grunt":3,"minecraft:parrot":1,"minecraft:pillager":2,"minecraft:zombie":103,"cataclysm:deepling":1,"iceandfire:lightning_dragon":2,"theorcs:orc_shaman":3,"iceandfire:sea_serpent":1,"minecraft:cow":12,"alexsmobs:raccoon":1,"minecraft:endermite":1,"iceandfire:cyclops":1,"minecraft:rabbit":7,"iceandfire:ghost":13,"minecraft:witch":1,"minecraft:spider":20,"minecraft:silverfish":4,"minecraft:piglin_brute":10,"artifacts:mimic":3,"minecraft:piglin":1,"theorcs:orc_ranger":4,"minecraft:pig":12,"minecraft:zombie_villager":1,"minecraft:creeper":14,"alexsmobs:crimson_mosquito":1,"minecraft:sheep":15,"alexsmobs:terrapin":1,"minecraft:stray":12,"alexsmobs:fly":1,"minecraft:blaze":3,"alexsmobs:dropbear":1,"minecraft:slime":11,"iceandfire:fire_dragon":4,"alexsmobs:bison":8,"minecraft:drowned":3,"stalwart_dungeons:reinforced_blaze":5,"iceandfire:troll":1,"iceandfire:amphithere":1,"minecraft:bat":1,"minecraft:wither_skeleton":22},"minecraft:killed_by":{"minecraft:zombie":1,"iceandfire:fire_dragon":1,"iceandfire:lightning_dragon":8},"minecraft:crafted":{"minecraft:smooth_stone":8,"sophisticatedbackpacks:crafting_upgrade":1,"minecraft:cracked_stone_bricks":5,"minecraft:cooked_mutton":35,"disenchanting_table:disenchanting_table":1,"iceandfire:forest_troll_leather_helmet":1,"minecraft:glass":49,"explorerscompass:explorerscompass":1,"minecraft:cooked_rabbit":4,"minecraft:glass_bottle":36,"minecraft:wooden_shovel":1,"minecraft:cooked_porkchop":28,"minecraft:diamond_axe":1,"iceandfire:armor_red_chestplate":1,"ecologics:sandcastle":2,"morebowsandarrows:obsidian_bow":1,"naturescompass:naturescompass":1,"minecraft:iron_pickaxe":3,"minecraft:iron_block":2,"iceandfire:dragon_horn":1,"iceandfire:armor_amythest_helmet":1,"alexsdelight:cooked_bison":36,"minecraft:stone_pickaxe":3,"regions_unexplored:magnolia_planks":8,"iceandfire:dragonbone_sword":1,"minecraft:iron_shovel":2,"minecraft:iron_leggings":1,"minecraft:white_bed":2,"iceandfire:armor_bronze_leggings":1,"iceandfire:dragonforge_fire_brick":4,"minecraft:oak_planks":24,"minecraft:stone":15,"minecraft:iron_boots":2,"minecraft:chest":3,"minecraft:stone_bricks":4,"sophisticatedbackpacks:backpack":1,"minecraft:crafting_table":12,"minecraft:spruce_planks":8,"minecraft:iron_helmet":1,"minecraft:wooden_pickaxe":3,"sophisticatedbackpacks:upgrade_base":1,"minecraft:iron_chestplate":1,"minecraft:shield":5,"iceandfire:dragonscale_bronze":9,"minecraft:stick":52,"minecraft:iron_ingot":85,"iceandfire:armor_bronze_helmet":1,"biomesoplenty:mahogany_planks":152,"morebowsandarrows:diamond_bow":1,"minecraft:furnace":6,"minecraft:iron_axe":2,"minecraft:cooked_beef":15,"paraglider:paraglider":2,"minecraft:crimson_planks":16,"iceandfire:silver_ingot":2,"iceandfire:armor_bronze_boots":2,"minecraft:bucket":2,"minecraft:stone_axe":1,"minecraft:air":0,"regions_unexplored:redwood_planks":140,"regions_unexplored:redwood_boat":3},"minecraft:dropped":{"minecraft:crimson_stem":2,"minecraft:iron_sword":5,"iceandfire:raw_silver":1,"minecraft:glow_ink_sac":1,"minecraft:glass_bottle":1,"minecraft:crafting_table":1,"minecraft:crossbow":1,"biomesoplenty:black_sand":1,"iceandfire:ectoplasm":7,"minecraft:cracked_stone_bricks":1,"minecraft:leather_helmet":1,"regions_unexplored:magnolia_sapling":5,"minecraft:emerald":1,"minecraft:dirt":16,"regions_unexplored:purple_coneflower":16,"minecraft:chain":2,"minecraft:gold_nugget":58,"minecraft:sugar":2,"minecraft:iron_pickaxe":4,"minecraft:white_wool":5,"artifacts:cowboy_hat":1,"minecraft:bone":69,"regions_unexplored:brimwood_log":4,"minecraft:stone_axe":2,"minecraft:golden_chestplate":4,"minecraft:cobbled_deepslate":73,"minecraft:rotten_flesh":81,"regions_unexplored:redwood_planks":3,"minecraft:salmon":1,"biomesoplenty:glowing_moss_carpet":2,"minecraft:charcoal":2,"iceandfire:crackled_cobblestone":5,"minecraft:leather_leggings":2,"minecraft:red_nether_bricks":2,"biomesoplenty:mahogany_sapling":3,"minecraft:beef":5,"minecraft:crying_obsidian":2,"minecraft:stone_brick_stairs":1,"minecraft:egg":1,"minecraft:crimson_planks":10,"minecraft:enchanted_book":5,"minecraft:iron_ingot":8,"regions_unexplored:fireweed":2,"minecraft:wheat_seeds":19,"minecraft:iron_helmet":1,"minecraft:cobblestone":33,"minecraft:granite":78,"minecraft:coal":38,"regions_unexplored:daisy":2,"minecraft:polished_andesite":1,"bygonenether:cobbled_blackstone":14,"minecraft:cobweb":2,"stalwart_dungeons:soul_bricks":24,"minecraft:ink_sac":3,"iceandfire:copper_nugget":54,"minecraft:rabbit":2,"regions_unexplored:redwood_log":2,"minecraft:diamond_helmet":2,"minecraft:stripped_birch_log":2,"minecraft:potion":2,"biomesoplenty:glowshroom":2,"minecraft:mossy_cobblestone_stairs":1,"regions_unexplored:redwood_boat":1,"minecraft:smooth_stone":8,"minecraft:chainmail_leggings":2,"minecraft:iron_shovel":2,"minecraft:string":10,"stalwart_dungeons:soul_tiles":3,"iceandfire:dragon_skull_fire":2,"minecraft:furnace":1,"minecraft:moss_carpet":1,"minecraft:soul_soil":2,"regions_unexplored:bamboo_log":43,"minecraft:stone_sword":4,"minecraft:smooth_stone_slab":1,"minecraft:green_bed":1,"minecraft:clay_ball":4,"regions_unexplored:hyssop":8,"minecraft:nether_bricks":10,"regions_unexplored:blackstone_cluster":1,"minecraft:spruce_fence":1,"minecraft:diamond_sword":1,"minecraft:spruce_planks":3,"minecraft:diamond_pickaxe":1,"minecraft:wooden_shovel":1,"minecraft:stone_bricks":5,"minecraft:spider_eye":5,"minecraft:bamboo":15,"sophisticatedbackpacks:copper_backpack":1,"minecraft:bow":4,"iceandfire:crackled_stone":6,"minecraft:magma_block":2,"minecraft:cooked_rabbit":2,"regions_unexplored:cobalt_roots":2,"minecraft:soul_sand":1,"regions_unexplored:brimwood_sapling":1,"minecraft:brown_mushroom":2,"regions_unexplored:magnolia_log":8,"minecraft:oak_log":7,"minecraft:leather":1,"alexsmobs:bison_fur":1,"paraglider:spirit_orb":49,"minecraft:music_disc_13":1,"minecraft:flint":2,"alexsdelight:cooked_bison":1,"regions_unexplored:brimsprout":2,"gravestone:obituary":44,"farmersdelight:onion":1,"paraglider:paraglider":1,"biomesoplenty:burning_blossom":2,"minecraft:gravel":1,"minecraft:blackstone":4,"bountiful:bounty":1,"artifacts:villager_hat":2,"aether:leather_gloves":2,"minecraft:diamond_shovel":2,"minecraft:cooked_mutton":3,"biomesoplenty:glowing_moss_block":2,"minecraft:carrot":1,"minecraft:leather_chestplate":1,"minecraft:gunpowder":36,"minecraft:skeleton_skull":1,"minecraft:melon_seeds":8,"minecraft:chest":1,"minecraft:chainmail_boots":3,"minecraft:iron_bars":15,"minecraft:arrow":1,"stalwart_dungeons:pusher":5,"minecraft:scaffolding":1,"minecraft:quartz":75,"minecraft:netherrack":415,"biomesoplenty:mahogany_log":5,"minecraft:bread":3,"regions_unexplored:magnolia_planks":5,"minecraft:golden_helmet":1,"minecraft:lilac":1,"minecraft:mossy_cobblestone":4,"minecraft:diamond_leggings":1,"minecraft:golden_axe":3,"minecraft:lead":1,"delightful:green_tea_leaf":4,"iceandfire:cyclops_eye":3,"minecraft:stick":26,"minecraft:diorite":17,"alexsmobs:dropbear_claw":5,"minecraft:melon_slice":12,"minecraft:brown_wool":1,"minecraft:polished_andesite_stairs":1,"minecraft:iron_axe":1,"artifacts:rooted_boots":1,"minecraft:bucket":1,"minecraft:redstone":4,"minecraft:kelp":11,"minecraft:raw_copper":31,"minecraft:raw_iron":16,"dungeonnowloading:spawner_fragment":6,"minecraft:filled_map":1,"minecraft:shield":3,"aether:iron_gloves":1,"iceandfire:chared_cobblestone":4,"minecraft:andesite":12,"minecraft:mossy_stone_bricks":4,"artifacts:pocket_piston":1,"minecraft:oak_sapling":6,"minecraft:diamond_boots":2,"minecraft:spruce_log":8,"minecraft:slime_ball":8,"minecraft:stone_pickaxe":5,"minecraft:wooden_pickaxe":3,"minecraft:raw_gold":2,"regions_unexplored:white_magnolia_sapling":4,"iceandfire:chared_stone":5},"minecraft:picked_up":{"minecraft:iron_chestplate":4,"minecraft:chainmail_boots":6,"minecraft:anvil":1,"regions_unexplored:magnolia_log":10,"minecraft:diamond_sword":4,"minecraft:lead":1,"minecraft:enchanted_book":5,"minecraft:amethyst_block":8,"iceandfire:manuscript":17,"minecraft:string":16,"minecraft:soul_soil":2,"minecraft:red_nether_bricks":2,"minecraft:diamond_leggings":4,"minecraft:cobbled_deepslate":83,"minecraft:gold_nugget":92,"minecraft:spruce_planks":2,"minecraft:melon_slice":80,"minecraft:golden_helmet":2,"explorerscompass:explorerscompass":4,"minecraft:green_bed":3,"iceandfire:silver_ore":2,"iceandfire:lightning_dragon_flesh":4,"minecraft:golden_axe":3,"minecraft:golden_chestplate":5,"minecraft:rabbit_foot":1,"minecraft:stone_sword":3,"artifacts:villager_hat":2,"aether:chainmail_gloves":2,"farmersdelight:onion":1,"iceandfire:fire_dragon_heart":4,"minecraft:iron_block":18,"minecraft:blaze_rod":12,"minecraft:iron_bars":35,"minecraft:magma_block":2,"minecraft:cooked_beef":7,"minecraft:brown_wool":1,"disenchanting_table:disenchanting_table":1,"alexsmobs:bison_fur":11,"minecraft:flint":2,"regions_unexplored:cobalt_roots":3,"minecraft:lantern":3,"stalwart_dungeons:blaze_armor_scrap":4,"minecraft:diamond_helmet":3,"minecraft:rabbit":11,"biomesoplenty:mahogany_planks":105,"regions_unexplored:bamboo_log":43,"iceandfire:dragonscales_amythest":6,"regions_unexplored:salmonberry":38,"iceandfire:dragon_skull_fire":6,"minecraft:ink_sac":3,"iceandfire:lightning_dragon_heart":1,"minecraft:trapped_chest":1,"alexsmobs:animal_dictionary":1,"minecraft:barrel":1,"regions_unexplored:brimwood_sapling":1,"iceandfire:chared_cobblestone":4,"minecraft:polished_andesite":6,"regions_unexplored:hyssop":9,"iceandfire:lectern":1,"iceandfire:crackled_stone":15,"minecraft:granite":80,"minecraft:chainmail_helmet":1,"minecraft:bread":41,"alexsmobs:maggot":4,"iceandfire:troll_leather_forest":3,"minecraft:rooted_dirt":1,"iceandfire:raw_silver":1,"minecraft:diamond_pickaxe":3,"iceandfire:dragon_skull_lightning":6,"minecraft:crafting_table":11,"iceandfire:witherbone":15,"minecraft:clay_ball":4,"minecraft:leather_leggings":3,"ecologics:seashell":3,"regions_unexplored:blackstone_cluster":1,"gravestone:obituary":14,"minecraft:red_bed":14,"minecraft:compass":1,"minecraft:iron_shovel":4,"dungeonnowloading:spawner_fragment":294,"iceandfire:bestiary":1,"minecraft:cracked_stone_bricks":2,"minecraft:beef":22,"minecraft:chest":2,"minecraft:egg":2,"minecraft:spruce_fence":1,"sophisticatedbackpacks:backpack":7,"minecraft:carrot":1,"minecraft:redstone":2,"regions_unexplored:purple_coneflower":21,"iceandfire:dragonegg_electric":1,"minecraft:diamond_boots":3,"minecraft:totem_of_undying":1,"minecraft:gold_ingot":11,"artifacts:pocket_piston":7,"sophisticatedbackpacks:copper_backpack":2,"minecraft:mutton":27,"minecraft:white_wool":17,"biomesoplenty:orange_sand":134,"minecraft:oxeye_daisy":1,"minecraft:stripped_oak_log":3,"minecraft:clock":1,"iceandfire:sea_serpent_fang":1,"minecraft:oak_log":79,"minecraft:ancient_debris":2,"minecraft:paper":15,"biomesoplenty:glowing_moss_carpet":2,"minecraft:apple":10,"minecraft:stone_bricks":8,"minecraft:kelp":11,"minecraft:stone_pickaxe":3,"minecraft:cobweb":2,"regions_unexplored:brimwood_log":4,"minecraft:iron_sword":5,"minecraft:polished_andesite_stairs":1,"iceandfire:chared_stone":5,"iceandfire:copper_nugget":140,"minecraft:smooth_basalt":8,"regions_unexplored:white_magnolia_sapling":4,"minecraft:gravel":6,"delightful:salmonberries":7,"minecraft:spruce_log":10,"minecraft:crying_obsidian":2,"minecraft:leather_helmet":1,"biomesoplenty:mahogany_log":43,"minecraft:diamond_shovel":1,"minecraft:coal_ore":30,"regions_unexplored:fireweed":2,"minecraft:slime_ball":13,"minecraft:stone_axe":1,"minecraft:gray_wool":1,"minecraft:melon_seeds":4,"biomesoplenty:burning_blossom":2,"minecraft:black_carpet":5,"aether:iron_gloves":1,"regions_unexplored:brimsprout":2,"minecraft:potion":1,"minecraft:stone_brick_stairs":3,"minecraft:raw_copper":31,"iceandfire:sea_serpent_scales_teal":4,"minecraft:smooth_stone_slab":1,"minecraft:armor_stand":1,"alexsmobs:dropbear_claw":5,"alexsmobs:blood_sac":1,"minecraft:smooth_stone":8,"delightful:acorn":1,"minecraft:rose_bush":1,"minecraft:calcite":6,"minecraft:iron_pickaxe":5,"delightful:green_tea_leaf":4,"minecraft:furnace":9,"iceandfire:dragonscales_red":17,"minecraft:iron_boots":2,"regions_unexplored:redwood_log":100,"minecraft:tipped_arrow":32,"minecraft:stick":31,"minecraft:torch":60,"minecraft:porkchop":15,"minecraft:diorite":27,"regions_unexplored:daisy":2,"minecraft:goat_horn":2,"minecraft:rotten_flesh":116,"biomesoplenty:mahogany_sapling":3,"alexsdelight:raw_bison":42,"alexsmobs:emu_egg":4,"minecraft:obsidian":9,"regions_unexplored:magnolia_sapling":5,"minecraft:cod":7,"minecraft:cobblestone":356,"minecraft:crimson_hyphae":3,"minecraft:enchanting_table":2,"minecraft:leather_chestplate":2,"minecraft:lilac":1,"minecraft:andesite":16,"minecraft:golden_leggings":4,"biomesoplenty:glowshroom":2,"minecraft:potato":23,"paraglider:spirit_orb":175,"minecraft:wither_skeleton_skull":3,"minecraft:dirt":62,"minecraft:stripped_birch_log":2,"iceandfire:dragonscales_bronze":106,"minecraft:name_tag":2,"minecraft:glass":22,"minecraft:bone":309,"minecraft:bow":16,"minecraft:wheat_seeds":28,"minecraft:raw_gold":8,"minecraft:grindstone":1,"minecraft:mossy_stone_bricks":9,"minecraft:fletching_table":1,"minecraft:bamboo":22,"minecraft:oak_planks":108,"minecraft:mossy_stone_brick_stairs":1,"iceandfire:amphithere_feather":2,"minecraft:cooked_porkchop":33,"minecraft:sand":29,"minecraft:cyan_bed":2,"minecraft:mossy_cobblestone":17,"minecraft:sugar":4,"regions_unexplored:hanging_earlight_fruit":1,"waystones:waystone":5,"minecraft:crossbow":4,"minecraft:golden_apple":1,"minecraft:emerald":2,"minecraft:oak_sapling":10,"minecraft:netherrack":820,"minecraft:charcoal":2,"minecraft:splash_potion":1,"minecraft:brown_mushroom":2,"minecraft:cooked_rabbit":6,"stalwart_dungeons:soul_bricks":24,"minecraft:chain":2,"minecraft:shield":6,"aether:leather_gloves":2,"minecraft:moss_carpet":1,"minecraft:iron_axe":1,"alexsdelight:cooked_bison":5,"minecraft:cyan_carpet":1,"minecraft:blackstone":4,"biomesoplenty:black_sand":1,"regions_unexplored:redwood_planks":22,"minecraft:sugar_cane":1,"minecraft:phantom_membrane":4,"minecraft:raw_iron":31,"iceandfire:dragonbone":102,"iceandfire:troll_tusk":2,"bygonenether:cobbled_blackstone":14,"regions_unexplored:redwood_boat":8,"minecraft:stone_button":2,"iceandfire:silver_ingot":2,"minecraft:arrow":184,"iceandfire:cyclops_eye":4,"artifacts:cowboy_hat":1,"stalwart_dungeons:raw_tungsten":21,"minecraft:nether_bricks":11,"minecraft:saddle":1,"minecraft:skeleton_skull":4,"iceandfire:dragonegg_green":1,"minecraft:crimson_stem":3,"artifacts:novelty_drinking_hat":2,"minecraft:glow_ink_sac":1,"minecraft:salmon":1,"minecraft:leather":21,"artifacts:onion_ring":1,"minecraft:chainmail_chestplate":1,"iceandfire:ectoplasm":12,"minecraft:yellow_bed":5,"minecraft:gunpowder":36,"minecraft:cooked_mutton":10,"stalwart_dungeons:pusher":5,"minecraft:rabbit_hide":5,"minecraft:iron_ingot":30,"artifacts:kitty_slippers":2,"iceandfire:fire_dragon_flesh":13,"minecraft:soul_sand":1,"iceandfire:crackled_cobblestone":12,"minecraft:book":46,"minecraft:scaffolding":1,"minecraft:oak_slab":1,"minecraft:quartz":87,"stalwart_dungeons:soul_tiles":3,"minecraft:white_bed":11,"biomesoplenty:glowing_moss_block":2,"minecraft:spider_eye":8,"minecraft:chainmail_leggings":3,"minecraft:iron_helmet":5,"minecraft:mossy_cobblestone_stairs":1,"iceandfire:troll_skull":2,"minecraft:coal":178}},"DataVersion":3465}