{"stats":{"minecraft:mined":{"minecraft:spruce_planks":2,"minecraft:mossy_cobblestone":17,"regions_unexplored:maple_log":3,"gravestone:gravestone":3,"minecraft:granite":20,"minecraft:grass_block":7,"minecraft:moss_block":1,"minecraft:chiseled_stone_bricks":3,"minecraft:spawner":11,"minecraft:large_fern":1,"minecraft:hay_block":4,"minecraft:tall_seagrass":2,"minecraft:mossy_cobblestone_stairs":1,"minecraft:iron_ore":18,"minecraft:fire":36,"minecraft:andesite":1,"regions_unexplored:redwood_planks":1,"minecraft:pumpkin":1,"treechop:chopped_log":2,"minecraft:mossy_stone_brick_stairs":2,"minecraft:bookshelf":14,"minecraft:vine":9,"minecraft:deepslate_iron_ore":2,"minecraft:cobblestone_slab":9,"minecraft:iron_bars":18,"minecraft:oak_stairs":3,"biomesoplenty:webbing":3,"regions_unexplored:medium_grass":7,"minecraft:stone":242,"regions_unexplored:redwood_log":4,"minecraft:oak_slab":2,"minecraft:crafting_table":1,"minecraft:torch":4,"minecraft:polished_andesite_stairs":3,"minecraft:melon":9,"minecraft:rose_bush":1,"minecraft:copper_ore":1,"minecraft:cobblestone":21,"biomesoplenty:sprout":1,"minecraft:oak_planks":1,"minecraft:diorite":9,"minecraft:wall_torch":4,"minecraft:spruce_stairs":7,"minecraft:seagrass":1,"farmersdelight:sandy_shrub":1,"minecraft:coarse_dirt":1,"ecologics:seashell":1,"delightful:cantaloupe":1,"minecraft:magenta_bed":1,"minecraft:spruce_log":14,"minecraft:jukebox":1,"regions_unexplored:redwood_leaves":30,"minecraft:grass":15,"minecraft:coal_ore":10,"biomesoplenty:clover":4,"minecraft:oak_log":1,"minecraft:gravel":9,"minecraft:sand":1,"minecraft:dirt":16,"minecraft:cobweb":2,"minecraft:cracked_stone_bricks":10,"minecraft:polished_andesite":30,"minecraft:stone_bricks":1,"minecraft:mossy_stone_bricks":12,"minecraft:oak_leaves":9,"minecraft:deepslate":4,"minecraft:fern":18},"minecraft:picked_up":{"minecraft:iron_chestplate":1,"minecraft:chicken":3,"iceandfire:witherbone":1,"regions_unexplored:magnolia_log":4,"minecraft:brown_mushroom":1,"minecraft:diamond_sword":3,"ecologics:seashell":1,"minecraft:oak_stairs":5,"minecraft:potion":1,"minecraft:diamond_horse_armor":1,"gravestone:obituary":2,"minecraft:shield":3,"aether:leather_gloves":2,"minecraft:raw_copper":3,"minecraft:string":34,"minecraft:moss_carpet":1,"minecraft:compass":1,"minecraft:iron_shovel":4,"dungeonnowloading:spawner_fragment":45,"minecraft:cracked_stone_bricks":12,"minecraft:cobbled_deepslate":4,"minecraft:spruce_planks":2,"minecraft:beef":10,"minecraft:rose_bush":3,"minecraft:cobblestone_slab":9,"minecraft:calcite":2,"minecraft:light_gray_wool":1,"minecraft:iron_pickaxe":2,"regions_unexplored:redwood_planks":2,"minecraft:melon_slice":49,"delightful:green_tea_leaf":2,"regions_unexplored:redwood_log":170,"minecraft:iron_boots":4,"minecraft:tipped_arrow":1,"minecraft:golden_helmet":2,"minecraft:stick":36,"minecraft:raw_iron":20,"minecraft:jukebox":1,"minecraft:torch":20,"minecraft:bowl":4,"minecraft:spruce_stairs":7,"minecraft:porkchop":25,"minecraft:diorite":15,"minecraft:carrot":25,"minecraft:golden_chestplate":1,"artifacts:everlasting_beef":1,"minecraft:stone_sword":2,"minecraft:arrow":8,"minecraft:honey_bottle":2,"minecraft:rotten_flesh":16,"regions_unexplored:maple_sapling":3,"minecraft:diamond_boots":1,"minecraft:hay_block":4,"minecraft:mutton":11,"minecraft:iron_bars":25,"regions_unexplored:magnolia_sapling":2,"minecraft:white_wool":6,"minecraft:cobblestone":260,"minecraft:feather":6,"minecraft:cooked_beef":5,"minecraft:andesite":1,"minecraft:leather":10,"minecraft:filled_map":1,"paraglider:spirit_orb":29,"minecraft:flint":3,"delightful:cantaloupe":1,"minecraft:chainmail_chestplate":1,"minecraft:golden_boots":1,"minecraft:gunpowder":1,"minecraft:dirt":25,"minecraft:polished_granite":2,"minecraft:name_tag":1,"minecraft:bone":13,"minecraft:apple":2,"minecraft:stone_bricks":5,"minecraft:gray_carpet":1,"minecraft:bow":2,"minecraft:wheat_seeds":13,"minecraft:stone_pickaxe":2,"regions_unexplored:redwood_sapling":22,"minecraft:iron_ingot":12,"minecraft:mossy_stone_bricks":40,"minecraft:glass_bottle":3,"minecraft:iron_sword":3,"minecraft:oak_planks":1,"minecraft:mossy_stone_brick_stairs":2,"minecraft:book":42,"minecraft:oak_slab":4,"minecraft:polished_andesite_stairs":3,"minecraft:smooth_basalt":6,"minecraft:cooked_porkchop":2,"minecraft:chiseled_stone_bricks":1,"minecraft:gravel":7,"valhelsia_structures:cut_oak_post":1,"minecraft:sand":1,"minecraft:ink_sac":1,"minecraft:spruce_log":14,"minecraft:spider_eye":2,"minecraft:mossy_cobblestone":11,"minecraft:iron_hoe":3,"minecraft:polished_andesite":21,"minecraft:diamond_shovel":2,"regions_unexplored:hyssop":1,"minecraft:stone_axe":2,"minecraft:iron_helmet":1,"minecraft:granite":6,"regions_unexplored:maple_log":11,"minecraft:spruce_sign":2,"minecraft:baked_potato":1,"minecraft:coal":21,"minecraft:bricks":1,"minecraft:diamond_pickaxe":2,"minecraft:ender_pearl":1},"minecraft:killed":{"minecraft:spider":6,"alexsmobs:tasmanian_devil":1,"minecraft:skeleton":9,"minecraft:chicken":4,"minecraft:silverfish":2,"minecraft:pig":14,"alexsmobs:skunk":1,"minecraft:creeper":2,"minecraft:sheep":7,"minecraft:pillager":3,"minecraft:zombie":8,"minecraft:wither_skeleton":5,"minecraft:cow":4},"minecraft:used":{"minecraft:enchanting_table":1,"minecraft:stone_sword":43,"minecraft:spruce_planks":1,"minecraft:shield":29,"minecraft:iron_sword":160,"minecraft:rotten_flesh":21,"minecraft:torch":54,"minecraft:dirt":20,"minecraft:spruce_stairs":1,"minecraft:carrot":30,"minecraft:golden_chestplate":1,"minecraft:granite":6,"minecraft:honey_bottle":2,"minecraft:iron_hoe":15,"minecraft:wooden_axe":1,"minecraft:bricks":1,"minecraft:smooth_basalt":1,"minecraft:stone_bricks":21,"minecraft:bow":3,"artifacts:everlasting_beef":16,"minecraft:cooked_beef":3,"minecraft:cobbled_deepslate":4,"minecraft:mossy_stone_bricks":34,"minecraft:water_bucket":1,"minecraft:diorite":7,"minecraft:spruce_door":2,"minecraft:polished_andesite":18,"minecraft:stone_pickaxe":201,"minecraft:baked_potato":1,"minecraft:ender_pearl":1,"minecraft:wooden_pickaxe":46,"artifacts:eternal_steak":29,"minecraft:cobblestone_slab":2,"minecraft:cracked_stone_bricks":7,"minecraft:mossy_cobblestone":3,"regions_unexplored:redwood_planks":49,"minecraft:oak_slab":2,"minecraft:crafting_table":1,"minecraft:apple":3,"minecraft:diamond_shovel":6,"minecraft:bread":3,"minecraft:melon_slice":46,"minecraft:iron_pickaxe":237,"minecraft:polished_granite":2,"minecraft:gravel":2,"minecraft:stone_axe":77,"minecraft:chiseled_stone_bricks":1,"minecraft:diamond_sword":7,"minecraft:cobblestone":150,"minecraft:potion":2,"minecraft:bucket":1,"minecraft:cooked_porkchop":2,"minecraft:andesite":1,"regions_unexplored:maple_log":3},"minecraft:crafted":{"minecraft:stone_pickaxe":4,"minecraft:wheat":36,"minecraft:crafting_table":1,"minecraft:spruce_planks":44,"minecraft:wooden_pickaxe":3,"minecraft:spruce_door":3,"minecraft:stone_axe":1,"minecraft:bread":12,"regions_unexplored:redwood_planks":64,"minecraft:shield":1,"minecraft:stick":16,"minecraft:stone_sword":1,"minecraft:torch":4},"minecraft:custom":{"minecraft:mob_kills":67,"minecraft:interact_with_crafting_table":17,"minecraft:open_barrel":5,"minecraft:leave_game":11,"minecraft:time_since_death":25840,"minecraft:climb_one_cm":11928,"minecraft:sprint_one_cm":597603,"minecraft:walk_one_cm":921814,"minecraft:damage_blocked_by_shield":1890,"minecraft:drop":77,"minecraft:talked_to_villager":2,"minecraft:play_time":262585,"minecraft:sneak_time":9772,"minecraft:deaths":7,"minecraft:walk_under_water_one_cm":57592,"minecraft:jump":3392,"minecraft:interact_with_blast_furnace":1,"minecraft:walk_on_water_one_cm":77334,"minecraft:total_world_time":262585,"minecraft:interact_with_cartography_table":1,"minecraft:sleep_in_bed":3,"minecraft:waystone_activated":3,"minecraft:time_since_rest":25870,"minecraft:damage_taken":7607,"minecraft:damage_dealt":8683,"minecraft:swim_one_cm":75245,"minecraft:fly_one_cm":485601,"minecraft:open_chest":222,"minecraft:crouch_one_cm":28479,"minecraft:interact_with_smoker":12,"minecraft:fall_one_cm":92659},"minecraft:broken":{"minecraft:golden_boots":1,"minecraft:diamond_boots":1,"minecraft:stone_axe":1,"minecraft:golden_chestplate":1},"minecraft:dropped":{"minecraft:iron_ingot":5,"minecraft:iron_sword":2,"minecraft:oak_slab":2,"minecraft:brown_mushroom":1,"delightful:cantaloupe":1,"minecraft:wheat_seeds":1,"minecraft:clock":1,"minecraft:golden_helmet":1,"minecraft:baked_potato":5,"minecraft:glass_bottle":3,"minecraft:iron_helmet":1,"minecraft:cobblestone":80,"minecraft:cracked_stone_bricks":5,"minecraft:spruce_stairs":3,"minecraft:polished_andesite":1,"minecraft:dirt":1,"minecraft:diorite":7,"minecraft:torch":1,"gravestone:obituary":2,"minecraft:sand":1,"minecraft:oak_stairs":3,"minecraft:iron_pickaxe":2,"minecraft:iron_shovel":7,"minecraft:gray_carpet":1,"minecraft:gravel":1,"minecraft:moss_carpet":1,"minecraft:raw_copper":3,"minecraft:bowl":2,"valhelsia_structures:cut_oak_post":1,"minecraft:rotten_flesh":3,"aether:leather_gloves":3,"minecraft:light_gray_wool":1,"minecraft:oak_planks":1,"minecraft:iron_hoe":1,"minecraft:iron_boots":3,"artifacts:everlasting_beef":1,"minecraft:chainmail_chestplate":2,"minecraft:diamond_sword":1,"minecraft:cobblestone_slab":4,"minecraft:shield":3,"minecraft:gunpowder":1,"minecraft:spruce_planks":11,"minecraft:mossy_stone_bricks":6,"minecraft:golden_leggings":1,"minecraft:iron_bars":10,"minecraft:wooden_pickaxe":1,"minecraft:stone_pickaxe":1}},"DataVersion":3465}