{"stats":{"minecraft:custom":{"minecraft:interact_with_crafting_table":24,"minecraft:open_barrel":10,"minecraft:leave_game":15,"minecraft:time_since_death":23964,"minecraft:sprint_one_cm":970693,"minecraft:damage_blocked_by_shield":2235,"minecraft:drop":110,"minecraft:talked_to_villager":3,"minecraft:play_time":361328,"minecraft:deaths":8,"minecraft:jump":5044,"minecraft:walk_on_water_one_cm":88861,"minecraft:interact_with_cartography_table":1,"minecraft:interact_with_loom":1,"minecraft:sleep_in_bed":4,"minecraft:waystone_activated":3,"minecraft:damage_dealt":15399,"minecraft:crouch_one_cm":29210,"minecraft:interact_with_smoker":20,"minecraft:interact_with_anvil":1,"minecraft:mob_kills":119,"minecraft:climb_one_cm":12331,"minecraft:walk_one_cm":1202766,"minecraft:sneak_time":9972,"minecraft:walk_under_water_one_cm":59858,"minecraft:interact_with_blast_furnace":1,"minecraft:total_world_time":361328,"minecraft:time_since_rest":23999,"minecraft:damage_taken":9647,"minecraft:damage_absorbed":5,"minecraft:swim_one_cm":124307,"minecraft:fly_one_cm":838655,"minecraft:open_chest":314,"minecraft:fall_one_cm":133727},"minecraft:mined":{"minecraft:spruce_planks":2,"minecraft:farmland":5,"regions_unexplored:maple_log":3,"valhelsia_structures:dirt":15,"minecraft:spruce_trapdoor":2,"minecraft:granite":20,"minecraft:grass_block":43,"regions_unexplored:purple_coneflower":1,"regions_unexplored:blue_bioshroom":1,"regions_unexplored:blue_bioshroom_block":9,"minecraft:chiseled_stone_bricks":3,"minecraft:spawner":11,"minecraft:tall_seagrass":2,"minecraft:mossy_cobblestone_stairs":1,"farmersdelight:rice":1,"minecraft:iron_ore":18,"minecraft:fire":36,"valhelsia_structures:andesite":1,"regions_unexplored:redwood_planks":1,"minecraft:pumpkin":1,"minecraft:moss_carpet":1,"minecraft:iron_bars":18,"minecraft:oak_stairs":3,"biomesoplenty:webbing":3,"farmersdelight:rice_panicles":18,"minecraft:spruce_slab":2,"valhelsia_structures:explorers_tent":1,"minecraft:kelp_plant":26,"minecraft:torch":5,"minecraft:melon":9,"minecraft:polished_andesite_stairs":3,"minecraft:mushroom_stem":2,"farmersdelight:cabbages":16,"minecraft:cobblestone":22,"minecraft:oak_planks":1,"minecraft:wall_torch":4,"minecraft:skeleton_skull":1,"minecraft:seagrass":1,"regions_unexplored:hyssop":1,"farmersdelight:sandy_shrub":1,"valhelsia_structures:bone_pile":1,"ecologics:seashell":1,"delightful:cantaloupe":1,"minecraft:wheat":17,"minecraft:magenta_bed":1,"minecraft:jukebox":1,"minecraft:grass":41,"biomesoplenty:clover":12,"minecraft:oak_log":1,"minecraft:sand":1,"minecraft:dirt":125,"minecraft:oak_leaves":13,"minecraft:deepslate":4,"regions_unexplored:tall_pink_bioshroom":1,"farmersdelight:onions":16,"iceandfire:silver_ore":4,"minecraft:mossy_cobblestone":17,"gravestone:gravestone":4,"farmersdelight:tomatoes":16,"minecraft:kelp":1,"minecraft:moss_block":1,"minecraft:rooted_dirt":7,"minecraft:large_fern":1,"minecraft:hay_block":11,"minecraft:carrots":8,"minecraft:andesite":23,"treechop:chopped_log":2,"minecraft:mossy_stone_brick_stairs":2,"minecraft:bookshelf":15,"minecraft:potatoes":6,"minecraft:vine":9,"minecraft:deepslate_iron_ore":2,"minecraft:cobblestone_slab":9,"regions_unexplored:medium_grass":21,"minecraft:stone":288,"regions_unexplored:redwood_log":4,"minecraft:oak_slab":2,"minecraft:lily_of_the_valley":2,"regions_unexplored:pink_bioshroom":2,"minecraft:crafting_table":1,"minecraft:rose_bush":1,"minecraft:copper_ore":2,"minecraft:tall_grass":2,"biomesoplenty:sprout":1,"minecraft:diorite":9,"minecraft:spruce_stairs":7,"minecraft:coarse_dirt":12,"minecraft:spruce_log":14,"minecraft:birch_leaves":5,"regions_unexplored:redwood_leaves":30,"minecraft:coal_ore":10,"minecraft:gravel":12,"minecraft:cobweb":2,"minecraft:cracked_stone_bricks":10,"minecraft:stone_bricks":5,"minecraft:polished_andesite":30,"minecraft:mossy_stone_bricks":12,"minecraft:fern":18,"paraglider:goddess_statue":1},"minecraft:broken":{"minecraft:golden_boots":1,"minecraft:diamond_boots":1,"minecraft:stone_axe":1,"minecraft:golden_chestplate":1,"minecraft:stone_sword":1},"minecraft:used":{"alexsmobs:emu_egg":1,"minecraft:shield":33,"minecraft:iron_sword":160,"minecraft:rotten_flesh":21,"paraglider:goddess_statue":1,"minecraft:carrot":58,"minecraft:honey_bottle":2,"farmersdelight:tomato":10,"minecraft:bricks":1,"minecraft:grass_block":11,"minecraft:stone_bricks":22,"farmersdelight:cutting_board":1,"minecraft:bow":3,"minecraft:skeleton_skull":1,"minecraft:potato":33,"morebowsandarrows:iron_bow":1,"minecraft:mossy_stone_bricks":34,"minecraft:diorite":7,"minecraft:spruce_door":2,"minecraft:stone_pickaxe":201,"minecraft:ender_pearl":1,"minecraft:wooden_pickaxe":46,"artifacts:eternal_steak":29,"minecraft:golden_apple":1,"regions_unexplored:redwood_planks":49,"minecraft:melon_slice":46,"minecraft:bread":8,"minecraft:polished_granite":2,"minecraft:gravel":2,"minecraft:diamond_sword":45,"minecraft:andesite":1,"minecraft:enchanting_table":1,"minecraft:stone_sword":157,"minecraft:spruce_planks":1,"minecraft:torch":60,"minecraft:dirt":25,"minecraft:spruce_stairs":1,"minecraft:golden_chestplate":1,"minecraft:granite":6,"minecraft:iron_hoe":75,"minecraft:wooden_axe":1,"minecraft:bookshelf":1,"minecraft:smooth_basalt":1,"artifacts:everlasting_beef":16,"minecraft:cooked_beef":3,"minecraft:cobbled_deepslate":4,"minecraft:water_bucket":1,"minecraft:polished_andesite":18,"minecraft:baked_potato":33,"minecraft:cobblestone_slab":2,"minecraft:cracked_stone_bricks":7,"minecraft:mossy_cobblestone":3,"farmersdelight:onion":2,"minecraft:oak_slab":2,"minecraft:crafting_table":1,"minecraft:apple":3,"minecraft:diamond_shovel":297,"minecraft:iron_pickaxe":324,"minecraft:stone_axe":111,"minecraft:chiseled_stone_bricks":1,"minecraft:cobblestone":150,"minecraft:potion":2,"minecraft:cooked_porkchop":2,"minecraft:bucket":1,"regions_unexplored:maple_log":3,"minecraft:jukebox":1},"minecraft:killed":{"minecraft:spider":6,"minecraft:skeleton":10,"minecraft:chicken":15,"minecraft:silverfish":2,"minecraft:pig":21,"minecraft:zombie_villager":1,"minecraft:creeper":3,"minecraft:sheep":8,"minecraft:pillager":6,"minecraft:zombie":12,"minecraft:cow":20,"alexsmobs:tasmanian_devil":1,"alexsmobs:seagull":1,"alexsmobs:sugar_glider":1,"alexsmobs:skunk":1,"iceandfire:ghost":3,"alexsmobs:crow":1,"minecraft:wither_skeleton":5,"minecraft:enderman":1},"minecraft:crafted":{"minecraft:bow":3,"minecraft:arrow":8,"minecraft:crafting_table":1,"minecraft:spruce_planks":44,"minecraft:wooden_pickaxe":3,"minecraft:baked_potato":32,"minecraft:spruce_door":3,"farmersdelight:cutting_board":1,"minecraft:purple_dye":6,"minecraft:shield":1,"minecraft:stick":28,"minecraft:stone_sword":1,"morebowsandarrows:iron_bow":1,"minecraft:iron_hoe":1,"minecraft:stone_pickaxe":4,"minecraft:wheat":99,"minecraft:cooked_beef":30,"paraglider:paraglider":1,"minecraft:stone_axe":1,"minecraft:bread":38,"minecraft:air":0,"regions_unexplored:redwood_planks":76,"minecraft:torch":16},"minecraft:dropped":{"minecraft:iron_sword":2,"minecraft:brown_mushroom":1,"delightful:cantaloupe":1,"minecraft:baked_potato":5,"minecraft:glass_bottle":3,"ecologics:coconut_slice":2,"minecraft:cracked_stone_bricks":5,"minecraft:dirt":6,"regions_unexplored:purple_coneflower":3,"gravestone:obituary":8,"farmersdelight:onion":62,"minecraft:sand":1,"minecraft:iron_pickaxe":2,"paraglider:paraglider":1,"minecraft:gravel":1,"minecraft:rotten_flesh":5,"aether:leather_gloves":3,"minecraft:oak_planks":1,"artifacts:everlasting_beef":1,"minecraft:carrot":1,"minecraft:chainmail_chestplate":2,"minecraft:gunpowder":1,"minecraft:spruce_slab":2,"minecraft:iron_bars":10,"minecraft:iron_ingot":5,"minecraft:oak_slab":2,"minecraft:wheat_seeds":3,"minecraft:clock":1,"minecraft:golden_helmet":3,"minecraft:iron_helmet":1,"minecraft:cobblestone":82,"minecraft:purple_dye":6,"minecraft:spruce_stairs":3,"minecraft:stick":3,"minecraft:polished_andesite":1,"minecraft:diorite":7,"minecraft:torch":1,"minecraft:oak_stairs":3,"minecraft:iron_shovel":7,"minecraft:gray_carpet":1,"minecraft:moss_carpet":2,"minecraft:raw_copper":3,"minecraft:bowl":2,"valhelsia_structures:cut_oak_post":1,"minecraft:light_gray_wool":1,"minecraft:iron_boots":3,"minecraft:iron_hoe":1,"minecraft:lily_of_the_valley":2,"minecraft:diamond_sword":1,"minecraft:potato":2,"minecraft:cobblestone_slab":4,"minecraft:shield":3,"minecraft:spruce_trapdoor":4,"minecraft:spruce_planks":11,"minecraft:andesite":2,"minecraft:mossy_stone_bricks":6,"minecraft:golden_leggings":1,"minecraft:stone_pickaxe":1,"minecraft:wooden_pickaxe":1,"farmersdelight:tomato":29},"minecraft:picked_up":{"minecraft:iron_chestplate":1,"minecraft:wheat":17,"regions_unexplored:magnolia_log":4,"minecraft:diamond_sword":3,"minecraft:oak_stairs":5,"minecraft:enchanted_book":1,"minecraft:potion":1,"paraglider:goddess_statue":1,"minecraft:string":35,"minecraft:raw_copper":6,"minecraft:cobbled_deepslate":4,"farmersdelight:cabbage":16,"minecraft:spruce_planks":2,"minecraft:rose_bush":3,"minecraft:cobblestone_slab":9,"minecraft:calcite":2,"minecraft:iron_pickaxe":2,"minecraft:melon_slice":49,"delightful:green_tea_leaf":2,"regions_unexplored:redwood_log":170,"farmersdelight:cabbage_seeds":64,"minecraft:iron_boots":4,"minecraft:golden_helmet":3,"minecraft:tipped_arrow":1,"minecraft:stick":39,"minecraft:jukebox":1,"minecraft:torch":23,"minecraft:spruce_stairs":7,"minecraft:porkchop":38,"minecraft:diorite":15,"minecraft:golden_chestplate":1,"minecraft:stone_sword":2,"minecraft:honey_bottle":2,"minecraft:rotten_flesh":18,"farmersdelight:onion":132,"alexsmobs:emu_egg":2,"minecraft:bookshelf":1,"regions_unexplored:magnolia_sapling":2,"minecraft:iron_bars":25,"minecraft:cobblestone":308,"paraglider:paraglider":1,"minecraft:feather":9,"minecraft:cooked_beef":5,"farmersdelight:rice":1,"minecraft:andesite":26,"minecraft:potato":33,"paraglider:spirit_orb":29,"minecraft:flint":3,"delightful:cantaloupe":1,"farmersdelight:tomato":58,"minecraft:dirt":42,"minecraft:polished_granite":2,"minecraft:name_tag":1,"minecraft:bone":14,"minecraft:hanging_roots":7,"minecraft:bow":2,"minecraft:wheat_seeds":76,"regions_unexplored:pink_bioshroom":2,"minecraft:mossy_stone_bricks":40,"minecraft:mossy_stone_brick_stairs":2,"minecraft:oak_planks":1,"minecraft:cooked_porkchop":2,"valhelsia_structures:cut_oak_post":1,"minecraft:sand":1,"minecraft:ink_sac":1,"minecraft:grass_block":14,"minecraft:lily_of_the_valley":2,"minecraft:mossy_cobblestone":11,"minecraft:iron_hoe":3,"minecraft:polished_andesite":21,"regions_unexplored:hyssop":2,"minecraft:crossbow":1,"minecraft:granite":6,"minecraft:golden_apple":1,"minecraft:spruce_sign":2,"minecraft:bricks":1,"iceandfire:raw_silver":4,"minecraft:diamond_pickaxe":2,"iceandfire:witherbone":1,"minecraft:chicken":14,"minecraft:brown_mushroom":1,"ecologics:seashell":1,"minecraft:diamond_horse_armor":1,"regions_unexplored:blue_bioshroom":3,"gravestone:obituary":7,"minecraft:shield":3,"aether:leather_gloves":2,"minecraft:moss_carpet":2,"minecraft:compass":1,"minecraft:iron_shovel":4,"dungeonnowloading:spawner_fragment":45,"minecraft:cracked_stone_bricks":12,"minecraft:beef":40,"minecraft:spruce_slab":2,"minecraft:light_gray_wool":1,"regions_unexplored:redwood_planks":2,"minecraft:spruce_trapdoor":4,"minecraft:egg":4,"minecraft:raw_iron":20,"ecologics:coconut_slice":6,"minecraft:bowl":4,"farmersdelight:tomato_seeds":16,"minecraft:carrot":64,"regions_unexplored:purple_coneflower":10,"artifacts:everlasting_beef":1,"minecraft:arrow":9,"regions_unexplored:maple_sapling":3,"minecraft:diamond_boots":1,"minecraft:hay_block":11,"minecraft:mutton":12,"minecraft:skeleton_skull":1,"minecraft:white_wool":7,"minecraft:leather":25,"minecraft:filled_map":1,"minecraft:chainmail_chestplate":1,"minecraft:golden_boots":1,"minecraft:gunpowder":1,"minecraft:gray_carpet":1,"minecraft:apple":2,"minecraft:stone_bricks":9,"minecraft:kelp":25,"minecraft:iron_ingot":12,"regions_unexplored:redwood_sapling":22,"minecraft:stone_pickaxe":2,"minecraft:glass_bottle":3,"minecraft:iron_sword":3,"minecraft:book":42,"minecraft:oak_slab":4,"minecraft:polished_andesite_stairs":3,"minecraft:smooth_basalt":6,"minecraft:chiseled_stone_bricks":1,"minecraft:gravel":13,"minecraft:spruce_log":14,"minecraft:spider_eye":2,"minecraft:diamond_shovel":2,"minecraft:stone_axe":2,"minecraft:iron_helmet":1,"regions_unexplored:maple_log":11,"minecraft:baked_potato":1,"minecraft:coal":21,"minecraft:ender_pearl":1}},"DataVersion":3465}