{"stats":{"minecraft:mined":{"regions_unexplored:redwood_log":4,"regions_unexplored:redwood_leaves":30},"minecraft:picked_up":{"regions_unexplored:redwood_sapling":3,"minecraft:stick":3,"regions_unexplored:redwood_log":4},"minecraft:custom":{"minecraft:jump":40,"minecraft:time_since_rest":15922,"minecraft:crouch_one_cm":173,"minecraft:damage_taken":610,"minecraft:leave_game":6,"minecraft:play_time":20725,"minecraft:walk_one_cm":17390,"minecraft:time_since_death":15881,"minecraft:deaths":2,"minecraft:sneak_time":215,"minecraft:total_world_time":20725,"minecraft:fall_one_cm":6042,"minecraft:fly_one_cm":206}},"DataVersion":3465}