{"stat.flyOneCm":104320,"stat.mineBlock.minecraft.stained_glass_pane":12,"stat.deaths":19,"stat.walkOneCm":173276,"stat.drop":2,"stat.jump":553,"stat.playerKills":2,"stat.playOneMinute":23876,"stat.fallOneCm":103786,"stat.leaveGame":1,"stat.mineBlock.minecraft.glass":2,"stat.damageTaken":8330,"stat.damageDealt":645,"stat.furnaceInteraction":2,"stat.crouchOneCm":695,"stat.enderchestOpened":4,"stat.timeSinceDeath":184,"stat.sprintOneCm":65574,"achievement.exploreAllBiomes":{"value":0,"progress":["Desert"]},"stat.useItem.minecraft.potion":1}