{"stats":{"minecraft:mined":{"minecraft:spruce_planks":2,"minecraft:farmland":5,"regions_unexplored:maple_log":3,"minecraft:spruce_trapdoor":2,"minecraft:granite":20,"minecraft:grass_block":21,"minecraft:chiseled_stone_bricks":3,"minecraft:spawner":11,"minecraft:tall_seagrass":2,"minecraft:mossy_cobblestone_stairs":1,"farmersdelight:rice":1,"minecraft:iron_ore":18,"minecraft:fire":36,"regions_unexplored:redwood_planks":1,"minecraft:pumpkin":1,"minecraft:moss_carpet":1,"minecraft:iron_bars":18,"minecraft:oak_stairs":3,"biomesoplenty:webbing":3,"farmersdelight:rice_panicles":18,"minecraft:spruce_slab":2,"minecraft:torch":4,"minecraft:melon":9,"minecraft:polished_andesite_stairs":3,"farmersdelight:cabbages":16,"minecraft:cobblestone":21,"minecraft:oak_planks":1,"minecraft:wall_torch":4,"minecraft:seagrass":1,"regions_unexplored:hyssop":1,"farmersdelight:sandy_shrub":1,"ecologics:seashell":1,"delightful:cantaloupe":1,"minecraft:wheat":17,"minecraft:magenta_bed":1,"minecraft:jukebox":1,"minecraft:grass":32,"biomesoplenty:clover":10,"minecraft:oak_log":1,"minecraft:sand":1,"minecraft:dirt":18,"minecraft:oak_leaves":13,"minecraft:deepslate":4,"farmersdelight:onions":16,"minecraft:mossy_cobblestone":17,"gravestone:gravestone":3,"farmersdelight:tomatoes":16,"minecraft:moss_block":1,"minecraft:large_fern":1,"minecraft:hay_block":11,"minecraft:carrots":8,"minecraft:andesite":1,"treechop:chopped_log":2,"minecraft:mossy_stone_brick_stairs":2,"minecraft:bookshelf":15,"minecraft:potatoes":6,"minecraft:deepslate_iron_ore":2,"minecraft:cobblestone_slab":9,"minecraft:vine":9,"regions_unexplored:medium_grass":20,"minecraft:stone":242,"regions_unexplored:redwood_log":4,"minecraft:oak_slab":2,"minecraft:lily_of_the_valley":2,"minecraft:crafting_table":1,"minecraft:rose_bush":1,"minecraft:copper_ore":1,"biomesoplenty:sprout":1,"minecraft:diorite":9,"minecraft:spruce_stairs":7,"minecraft:coarse_dirt":1,"minecraft:spruce_log":14,"regions_unexplored:redwood_leaves":30,"minecraft:coal_ore":10,"minecraft:gravel":9,"minecraft:cobweb":2,"minecraft:cracked_stone_bricks":10,"minecraft:stone_bricks":1,"minecraft:polished_andesite":30,"minecraft:mossy_stone_bricks":12,"minecraft:fern":18,"paraglider:goddess_statue":1},"minecraft:picked_up":{"minecraft:iron_chestplate":1,"minecraft:wheat":17,"regions_unexplored:magnolia_log":4,"minecraft:diamond_sword":3,"minecraft:oak_stairs":5,"minecraft:potion":1,"paraglider:goddess_statue":1,"minecraft:string":35,"minecraft:raw_copper":3,"minecraft:cobbled_deepslate":4,"farmersdelight:cabbage":16,"minecraft:spruce_planks":2,"minecraft:rose_bush":3,"minecraft:cobblestone_slab":9,"minecraft:calcite":2,"minecraft:iron_pickaxe":2,"minecraft:melon_slice":49,"delightful:green_tea_leaf":2,"regions_unexplored:redwood_log":170,"farmersdelight:cabbage_seeds":64,"minecraft:iron_boots":4,"minecraft:golden_helmet":3,"minecraft:tipped_arrow":1,"minecraft:stick":36,"minecraft:jukebox":1,"minecraft:torch":20,"minecraft:spruce_stairs":7,"minecraft:porkchop":35,"minecraft:diorite":15,"minecraft:golden_chestplate":1,"minecraft:stone_sword":2,"minecraft:honey_bottle":2,"minecraft:rotten_flesh":18,"farmersdelight:onion":70,"alexsmobs:emu_egg":2,"minecraft:bookshelf":1,"regions_unexplored:magnolia_sapling":2,"minecraft:iron_bars":25,"minecraft:cobblestone":260,"minecraft:feather":9,"minecraft:cooked_beef":5,"farmersdelight:rice":1,"minecraft:andesite":1,"minecraft:potato":30,"paraglider:spirit_orb":29,"minecraft:flint":3,"delightful:cantaloupe":1,"farmersdelight:tomato":29,"minecraft:dirt":31,"minecraft:polished_granite":2,"minecraft:name_tag":1,"minecraft:bone":13,"minecraft:hanging_roots":7,"minecraft:bow":2,"minecraft:wheat_seeds":75,"minecraft:mossy_stone_bricks":40,"minecraft:mossy_stone_brick_stairs":2,"minecraft:oak_planks":1,"minecraft:cooked_porkchop":2,"valhelsia_structures:cut_oak_post":1,"minecraft:sand":1,"minecraft:ink_sac":1,"minecraft:grass_block":11,"minecraft:lily_of_the_valley":2,"minecraft:mossy_cobblestone":11,"minecraft:iron_hoe":3,"minecraft:polished_andesite":21,"regions_unexplored:hyssop":2,"minecraft:granite":6,"minecraft:golden_apple":1,"minecraft:spruce_sign":2,"minecraft:bricks":1,"minecraft:diamond_pickaxe":2,"iceandfire:witherbone":1,"minecraft:chicken":14,"minecraft:brown_mushroom":1,"ecologics:seashell":1,"minecraft:diamond_horse_armor":1,"gravestone:obituary":2,"minecraft:shield":3,"aether:leather_gloves":2,"minecraft:moss_carpet":2,"minecraft:compass":1,"minecraft:iron_shovel":4,"dungeonnowloading:spawner_fragment":45,"minecraft:cracked_stone_bricks":12,"minecraft:beef":23,"minecraft:spruce_slab":2,"minecraft:light_gray_wool":1,"regions_unexplored:redwood_planks":2,"minecraft:spruce_trapdoor":2,"minecraft:egg":4,"minecraft:raw_iron":20,"ecologics:coconut_slice":2,"minecraft:bowl":4,"farmersdelight:tomato_seeds":16,"minecraft:carrot":62,"regions_unexplored:purple_coneflower":6,"artifacts:everlasting_beef":1,"minecraft:arrow":9,"regions_unexplored:maple_sapling":3,"minecraft:diamond_boots":1,"minecraft:hay_block":11,"minecraft:mutton":12,"minecraft:white_wool":7,"minecraft:leather":18,"minecraft:filled_map":1,"minecraft:chainmail_chestplate":1,"minecraft:golden_boots":1,"minecraft:gunpowder":1,"minecraft:gray_carpet":1,"minecraft:apple":2,"minecraft:stone_bricks":5,"minecraft:iron_ingot":12,"regions_unexplored:redwood_sapling":22,"minecraft:stone_pickaxe":2,"minecraft:glass_bottle":3,"minecraft:iron_sword":3,"minecraft:book":42,"minecraft:polished_andesite_stairs":3,"minecraft:oak_slab":4,"minecraft:smooth_basalt":6,"minecraft:chiseled_stone_bricks":1,"minecraft:gravel":7,"minecraft:spruce_log":14,"minecraft:spider_eye":2,"minecraft:diamond_shovel":2,"minecraft:stone_axe":2,"minecraft:iron_helmet":1,"regions_unexplored:maple_log":11,"minecraft:baked_potato":1,"minecraft:coal":21,"minecraft:ender_pearl":1},"minecraft:killed":{"minecraft:spider":6,"minecraft:skeleton":10,"minecraft:chicken":15,"minecraft:silverfish":2,"minecraft:pig":20,"minecraft:zombie_villager":1,"minecraft:creeper":3,"minecraft:sheep":8,"minecraft:pillager":3,"minecraft:zombie":11,"minecraft:cow":12,"alexsmobs:tasmanian_devil":1,"alexsmobs:skunk":1,"iceandfire:ghost":2,"alexsmobs:crow":1,"minecraft:wither_skeleton":5},"minecraft:used":{"alexsmobs:emu_egg":1,"minecraft:shield":29,"minecraft:iron_sword":160,"minecraft:rotten_flesh":21,"paraglider:goddess_statue":1,"minecraft:carrot":58,"minecraft:honey_bottle":2,"minecraft:bricks":1,"minecraft:grass_block":11,"minecraft:stone_bricks":22,"farmersdelight:cutting_board":1,"minecraft:bow":3,"minecraft:potato":33,"minecraft:mossy_stone_bricks":34,"minecraft:diorite":7,"minecraft:spruce_door":2,"minecraft:stone_pickaxe":201,"minecraft:ender_pearl":1,"minecraft:wooden_pickaxe":46,"artifacts:eternal_steak":29,"minecraft:golden_apple":1,"regions_unexplored:redwood_planks":49,"minecraft:melon_slice":46,"minecraft:bread":3,"minecraft:polished_granite":2,"minecraft:gravel":2,"minecraft:diamond_sword":19,"minecraft:andesite":1,"minecraft:enchanting_table":1,"minecraft:stone_sword":141,"minecraft:spruce_planks":1,"minecraft:torch":54,"minecraft:dirt":25,"minecraft:spruce_stairs":1,"minecraft:golden_chestplate":1,"minecraft:granite":6,"minecraft:iron_hoe":75,"minecraft:wooden_axe":1,"minecraft:bookshelf":1,"minecraft:smooth_basalt":1,"artifacts:everlasting_beef":16,"minecraft:cooked_beef":3,"minecraft:cobbled_deepslate":4,"minecraft:water_bucket":1,"minecraft:polished_andesite":18,"minecraft:baked_potato":23,"minecraft:cobblestone_slab":2,"minecraft:cracked_stone_bricks":7,"minecraft:mossy_cobblestone":3,"minecraft:oak_slab":2,"minecraft:crafting_table":1,"minecraft:apple":3,"minecraft:diamond_shovel":129,"minecraft:iron_pickaxe":238,"minecraft:stone_axe":86,"minecraft:chiseled_stone_bricks":1,"minecraft:cobblestone":150,"minecraft:potion":2,"minecraft:cooked_porkchop":2,"minecraft:bucket":1,"regions_unexplored:maple_log":3,"minecraft:jukebox":1},"minecraft:crafted":{"minecraft:bow":3,"minecraft:arrow":8,"minecraft:crafting_table":1,"minecraft:spruce_planks":44,"minecraft:wooden_pickaxe":3,"minecraft:baked_potato":32,"minecraft:spruce_door":3,"farmersdelight:cutting_board":1,"minecraft:purple_dye":6,"minecraft:shield":1,"minecraft:stick":20,"minecraft:stone_sword":1,"morebowsandarrows:iron_bow":1,"minecraft:iron_hoe":1,"minecraft:stone_pickaxe":4,"minecraft:wheat":72,"minecraft:stone_axe":1,"minecraft:bread":29,"regions_unexplored:redwood_planks":72,"minecraft:torch":4},"minecraft:custom":{"minecraft:interact_with_crafting_table":22,"minecraft:open_barrel":10,"minecraft:leave_game":12,"minecraft:time_since_death":84374,"minecraft:sprint_one_cm":800691,"minecraft:damage_blocked_by_shield":1890,"minecraft:drop":84,"minecraft:talked_to_villager":3,"minecraft:play_time":321119,"minecraft:deaths":7,"minecraft:jump":4162,"minecraft:walk_on_water_one_cm":79959,"minecraft:interact_with_cartography_table":1,"minecraft:sleep_in_bed":4,"minecraft:waystone_activated":3,"minecraft:damage_dealt":12584,"minecraft:crouch_one_cm":29209,"minecraft:interact_with_smoker":18,"minecraft:mob_kills":102,"minecraft:climb_one_cm":11928,"minecraft:walk_one_cm":1112803,"minecraft:sneak_time":9944,"minecraft:walk_under_water_one_cm":58299,"minecraft:interact_with_blast_furnace":1,"minecraft:total_world_time":321119,"minecraft:time_since_rest":48169,"minecraft:damage_taken":8552,"minecraft:damage_absorbed":5,"minecraft:swim_one_cm":75544,"minecraft:fly_one_cm":645649,"minecraft:open_chest":292,"minecraft:fall_one_cm":110160},"minecraft:broken":{"minecraft:golden_boots":1,"minecraft:diamond_boots":1,"minecraft:stone_axe":1,"minecraft:golden_chestplate":1},"minecraft:dropped":{"minecraft:iron_sword":2,"minecraft:brown_mushroom":1,"delightful:cantaloupe":1,"minecraft:baked_potato":5,"minecraft:glass_bottle":3,"minecraft:cracked_stone_bricks":5,"minecraft:dirt":6,"gravestone:obituary":2,"minecraft:sand":1,"minecraft:iron_pickaxe":2,"minecraft:gravel":1,"minecraft:rotten_flesh":5,"aether:leather_gloves":3,"minecraft:oak_planks":1,"artifacts:everlasting_beef":1,"minecraft:chainmail_chestplate":2,"minecraft:gunpowder":1,"minecraft:iron_bars":10,"minecraft:iron_ingot":5,"minecraft:oak_slab":2,"minecraft:wheat_seeds":1,"minecraft:clock":1,"minecraft:golden_helmet":3,"minecraft:iron_helmet":1,"minecraft:cobblestone":80,"minecraft:purple_dye":6,"minecraft:spruce_stairs":3,"minecraft:polished_andesite":1,"minecraft:diorite":7,"minecraft:torch":1,"minecraft:oak_stairs":3,"minecraft:iron_shovel":7,"minecraft:gray_carpet":1,"minecraft:moss_carpet":1,"minecraft:raw_copper":3,"minecraft:bowl":2,"valhelsia_structures:cut_oak_post":1,"minecraft:light_gray_wool":1,"minecraft:iron_boots":3,"minecraft:iron_hoe":1,"minecraft:lily_of_the_valley":2,"minecraft:diamond_sword":1,"minecraft:cobblestone_slab":4,"minecraft:shield":3,"minecraft:spruce_planks":11,"minecraft:mossy_stone_bricks":6,"minecraft:golden_leggings":1,"minecraft:stone_pickaxe":1,"minecraft:wooden_pickaxe":1}},"DataVersion":3465}