{"stats":{"minecraft:dropped":{"minecraft:iron_ingot":5,"minecraft:clock":1,"minecraft:glass_bottle":3,"minecraft:iron_hoe":1,"minecraft:shield":1,"minecraft:torch":1,"minecraft:iron_bars":5},"minecraft:picked_up":{"minecraft:cooked_beef":5,"regions_unexplored:magnolia_log":4,"minecraft:leather":6,"minecraft:potion":1,"paraglider:spirit_orb":13,"minecraft:diamond_horse_armor":1,"minecraft:shield":2,"minecraft:dirt":3,"minecraft:string":21,"minecraft:polished_granite":2,"minecraft:name_tag":1,"dungeonnowloading:spawner_fragment":14,"minecraft:apple":2,"minecraft:stone_bricks":4,"minecraft:bow":2,"minecraft:wheat_seeds":10,"minecraft:iron_ingot":12,"regions_unexplored:redwood_sapling":22,"minecraft:stone_pickaxe":2,"minecraft:rose_bush":3,"minecraft:calcite":2,"minecraft:mossy_stone_bricks":31,"minecraft:glass_bottle":3,"regions_unexplored:redwood_planks":2,"minecraft:melon_slice":49,"delightful:green_tea_leaf":2,"minecraft:iron_sword":2,"minecraft:tipped_arrow":1,"regions_unexplored:redwood_log":170,"minecraft:iron_boots":2,"minecraft:oak_slab":4,"minecraft:raw_iron":2,"minecraft:stick":36,"minecraft:smooth_basalt":6,"minecraft:cooked_porkchop":2,"minecraft:torch":14,"minecraft:bowl":4,"minecraft:spruce_stairs":4,"minecraft:porkchop":3,"valhelsia_structures:cut_oak_post":1,"minecraft:carrot":25,"minecraft:golden_chestplate":1,"minecraft:mossy_cobblestone":1,"minecraft:iron_hoe":3,"minecraft:arrow":1,"minecraft:rotten_flesh":10,"minecraft:stone_sword":2,"minecraft:honey_bottle":2,"regions_unexplored:maple_sapling":3,"minecraft:stone_axe":2,"minecraft:diamond_boots":1,"minecraft:hay_block":4,"regions_unexplored:maple_log":11,"minecraft:spruce_sign":2,"minecraft:baked_potato":1,"minecraft:bricks":1,"minecraft:coal":8,"minecraft:iron_bars":10,"regions_unexplored:magnolia_sapling":2,"minecraft:cobblestone":21,"minecraft:ender_pearl":1},"minecraft:mined":{"minecraft:oak_slab":2,"regions_unexplored:maple_log":3,"minecraft:torch":3,"minecraft:grass_block":3,"minecraft:melon":9,"minecraft:rose_bush":1,"minecraft:moss_block":1,"minecraft:wall_torch":3,"minecraft:spawner":1,"minecraft:spruce_stairs":4,"minecraft:hay_block":4,"minecraft:fire":36,"minecraft:magenta_bed":1,"regions_unexplored:redwood_leaves":30,"minecraft:pumpkin":1,"treechop:chopped_log":2,"minecraft:grass":5,"biomesoplenty:clover":4,"minecraft:deepslate_iron_ore":2,"minecraft:vine":1,"minecraft:iron_bars":4,"biomesoplenty:webbing":3,"minecraft:cobweb":1,"regions_unexplored:redwood_log":4,"minecraft:mossy_stone_bricks":3,"minecraft:oak_leaves":5,"minecraft:fern":18},"minecraft:killed":{"minecraft:pig":2,"alexsmobs:skunk":1,"alexsmobs:tasmanian_devil":1,"minecraft:skeleton":3,"minecraft:zombie":5,"minecraft:silverfish":2},"minecraft:crafted":{"minecraft:stone_axe":1,"regions_unexplored:redwood_planks":8,"minecraft:shield":1,"minecraft:stone_pickaxe":1,"minecraft:stone_sword":1},"minecraft:broken":{"minecraft:diamond_boots":1,"minecraft:golden_chestplate":1},"minecraft:custom":{"minecraft:mob_kills":14,"minecraft:interact_with_crafting_table":4,"minecraft:open_barrel":1,"minecraft:leave_game":7,"minecraft:time_since_death":11190,"minecraft:sleep_in_bed":2,"minecraft:climb_one_cm":4722,"minecraft:time_since_rest":11231,"minecraft:waystone_activated":1,"minecraft:sprint_one_cm":183869,"minecraft:damage_taken":4115,"minecraft:walk_one_cm":355572,"minecraft:drop":10,"minecraft:damage_dealt":1990,"minecraft:swim_one_cm":21855,"minecraft:fly_one_cm":135057,"minecraft:open_chest":54,"minecraft:crouch_one_cm":3623,"minecraft:play_time":103485,"minecraft:deaths":4,"minecraft:sneak_time":1204,"minecraft:walk_under_water_one_cm":3759,"minecraft:jump":1192,"minecraft:interact_with_blast_furnace":1,"minecraft:walk_on_water_one_cm":16974,"minecraft:total_world_time":103485,"minecraft:fall_one_cm":35491},"minecraft:used":{"minecraft:mossy_stone_bricks":31,"minecraft:stone_sword":17,"minecraft:baked_potato":1,"minecraft:stone_pickaxe":17,"minecraft:ender_pearl":1,"minecraft:iron_sword":53,"minecraft:rotten_flesh":21,"minecraft:torch":4,"minecraft:oak_slab":2,"minecraft:carrot":30,"minecraft:spruce_stairs":1,"minecraft:golden_chestplate":1,"minecraft:honey_bottle":2,"minecraft:iron_hoe":15,"minecraft:apple":3,"minecraft:bricks":1,"minecraft:melon_slice":42,"minecraft:polished_granite":2,"minecraft:stone_axe":36,"minecraft:stone_bricks":3,"minecraft:smooth_basalt":1,"minecraft:potion":2,"minecraft:cooked_porkchop":2,"minecraft:cooked_beef":3,"regions_unexplored:maple_log":3}},"DataVersion":3465}