{"stats":{"minecraft:custom":{"minecraft:interact_with_crafting_table":37,"minecraft:open_barrel":39,"minecraft:leave_game":16,"minecraft:time_since_death":43335,"minecraft:sprint_one_cm":1285550,"minecraft:damage_blocked_by_shield":5280,"minecraft:drop":158,"minecraft:talked_to_villager":3,"minecraft:play_time":521733,"minecraft:deaths":11,"minecraft:jump":7181,"minecraft:walk_on_water_one_cm":97611,"minecraft:enchant_item":1,"minecraft:interact_with_cartography_table":1,"minecraft:interact_with_loom":2,"minecraft:sleep_in_bed":7,"minecraft:waystone_activated":3,"minecraft:damage_dealt":23939,"minecraft:crouch_one_cm":52845,"minecraft:interact_with_smoker":22,"minecraft:interact_with_anvil":4,"minecraft:mob_kills":157,"minecraft:climb_one_cm":13348,"minecraft:walk_one_cm":1769721,"minecraft:sneak_time":17146,"minecraft:walk_under_water_one_cm":60179,"minecraft:interact_with_blast_furnace":1,"minecraft:total_world_time":521733,"minecraft:time_since_rest":14292,"minecraft:damage_taken":17387,"minecraft:damage_absorbed":5,"minecraft:swim_one_cm":124307,"minecraft:fly_one_cm":1061413,"minecraft:open_chest":447,"minecraft:fall_one_cm":183618},"minecraft:mined":{"minecraft:spruce_planks":2,"minecraft:farmland":5,"regions_unexplored:brimsprout":6,"regions_unexplored:maple_log":3,"valhelsia_structures:dirt":15,"regions_unexplored:brimwood_leaves":22,"minecraft:obsidian":10,"biomesoplenty:burning_blossom":6,"minecraft:spruce_trapdoor":2,"minecraft:granite":20,"minecraft:grass_block":46,"biomesoplenty:rose_quartz_block":1,"regions_unexplored:purple_coneflower":3,"minecraft:nether_wart":3,"regions_unexplored:blue_bioshroom":1,"regions_unexplored:blue_bioshroom_block":9,"minecraft:chiseled_stone_bricks":3,"minecraft:spawner":14,"minecraft:weeping_vines_plant":1,"minecraft:tall_seagrass":2,"minecraft:mossy_cobblestone_stairs":1,"farmersdelight:rice":1,"minecraft:iron_ore":18,"minecraft:fire":67,"valhelsia_structures:andesite":1,"regions_unexplored:redwood_planks":1,"minecraft:pumpkin":1,"minecraft:moss_carpet":1,"minecraft:nether_brick_stairs":2,"stalwart_dungeons:soul_magma_bricks":1,"biomesoplenty:webbing":3,"minecraft:oak_stairs":3,"minecraft:iron_bars":18,"farmersdelight:rice_panicles":18,"minecraft:spruce_slab":2,"valhelsia_structures:explorers_tent":1,"minecraft:polished_blackstone_wall":1,"minecraft:kelp_plant":26,"minecraft:torch":19,"minecraft:polished_andesite_stairs":3,"minecraft:melon":9,"minecraft:mushroom_stem":2,"farmersdelight:cabbages":16,"minecraft:nether_quartz_ore":58,"minecraft:cobblestone":22,"minecraft:oak_planks":1,"minecraft:wall_torch":7,"minecraft:skeleton_skull":1,"minecraft:seagrass":1,"regions_unexplored:hyssop":1,"farmersdelight:sandy_shrub":1,"valhelsia_structures:bone_pile":1,"ecologics:seashell":1,"minecraft:nether_wart_block":3,"delightful:cantaloupe":1,"minecraft:wheat":17,"minecraft:magenta_bed":1,"minecraft:jukebox":1,"biomesoplenty:large_rose_quartz_bud":2,"minecraft:grass":56,"biomesoplenty:clover":12,"minecraft:oak_log":1,"minecraft:sand":1,"minecraft:dirt":127,"minecraft:crimson_planks":14,"stalwart_dungeons:pusher":7,"minecraft:netherrack":182,"minecraft:oak_leaves":13,"minecraft:deepslate":20,"regions_unexplored:tall_pink_bioshroom":1,"minecraft:nether_gold_ore":2,"minecraft:tuff":3,"farmersdelight:onions":16,"iceandfire:silver_ore":8,"minecraft:mossy_cobblestone":17,"gravestone:gravestone":5,"regions_unexplored:hanging_earlight":1,"minecraft:crimson_roots":1,"farmersdelight:tomatoes":16,"minecraft:red_mushroom":1,"minecraft:moss_block":1,"minecraft:kelp":1,"minecraft:rooted_dirt":7,"minecraft:large_fern":1,"minecraft:hay_block":11,"regions_unexplored:brimwood_log_magma":1,"minecraft:carrots":32,"minecraft:andesite":27,"treechop:chopped_log":3,"minecraft:gold_block":10,"minecraft:nether_brick_fence":1,"minecraft:mossy_stone_brick_stairs":2,"minecraft:bookshelf":15,"minecraft:potatoes":6,"minecraft:deepslate_iron_ore":6,"minecraft:cobblestone_slab":9,"minecraft:vine":9,"regions_unexplored:medium_grass":27,"minecraft:stone":349,"regions_unexplored:redwood_log":8,"biomesoplenty:rose_quartz_cluster":2,"regions_unexplored:brimsprout_nylium":9,"minecraft:oak_slab":2,"minecraft:lily_of_the_valley":2,"regions_unexplored:pink_bioshroom":2,"minecraft:crafting_table":2,"biomesoplenty:small_rose_quartz_bud":2,"minecraft:rose_bush":1,"minecraft:tall_grass":2,"minecraft:copper_ore":2,"biomesoplenty:sprout":3,"minecraft:deepslate_gold_ore":7,"minecraft:diorite":9,"minecraft:spruce_stairs":7,"minecraft:coarse_dirt":12,"minecraft:spruce_log":14,"minecraft:birch_leaves":5,"regions_unexplored:redwood_leaves":30,"minecraft:coal_ore":25,"stalwart_dungeons:igniter":15,"minecraft:gravel":12,"minecraft:cobweb":5,"minecraft:cracked_stone_bricks":10,"minecraft:stone_bricks":5,"minecraft:polished_andesite":30,"minecraft:mossy_stone_bricks":12,"minecraft:fern":18,"paraglider:goddess_statue":1},"minecraft:broken":{"minecraft:golden_boots":2,"minecraft:iron_chestplate":1,"minecraft:diamond_boots":1,"minecraft:stone_axe":1,"minecraft:golden_chestplate":1,"minecraft:stone_sword":1,"minecraft:diamond_leggings":1,"minecraft:shield":1,"iceandfire:forest_troll_leather_helmet":1},"minecraft:used":{"alexsmobs:emu_egg":2,"minecraft:shield":107,"farmersdelight:cabbage":4,"minecraft:iron_sword":160,"minecraft:rotten_flesh":21,"paraglider:goddess_statue":1,"minecraft:carrot":103,"minecraft:tuff":1,"minecraft:obsidian":10,"minecraft:honey_bottle":2,"farmersdelight:tomato":29,"minecraft:bricks":1,"minecraft:grass_block":11,"minecraft:iron_helmet":1,"minecraft:stone_bricks":52,"delightful:green_tea_leaf":1,"minecraft:bow":3,"farmersdelight:cutting_board":1,"minecraft:skeleton_skull":1,"minecraft:potato":33,"minecraft:golden_boots":4,"minecraft:diorite":7,"minecraft:mossy_stone_bricks":34,"morebowsandarrows:iron_bow":20,"minecraft:spruce_door":2,"minecraft:stone_pickaxe":201,"minecraft:ender_pearl":1,"minecraft:wooden_pickaxe":46,"artifacts:eternal_steak":29,"minecraft:chainmail_helmet":1,"minecraft:golden_apple":1,"regions_unexplored:redwood_planks":177,"minecraft:bread":29,"minecraft:melon_slice":49,"minecraft:polished_granite":2,"minecraft:gravel":2,"ecologics:coconut_slice":2,"minecraft:diamond_sword":191,"minecraft:andesite":3,"minecraft:enchanting_table":1,"minecraft:stone_sword":157,"minecraft:flint_and_steel":24,"minecraft:spruce_planks":1,"minecraft:netherrack":124,"minecraft:torch":93,"minecraft:dirt":25,"minecraft:spruce_stairs":1,"minecraft:golden_chestplate":1,"minecraft:granite":6,"minecraft:iron_hoe":75,"minecraft:wooden_axe":1,"minecraft:bookshelf":1,"minecraft:smooth_basalt":1,"artifacts:everlasting_beef":16,"minecraft:cooked_beef":31,"minecraft:cobbled_deepslate":20,"biomesoplenty:burning_blossom":1,"minecraft:iron_leggings":2,"minecraft:water_bucket":6,"minecraft:polished_andesite":18,"minecraft:baked_potato":33,"minecraft:cobblestone_slab":2,"minecraft:cracked_stone_bricks":7,"minecraft:mossy_cobblestone":3,"farmersdelight:onion":110,"minecraft:oak_slab":2,"minecraft:crafting_table":6,"minecraft:diamond_pickaxe":218,"minecraft:apple":14,"minecraft:diamond_shovel":300,"minecraft:iron_pickaxe":539,"minecraft:stone_axe":147,"minecraft:chiseled_stone_bricks":1,"minecraft:cobblestone":256,"minecraft:potion":2,"minecraft:cooked_porkchop":2,"minecraft:bucket":6,"regions_unexplored:maple_log":3,"minecraft:jukebox":1},"minecraft:killed":{"minecraft:spider":7,"minecraft:skeleton":21,"minecraft:chicken":15,"minecraft:silverfish":2,"minecraft:piglin_brute":1,"minecraft:pig":21,"minecraft:zombie_villager":1,"minecraft:creeper":3,"minecraft:sheep":8,"minecraft:pillager":6,"minecraft:zombie":20,"stalwart_dungeons:incomplete_wither":1,"minecraft:cow":20,"minecraft:blaze":2,"alexsmobs:dropbear":3,"alexsmobs:tasmanian_devil":1,"alexsmobs:seagull":1,"alexsmobs:sugar_glider":1,"alexsmobs:skunk":1,"stalwart_dungeons:reinforced_blaze":7,"iceandfire:ghost":3,"alexsmobs:crow":1,"minecraft:wither_skeleton":8,"minecraft:enderman":2},"minecraft:crafted":{"minecraft:bow":3,"minecraft:golden_boots":5,"minecraft:arrow":8,"minecraft:crafting_table":6,"minecraft:spruce_planks":44,"minecraft:iron_helmet":1,"minecraft:wooden_pickaxe":3,"minecraft:baked_potato":32,"minecraft:spruce_door":3,"farmersdelight:cutting_board":1,"minecraft:shield":4,"minecraft:iron_chestplate":1,"minecraft:purple_dye":6,"minecraft:stick":40,"minecraft:iron_pickaxe":2,"minecraft:stone_sword":1,"minecraft:gold_ingot":18,"morebowsandarrows:iron_bow":1,"minecraft:flint_and_steel":1,"minecraft:iron_hoe":1,"minecraft:stone_pickaxe":4,"minecraft:wheat":99,"minecraft:cooked_beef":30,"paraglider:paraglider":1,"minecraft:stone_axe":1,"minecraft:bread":38,"minecraft:air":0,"regions_unexplored:redwood_planks":388,"minecraft:iron_leggings":1,"minecraft:torch":32},"minecraft:dropped":{"minecraft:iron_sword":2,"minecraft:brown_mushroom":1,"regions_unexplored:brimwood_sapling":9,"stalwart_dungeons:soul_magma_bricks":2,"delightful:cantaloupe":1,"minecraft:cooked_beef":1,"minecraft:baked_potato":5,"minecraft:glass_bottle":3,"minecraft:cooked_porkchop":4,"ecologics:coconut_slice":4,"minecraft:cracked_stone_bricks":5,"minecraft:dirt":8,"regions_unexplored:brimsprout":2,"minecraft:mutton":1,"regions_unexplored:purple_coneflower":3,"gravestone:obituary":11,"farmersdelight:onion":63,"minecraft:sand":1,"minecraft:iron_pickaxe":5,"paraglider:paraglider":3,"minecraft:gold_ingot":14,"minecraft:bone":4,"minecraft:gravel":1,"minecraft:obsidian":10,"aether:leather_gloves":3,"minecraft:rotten_flesh":5,"minecraft:oak_planks":1,"regions_unexplored:redwood_planks":19,"artifacts:everlasting_beef":1,"minecraft:carrot":1,"minecraft:chainmail_chestplate":2,"minecraft:gunpowder":1,"ecologics:coconut_husk":2,"minecraft:spruce_slab":2,"minecraft:iron_bars":10,"minecraft:netherrack":61,"minecraft:golden_boots":1,"minecraft:enchanted_book":1,"minecraft:iron_ingot":5,"minecraft:oak_slab":2,"minecraft:wheat_seeds":11,"minecraft:clock":1,"minecraft:golden_helmet":3,"minecraft:golden_axe":2,"minecraft:iron_helmet":1,"minecraft:cobblestone":84,"delightful:green_tea_leaf":1,"minecraft:purple_dye":6,"minecraft:spruce_stairs":3,"minecraft:polished_andesite":1,"minecraft:stick":5,"stalwart_dungeons:blaze_armor_scrap":4,"minecraft:diorite":7,"minecraft:torch":1,"minecraft:oak_stairs":3,"minecraft:iron_shovel":7,"minecraft:gray_carpet":1,"minecraft:moss_carpet":2,"minecraft:raw_copper":3,"minecraft:bowl":2,"valhelsia_structures:cut_oak_post":1,"minecraft:light_gray_wool":1,"minecraft:iron_boots":3,"minecraft:iron_hoe":1,"minecraft:lily_of_the_valley":2,"minecraft:diamond_sword":1,"minecraft:potato":6,"minecraft:cobblestone_slab":4,"minecraft:shield":3,"minecraft:spruce_trapdoor":4,"minecraft:spruce_planks":11,"minecraft:diamond_pickaxe":1,"minecraft:andesite":2,"minecraft:mossy_stone_bricks":6,"minecraft:golden_leggings":1,"minecraft:bow":1,"minecraft:stone_pickaxe":1,"minecraft:wooden_pickaxe":1,"farmersdelight:tomato":29,"regions_unexplored:cobalt_roots":2},"minecraft:picked_up":{"minecraft:iron_chestplate":1,"biomesoplenty:burning_blossom":1,"minecraft:wheat":17,"regions_unexplored:magnolia_log":4,"minecraft:diamond_sword":3,"aether:iron_gloves":2,"regions_unexplored:brimsprout":3,"minecraft:oak_stairs":5,"minecraft:enchanted_book":4,"minecraft:potion":1,"paraglider:goddess_statue":1,"minecraft:string":35,"minecraft:raw_copper":6,"minecraft:cobbled_deepslate":20,"farmersdelight:cabbage":16,"minecraft:spruce_planks":2,"minecraft:rose_bush":3,"minecraft:cobblestone_slab":9,"minecraft:calcite":2,"minecraft:iron_pickaxe":3,"minecraft:melon_slice":49,"delightful:green_tea_leaf":4,"farmersdelight:cabbage_seeds":64,"regions_unexplored:redwood_log":175,"minecraft:iron_boots":4,"minecraft:golden_helmet":3,"minecraft:tipped_arrow":1,"biomesoplenty:rose_quartz_block":1,"minecraft:stick":39,"minecraft:jukebox":1,"minecraft:torch":41,"minecraft:spruce_stairs":7,"minecraft:porkchop":38,"minecraft:golden_axe":2,"minecraft:diorite":15,"minecraft:golden_chestplate":1,"stalwart_dungeons:soul_magma_bricks":3,"biomesoplenty:rose_quartz_chunk":4,"minecraft:stone_sword":5,"minecraft:honey_bottle":2,"minecraft:rotten_flesh":28,"farmersdelight:onion":133,"alexsmobs:emu_egg":3,"minecraft:bookshelf":1,"minecraft:blaze_rod":13,"minecraft:obsidian":20,"regions_unexplored:magnolia_sapling":2,"minecraft:iron_bars":25,"minecraft:cobblestone":370,"paraglider:paraglider":3,"minecraft:feather":9,"minecraft:cooked_beef":9,"farmersdelight:rice":1,"minecraft:andesite":30,"minecraft:potato":33,"paraglider:spirit_orb":31,"minecraft:flint":3,"minecraft:tuff":1,"delightful:cantaloupe":1,"farmersdelight:tomato":58,"minecraft:dirt":44,"regions_unexplored:cobalt_roots":2,"minecraft:polished_granite":2,"minecraft:name_tag":1,"minecraft:bone":33,"stalwart_dungeons:blaze_armor_scrap":4,"minecraft:hanging_roots":7,"minecraft:bow":3,"minecraft:wheat_seeds":84,"minecraft:raw_gold":7,"regions_unexplored:pink_bioshroom":2,"aether:book_of_lore":1,"minecraft:mossy_stone_bricks":40,"minecraft:oak_planks":1,"minecraft:mossy_stone_brick_stairs":2,"minecraft:cooked_porkchop":6,"artifacts:rooted_boots":2,"valhelsia_structures:cut_oak_post":1,"minecraft:sand":1,"minecraft:ink_sac":1,"minecraft:grass_block":14,"minecraft:lily_of_the_valley":2,"minecraft:mossy_cobblestone":11,"regions_unexplored:brimwood_sapling":9,"minecraft:iron_hoe":3,"minecraft:polished_andesite":21,"regions_unexplored:hyssop":2,"minecraft:crossbow":1,"minecraft:granite":6,"minecraft:golden_apple":1,"minecraft:spruce_sign":2,"minecraft:netherrack":199,"minecraft:bricks":1,"iceandfire:raw_silver":8,"minecraft:diamond_pickaxe":3,"sophisticatedbackpacks:gold_backpack":1,"iceandfire:witherbone":5,"minecraft:chicken":14,"minecraft:nether_wart":3,"minecraft:brown_mushroom":1,"ecologics:seashell":1,"minecraft:gold_block":10,"minecraft:diamond_horse_armor":1,"regions_unexplored:blue_bioshroom":3,"gravestone:obituary":8,"minecraft:shield":4,"aether:leather_gloves":2,"minecraft:moss_carpet":2,"minecraft:compass":1,"minecraft:iron_shovel":4,"dungeonnowloading:spawner_fragment":51,"minecraft:cracked_stone_bricks":12,"minecraft:beef":40,"minecraft:spruce_slab":2,"minecraft:light_gray_wool":1,"regions_unexplored:redwood_planks":58,"minecraft:spruce_trapdoor":4,"minecraft:egg":4,"minecraft:raw_iron":24,"ecologics:coconut_slice":6,"minecraft:bowl":4,"farmersdelight:tomato_seeds":16,"minecraft:carrot":159,"regions_unexplored:purple_coneflower":10,"artifacts:everlasting_beef":1,"minecraft:arrow":20,"regions_unexplored:maple_sapling":3,"minecraft:diamond_boots":1,"minecraft:hay_block":11,"minecraft:mutton":12,"minecraft:skeleton_skull":1,"minecraft:white_wool":7,"minecraft:leather":25,"minecraft:red_mushroom":1,"minecraft:filled_map":1,"minecraft:chainmail_chestplate":1,"minecraft:golden_boots":1,"minecraft:nether_wart_block":3,"minecraft:gunpowder":1,"minecraft:gray_carpet":1,"minecraft:apple":2,"minecraft:stone_bricks":9,"minecraft:kelp":25,"minecraft:iron_ingot":12,"regions_unexplored:redwood_sapling":22,"minecraft:stone_pickaxe":2,"regions_unexplored:brimwood_log":25,"minecraft:glass_bottle":3,"minecraft:iron_sword":3,"minecraft:book":42,"minecraft:oak_slab":4,"minecraft:polished_andesite_stairs":3,"minecraft:smooth_basalt":6,"minecraft:chiseled_stone_bricks":1,"minecraft:quartz":78,"minecraft:gravel":13,"minecraft:spruce_log":14,"minecraft:spider_eye":2,"minecraft:diamond_shovel":2,"minecraft:stone_axe":2,"minecraft:iron_helmet":1,"regions_unexplored:maple_log":11,"stalwart_dungeons:igniter":4,"minecraft:baked_potato":1,"minecraft:coal":38,"minecraft:ender_pearl":2}},"DataVersion":3465}