{"stats":{"minecraft:custom":{"minecraft:mob_kills":63,"minecraft:interact_with_crafting_table":14,"minecraft:open_barrel":5,"minecraft:leave_game":9,"minecraft:time_since_death":36762,"minecraft:climb_one_cm":11734,"minecraft:sprint_one_cm":533479,"minecraft:walk_one_cm":843700,"minecraft:damage_blocked_by_shield":1665,"minecraft:drop":51,"minecraft:sneak_time":9605,"minecraft:play_time":234864,"minecraft:deaths":6,"minecraft:walk_under_water_one_cm":56374,"minecraft:jump":3082,"minecraft:interact_with_blast_furnace":1,"minecraft:walk_on_water_one_cm":71976,"minecraft:total_world_time":234864,"minecraft:interact_with_cartography_table":1,"minecraft:sleep_in_bed":3,"minecraft:waystone_activated":2,"minecraft:time_since_rest":36806,"minecraft:damage_taken":6916,"minecraft:damage_dealt":8378,"minecraft:swim_one_cm":74361,"minecraft:fly_one_cm":445286,"minecraft:open_chest":196,"minecraft:crouch_one_cm":28000,"minecraft:interact_with_smoker":12,"minecraft:fall_one_cm":89302},"minecraft:mined":{"minecraft:spruce_planks":2,"minecraft:mossy_cobblestone":17,"regions_unexplored:maple_log":3,"gravestone:gravestone":2,"minecraft:granite":14,"minecraft:grass_block":6,"minecraft:moss_block":1,"minecraft:chiseled_stone_bricks":3,"minecraft:spawner":11,"minecraft:large_fern":1,"minecraft:hay_block":4,"minecraft:tall_seagrass":2,"minecraft:mossy_cobblestone_stairs":1,"minecraft:iron_ore":18,"minecraft:fire":36,"minecraft:andesite":1,"regions_unexplored:redwood_planks":1,"minecraft:pumpkin":1,"treechop:chopped_log":2,"minecraft:mossy_stone_brick_stairs":2,"minecraft:bookshelf":14,"minecraft:vine":9,"minecraft:deepslate_iron_ore":2,"minecraft:cobblestone_slab":9,"minecraft:iron_bars":18,"minecraft:oak_stairs":3,"biomesoplenty:webbing":3,"regions_unexplored:medium_grass":6,"minecraft:stone":127,"regions_unexplored:redwood_log":4,"minecraft:oak_slab":2,"minecraft:crafting_table":1,"minecraft:torch":4,"minecraft:polished_andesite_stairs":3,"minecraft:melon":9,"minecraft:rose_bush":1,"minecraft:cobblestone":17,"biomesoplenty:sprout":1,"minecraft:oak_planks":1,"minecraft:diorite":2,"minecraft:wall_torch":4,"minecraft:seagrass":1,"minecraft:spruce_stairs":7,"farmersdelight:sandy_shrub":1,"minecraft:coarse_dirt":1,"ecologics:seashell":1,"delightful:cantaloupe":1,"minecraft:magenta_bed":1,"minecraft:spruce_log":10,"minecraft:jukebox":1,"regions_unexplored:redwood_leaves":30,"minecraft:grass":14,"biomesoplenty:clover":4,"minecraft:coal_ore":10,"minecraft:oak_log":1,"minecraft:gravel":4,"minecraft:sand":1,"minecraft:dirt":14,"minecraft:cobweb":2,"minecraft:cracked_stone_bricks":10,"minecraft:stone_bricks":1,"minecraft:polished_andesite":30,"minecraft:mossy_stone_bricks":12,"minecraft:oak_leaves":8,"minecraft:fern":18},"minecraft:broken":{"minecraft:diamond_boots":1,"minecraft:stone_axe":1,"minecraft:golden_chestplate":1},"minecraft:used":{"minecraft:stone_sword":43,"minecraft:spruce_planks":1,"minecraft:shield":26,"minecraft:iron_sword":153,"minecraft:rotten_flesh":21,"minecraft:torch":48,"minecraft:dirt":18,"minecraft:spruce_stairs":1,"minecraft:carrot":30,"minecraft:golden_chestplate":1,"minecraft:honey_bottle":2,"minecraft:wooden_axe":1,"minecraft:iron_hoe":15,"minecraft:bricks":1,"minecraft:stone_bricks":9,"minecraft:bow":3,"minecraft:smooth_basalt":1,"artifacts:everlasting_beef":16,"minecraft:cooked_beef":3,"minecraft:water_bucket":1,"minecraft:mossy_stone_bricks":34,"minecraft:spruce_door":2,"minecraft:polished_andesite":18,"minecraft:stone_pickaxe":132,"minecraft:baked_potato":1,"minecraft:ender_pearl":1,"minecraft:wooden_pickaxe":35,"artifacts:eternal_steak":24,"minecraft:cobblestone_slab":2,"minecraft:cracked_stone_bricks":7,"minecraft:mossy_cobblestone":3,"regions_unexplored:redwood_planks":49,"minecraft:oak_slab":2,"minecraft:crafting_table":1,"minecraft:apple":3,"minecraft:bread":3,"minecraft:melon_slice":46,"minecraft:iron_pickaxe":178,"minecraft:polished_granite":2,"minecraft:gravel":2,"minecraft:chiseled_stone_bricks":1,"minecraft:stone_axe":77,"minecraft:cobblestone":111,"minecraft:potion":2,"minecraft:cooked_porkchop":2,"minecraft:andesite":1,"minecraft:bucket":1,"regions_unexplored:maple_log":3},"minecraft:killed":{"minecraft:spider":6,"alexsmobs:tasmanian_devil":1,"minecraft:skeleton":7,"minecraft:chicken":4,"minecraft:silverfish":2,"minecraft:pig":14,"alexsmobs:skunk":1,"minecraft:creeper":2,"minecraft:sheep":7,"minecraft:pillager":3,"minecraft:zombie":7,"minecraft:wither_skeleton":5,"minecraft:cow":4},"minecraft:crafted":{"minecraft:stone_pickaxe":3,"minecraft:wheat":36,"minecraft:crafting_table":1,"minecraft:spruce_planks":28,"minecraft:wooden_pickaxe":2,"minecraft:spruce_door":3,"minecraft:stone_axe":1,"minecraft:bread":12,"regions_unexplored:redwood_planks":64,"minecraft:shield":1,"minecraft:stick":12,"minecraft:stone_sword":1,"minecraft:torch":4},"minecraft:dropped":{"minecraft:iron_ingot":5,"minecraft:iron_sword":1,"minecraft:oak_slab":2,"minecraft:brown_mushroom":1,"minecraft:wheat_seeds":1,"delightful:cantaloupe":1,"minecraft:clock":1,"minecraft:baked_potato":5,"minecraft:glass_bottle":3,"minecraft:iron_helmet":1,"minecraft:cobblestone":2,"minecraft:cracked_stone_bricks":5,"minecraft:spruce_stairs":3,"minecraft:polished_andesite":1,"minecraft:dirt":1,"minecraft:torch":1,"minecraft:sand":1,"minecraft:oak_stairs":3,"minecraft:iron_shovel":5,"minecraft:gray_carpet":1,"minecraft:gravel":1,"minecraft:moss_carpet":1,"minecraft:bowl":2,"valhelsia_structures:cut_oak_post":1,"minecraft:iron_boots":2,"minecraft:light_gray_wool":1,"aether:leather_gloves":3,"minecraft:oak_planks":1,"minecraft:iron_hoe":1,"artifacts:everlasting_beef":1,"minecraft:cobblestone_slab":4,"minecraft:shield":2,"minecraft:gunpowder":1,"minecraft:mossy_stone_bricks":1,"minecraft:golden_leggings":1,"minecraft:iron_bars":7},"minecraft:picked_up":{"iceandfire:witherbone":1,"minecraft:chicken":3,"regions_unexplored:magnolia_log":4,"minecraft:brown_mushroom":1,"ecologics:seashell":1,"minecraft:oak_stairs":5,"minecraft:potion":1,"minecraft:diamond_horse_armor":1,"minecraft:shield":3,"aether:leather_gloves":2,"minecraft:string":34,"minecraft:moss_carpet":1,"minecraft:compass":1,"minecraft:iron_shovel":3,"dungeonnowloading:spawner_fragment":45,"minecraft:cracked_stone_bricks":12,"minecraft:spruce_planks":2,"minecraft:beef":10,"minecraft:rose_bush":3,"minecraft:cobblestone_slab":9,"minecraft:calcite":2,"minecraft:light_gray_wool":1,"regions_unexplored:redwood_planks":2,"minecraft:melon_slice":49,"delightful:green_tea_leaf":2,"minecraft:iron_boots":4,"regions_unexplored:redwood_log":170,"minecraft:tipped_arrow":1,"minecraft:stick":36,"minecraft:raw_iron":20,"minecraft:jukebox":1,"minecraft:torch":20,"minecraft:bowl":4,"minecraft:spruce_stairs":7,"minecraft:porkchop":25,"minecraft:diorite":1,"minecraft:carrot":25,"minecraft:golden_chestplate":1,"artifacts:everlasting_beef":1,"minecraft:stone_sword":2,"minecraft:arrow":8,"minecraft:honey_bottle":2,"minecraft:rotten_flesh":13,"regions_unexplored:maple_sapling":3,"minecraft:diamond_boots":1,"minecraft:hay_block":4,"minecraft:mutton":11,"regions_unexplored:magnolia_sapling":2,"minecraft:iron_bars":25,"minecraft:white_wool":6,"minecraft:cobblestone":140,"minecraft:feather":6,"minecraft:cooked_beef":5,"minecraft:andesite":1,"minecraft:leather":10,"minecraft:filled_map":1,"paraglider:spirit_orb":29,"minecraft:flint":1,"delightful:cantaloupe":1,"minecraft:golden_boots":1,"minecraft:gunpowder":1,"minecraft:dirt":22,"minecraft:polished_granite":2,"minecraft:name_tag":1,"minecraft:bone":9,"minecraft:gray_carpet":1,"minecraft:apple":2,"minecraft:stone_bricks":5,"minecraft:bow":2,"minecraft:wheat_seeds":13,"minecraft:iron_ingot":12,"regions_unexplored:redwood_sapling":22,"minecraft:stone_pickaxe":2,"minecraft:mossy_stone_bricks":40,"minecraft:glass_bottle":3,"minecraft:iron_sword":3,"minecraft:oak_planks":1,"minecraft:mossy_stone_brick_stairs":2,"minecraft:polished_andesite_stairs":3,"minecraft:book":42,"minecraft:oak_slab":4,"minecraft:smooth_basalt":6,"minecraft:cooked_porkchop":2,"minecraft:chiseled_stone_bricks":1,"minecraft:gravel":3,"valhelsia_structures:cut_oak_post":1,"minecraft:sand":1,"minecraft:ink_sac":1,"minecraft:spruce_log":10,"minecraft:spider_eye":2,"minecraft:mossy_cobblestone":11,"minecraft:iron_hoe":3,"minecraft:polished_andesite":21,"regions_unexplored:hyssop":1,"minecraft:stone_axe":2,"minecraft:iron_helmet":1,"regions_unexplored:maple_log":11,"minecraft:spruce_sign":2,"minecraft:baked_potato":1,"minecraft:bricks":1,"minecraft:coal":21,"minecraft:ender_pearl":1}},"DataVersion":3465}