{"stat.flyOneCm":601983,"stat.walkOneCm":121476,"stat.useItem.minecraft.stone_slab":58,"stat.jump":575,"stat.swimOneCm":218,"stat.useItem.minecraft.quartz_block":101,"stat.playOneMinute":24112,"achievement.openInventory":13,"stat.leaveGame":1,"stat.crouchOneCm":1844,"stat.timeSinceDeath":24112,"stat.useItem.minecraft.stained_hardened_clay":137,"stat.sprintOneCm":72069,"stat.useItem.minecraft.stained_glass":141,"achievement.exploreAllBiomes":{"value":0,"progress":["Desert"]},"stat.diveOneCm":332,"stat.useItem.minecraft.glowstone":6}