{"stats":{"minecraft:killed_by":{"minecraft:player":1,"minecraft:skeleton":1},"minecraft:used":{"alexsmobs:emu_egg":5,"minecraft:spruce_slab":1,"minecraft:ladder":3,"minecraft:shield":53,"minecraft:stone":3,"minecraft:iron_sword":108,"minecraft:rotten_flesh":36,"minecraft:iron_chestplate":3,"minecraft:mutton":3,"dungeonnowloading:wooden_wall_rack":3,"minecraft:carrot":55,"minecraft:honey_bottle":4,"minecraft:bricks":1,"regions_unexplored:redwood_boat":4,"iceandfire:ghost_chest":2,"minecraft:stone_bricks":16,"delightful:green_tea_leaf":1,"minecraft:bow":64,"minecraft:egg":3,"minecraft:potato":10,"minecraft:mossy_stone_bricks":4,"minecraft:stone_pickaxe":123,"minecraft:oak_planks":1,"minecraft:wooden_pickaxe":33,"minecraft:golden_apple":1,"morebowsandarrows:obsidian_bow":99,"regions_unexplored:redwood_planks":32,"minecraft:mushroom_stew":1,"minecraft:lingering_potion":2,"sophisticatedbackpacks:backpack":1,"minecraft:bread":27,"minecraft:melon_slice":15,"minecraft:polished_granite":2,"minecraft:iron_door":1,"minecraft:diamond_sword":120,"minecraft:wooden_sword":4,"minecraft:chainmail_boots":1,"minecraft:oak_boat":4,"delightful:acorn":1,"minecraft:stone_sword":99,"aether:cold_aercloud":2,"minecraft:torch":10,"minecraft:dirt":39,"minecraft:spruce_stairs":2,"minecraft:granite":13,"farmersdelight:beef_patty":11,"regions_unexplored:pine_log":3,"minecraft:chipped_anvil":2,"minecraft:iron_axe":44,"minecraft:smooth_basalt":2,"regions_unexplored:larch_planks":20,"minecraft:cooked_beef":1,"minecraft:beetroot_soup":3,"minecraft:cooked_mutton":7,"minecraft:amethyst_block":5,"minecraft:birch_planks":5,"minecraft:baked_potato":13,"minecraft:birch_boat":3,"delightful:salmonberries":1,"minecraft:mossy_cobblestone":3,"farmersdelight:onion":13,"minecraft:oak_slab":2,"minecraft:lime_bed":1,"minecraft:crafting_table":10,"minecraft:birch_sign":1,"minecraft:white_bed":4,"minecraft:apple":91,"minecraft:iron_pickaxe":131,"regions_unexplored:larch_log":9,"minecraft:chiseled_stone_bricks":1,"minecraft:cobblestone":46,"minecraft:potion":4,"minecraft:porkchop":3,"minecraft:cooked_porkchop":10,"alexsmobs:animal_dictionary":1,"minecraft:splash_potion":4,"minecraft:smooth_stone":5},"minecraft:crafted":{"minecraft:oak_planks":52,"minecraft:birch_boat":2,"regions_unexplored:larch_planks":64,"minecraft:iron_boots":1,"iceandfire:ghost_chest":1,"minecraft:arrow":8,"minecraft:cooked_porkchop":15,"minecraft:crafting_table":10,"minecraft:wooden_pickaxe":1,"minecraft:baked_potato":19,"minecraft:birch_planks":44,"minecraft:iron_chestplate":1,"minecraft:shield":4,"minecraft:stick":12,"minecraft:iron_ingot":16,"minecraft:stone_sword":2,"minecraft:wooden_sword":1,"minecraft:iron_nugget":9,"minecraft:stone_pickaxe":1,"minecraft:cooked_beef":7,"minecraft:bread":6,"minecraft:air":0,"regions_unexplored:redwood_planks":32,"minecraft:oak_boat":4,"minecraft:white_bed":2,"regions_unexplored:redwood_boat":2},"minecraft:custom":{"minecraft:interact_with_crafting_table":48,"minecraft:open_barrel":64,"minecraft:leave_game":11,"minecraft:time_since_death":2645,"minecraft:sprint_one_cm":1257606,"minecraft:damage_blocked_by_shield":3836,"minecraft:drop":212,"minecraft:play_noteblock":1,"minecraft:talked_to_villager":2,"minecraft:play_time":383385,"minecraft:deaths":34,"minecraft:jump":5058,"minecraft:interact_with_brewingstand":5,"minecraft:walk_on_water_one_cm":40671,"minecraft:interact_with_furnace":23,"minecraft:interact_with_loom":2,"minecraft:sleep_in_bed":11,"minecraft:waystone_activated":3,"minecraft:damage_dealt":9568,"minecraft:crouch_one_cm":28872,"minecraft:interact_with_smoker":10,"minecraft:inspect_dispenser":3,"minecraft:interact_with_anvil":18,"minecraft:mob_kills":47,"minecraft:inspect_hopper":1,"minecraft:climb_one_cm":10801,"minecraft:walk_one_cm":1016725,"minecraft:sneak_time":12181,"minecraft:walk_under_water_one_cm":65577,"minecraft:boat_one_cm":24991,"minecraft:total_world_time":383385,"minecraft:tune_noteblock":1,"minecraft:interact_with_grindstone":2,"minecraft:time_since_rest":2668,"minecraft:damage_taken":21240,"minecraft:damage_absorbed":40,"minecraft:trigger_trapped_chest":2,"minecraft:swim_one_cm":71738,"minecraft:fly_one_cm":1031553,"minecraft:open_chest":278,"minecraft:fall_one_cm":118525},"minecraft:dropped":{"regions_unexplored:dropleaf":1,"minecraft:spruce_sign":1,"minecraft:soul_sand":6,"minecraft:iron_sword":1,"minecraft:brown_mushroom":1,"minecraft:birch_planks":16,"minecraft:cooked_beef":7,"minecraft:glass_bottle":16,"regions_unexplored:larch_planks":34,"minecraft:cooked_porkchop":11,"minecraft:leather":8,"iceandfire:ectoplasm":1,"stalwart_dungeons:tungsten_shield":1,"minecraft:saddle":1,"minecraft:dirt":3,"regions_unexplored:brimsprout":5,"aether:iron_pendant":1,"dungeonnowloading:soul_cloth":2,"regions_unexplored:golden_larch_sapling":4,"gravestone:obituary":13,"minecraft:iron_pickaxe":1,"dungeonnowloading:wooden_wall_platform":4,"paraglider:paraglider":1,"minecraft:gold_ingot":7,"minecraft:bone":93,"minecraft:armor_stand":3,"minecraft:birch_sapling":3,"minecraft:grindstone":2,"minecraft:rotten_flesh":13,"dungeonnowloading:mossy_cobblestone_pebble":7,"minecraft:oak_planks":1,"regions_unexplored:oak_shrub":1,"minecraft:honey_bottle":2,"minecraft:carrot":1,"minecraft:acacia_button":1,"minecraft:chiseled_stone_bricks":2,"minecraft:hopper":1,"minecraft:chainmail_boots":2,"minecraft:iron_bars":3,"minecraft:iron_ingot":41,"minecraft:bread":1,"regions_unexplored:corpse_flower":2,"minecraft:wheat_seeds":2,"minecraft:clock":2,"minecraft:mossy_cobblestone":8,"minecraft:cobblestone":47,"minecraft:book":6,"minecraft:apple":11,"regions_unexplored:blackwood_shrub":1,"minecraft:stick":1,"minecraft:diamond_horse_armor":1,"minecraft:iron_trapdoor":1,"minecraft:diorite":1,"minecraft:ink_sac":1,"minecraft:torch":2,"minecraft:potion":1,"minecraft:iron_axe":1,"regions_unexplored:redwood_boat":2,"minecraft:smooth_stone":1,"minecraft:chainmail_leggings":2,"minecraft:string":25,"minecraft:stone_brick_slab":2,"minecraft:stone_sword":1,"minecraft:raw_copper":5,"minecraft:smooth_stone_slab":2,"minecraft:bowl":2,"minecraft:tuff":2,"alexsmobs:bear_fur":3,"minecraft:deepslate_bricks":2,"minecraft:potato":13,"minecraft:hay_block":5,"minecraft:shield":1,"minecraft:flower_pot":1,"minecraft:oak_button":3,"minecraft:iron_chestplate":3,"minecraft:oak_sapling":3,"minecraft:spider_eye":7,"minecraft:diamond_boots":1,"sophisticatedbackpacks:copper_backpack":1,"minecraft:bow":1,"minecraft:stone_pickaxe":3,"minecraft:wooden_pickaxe":2,"minecraft:brick":8},"minecraft:killed":{"minecraft:spider":2,"minecraft:skeleton":9,"minecraft:pig":1,"minecraft:creeper":1,"alexsmobs:crimson_mosquito":1,"minecraft:sheep":1,"minecraft:zombie":18,"dungeonnowloading:spawner_carrier":1,"aether:golden_swet":1,"minecraft:phantom":2,"iceandfire:cyclops":1,"alexsmobs:skunk":1,"cataclysm:the_watcher":2,"iceandfire:ghost":3},"minecraft:picked_up":{"minecraft:iron_chestplate":3,"minecraft:iron_trapdoor":2,"minecraft:wheat":40,"minecraft:chainmail_boots":3,"regions_unexplored:larch_planks":33,"minecraft:flower_pot":4,"aether:iron_gloves":6,"regions_unexplored:brimsprout":5,"minecraft:oak_stairs":9,"minecraft:enchanted_book":5,"minecraft:potion":2,"minecraft:stone_brick_stairs":1,"minecraft:polished_deepslate_wall":3,"minecraft:amethyst_block":10,"farmersdelight:cutting_board":1,"minecraft:music_disc_cat":1,"minecraft:string":30,"minecraft:raw_copper":6,"minecraft:smooth_stone_slab":4,"minecraft:beetroot_soup":2,"minecraft:armor_stand":3,"minecraft:beetroot":2,"alexsmobs:blood_sac":1,"minecraft:smooth_stone":7,"regions_unexplored:pine_log":27,"minecraft:cobbled_deepslate":12,"minecraft:spruce_planks":12,"delightful:acorn":1,"regions_unexplored:larch_log":52,"minecraft:rose_bush":11,"minecraft:calcite":20,"dungeonnowloading:mossy_cobblestone_pebble":7,"minecraft:iron_pickaxe":2,"minecraft:melon_slice":15,"delightful:green_tea_leaf":2,"regions_unexplored:redwood_log":136,"minecraft:iron_boots":1,"minecraft:tipped_arrow":1,"minecraft:golden_helmet":1,"minecraft:stick":38,"iceandfire:ghost_chest":1,"regions_unexplored:corpse_flower":4,"minecraft:polished_deepslate_stairs":7,"minecraft:oak_fence":2,"minecraft:torch":20,"minecraft:spruce_stairs":2,"minecraft:porkchop":5,"minecraft:diorite":2,"minecraft:stone_sword":7,"minecraft:honey_bottle":2,"minecraft:rotten_flesh":68,"regions_unexplored:green_bioshroom":4,"minecraft:polished_basalt":2,"alexsmobs:emu_egg":4,"minecraft:leather_horse_armor":1,"minecraft:iron_bars":13,"minecraft:cobblestone":166,"regions_unexplored:golden_larch_sapling":4,"paraglider:paraglider":2,"minecraft:birch_log":11,"minecraft:leather_chestplate":1,"minecraft:cooked_beef":2,"minecraft:iron_door":1,"minecraft:potato":89,"alexsmobs:bear_fur":3,"paraglider:spirit_orb":14,"minecraft:tuff":2,"minecraft:magenta_bed":1,"minecraft:dirt":50,"dungeonnowloading:spawner_helmet":1,"minecraft:polished_granite":2,"minecraft:name_tag":2,"minecraft:bone":149,"minecraft:bow":3,"minecraft:wheat_seeds":184,"minecraft:grindstone":3,"stalwart_dungeons:tungsten_shield":2,"regions_unexplored:pink_bioshroom":4,"aether:cold_aercloud":2,"regions_unexplored:dropleaf":1,"minecraft:mossy_stone_bricks":19,"minecraft:moss_block":1,"regions_unexplored:blackwood_shrub":1,"minecraft:oak_planks":6,"minecraft:cooked_porkchop":19,"dungeonnowloading:spawner_boots":1,"regions_unexplored:pine_sapling":1,"sophisticatedbackpacks:iron_backpack":3,"minecraft:ink_sac":1,"minecraft:fermented_spider_eye":2,"dungeonnowloading:wooden_wall_rack":4,"minecraft:mossy_cobblestone":12,"minecraft:sugar":1,"minecraft:diamond":1,"regions_unexplored:tall_pink_bioshroom":1,"minecraft:polished_blackstone_button":1,"minecraft:granite":24,"minecraft:spruce_sign":1,"minecraft:bread":18,"minecraft:oak_sapling":11,"minecraft:bricks":1,"minecraft:lingering_potion":2,"dungeonnowloading:wooden_wall_platform":4,"dungeonnowloading:spawner_leggings":1,"minecraft:ladder":3,"minecraft:brown_mushroom":1,"minecraft:wooden_pickaxe":2,"dungeonnowloading:cobblestone_pebble":6,"paraglider:heart_container":1,"minecraft:chain":6,"regions_unexplored:blue_bioshroom":16,"minecraft:acacia_button":1,"gravestone:obituary":10,"minecraft:shield":2,"minecraft:brick":49,"aether:leather_gloves":1,"minecraft:stone_stairs":2,"minecraft:iron_axe":3,"dungeonnowloading:spawner_fragment":114,"minecraft:cracked_stone_bricks":1,"farmersdelight:beef_patty":11,"minecraft:beef":5,"minecraft:oak_boat":6,"minecraft:iron_nugget":5,"minecraft:spruce_slab":2,"regions_unexplored:redwood_planks":171,"minecraft:birch_sapling":3,"minecraft:phantom_membrane":2,"aether:iron_pendant":4,"minecraft:raw_iron":1,"minecraft:stone":43,"regions_unexplored:redwood_boat":4,"minecraft:bowl":3,"sophisticatedbackpacks:backpack":3,"farmersdelight:tomato_seeds":6,"minecraft:carrot":47,"minecraft:dark_oak_planks":13,"regions_unexplored:purple_coneflower":2,"regions_unexplored:dusktrap":4,"minecraft:arrow":66,"dungeonnowloading:spawner_chestplate":1,"regions_unexplored:maple_sapling":3,"minecraft:decorated_pot":5,"minecraft:nether_bricks":1,"minecraft:deepslate_bricks":4,"minecraft:hay_block":5,"minecraft:polished_blackstone":4,"minecraft:saddle":2,"minecraft:gold_ingot":7,"sophisticatedbackpacks:copper_backpack":2,"minecraft:mutton":8,"minecraft:rail":1,"minecraft:white_wool":7,"aether_redux:golden_swet_ball":2,"regions_unexplored:peat_dirt":13,"minecraft:lime_bed":1,"minecraft:clock":2,"minecraft:leather":16,"minecraft:birch_planks":16,"minecraft:mushroom_stew":1,"minecraft:oak_log":51,"iceandfire:ectoplasm":1,"minecraft:gunpowder":18,"minecraft:cooked_mutton":11,"minecraft:apple":45,"minecraft:stone_bricks":29,"minecraft:iron_ingot":60,"minecraft:stone_pickaxe":11,"minecraft:cobweb":6,"minecraft:glass_bottle":19,"minecraft:soul_sand":8,"minecraft:iron_sword":1,"minecraft:book":12,"minecraft:oak_slab":2,"minecraft:smooth_basalt":7,"minecraft:birch_boat":1,"minecraft:pumpkin":1,"minecraft:chiseled_stone_bricks":4,"minecraft:stone_brick_slab":5,"regions_unexplored:oak_shrub":1,"minecraft:gravel":5,"minecraft:amethyst_shard":8,"delightful:salmonberries":1,"minecraft:white_bed":2,"minecraft:spider_eye":7,"biomesoplenty:flowering_oak_sapling":8,"biomesoplenty:mahogany_log":1,"minecraft:stone_axe":3,"regions_unexplored:tall_green_bioshroom":2,"minecraft:chainmail_leggings":3,"minecraft:birch_sign":2,"regions_unexplored:maple_log":8,"minecraft:mossy_cobblestone_stairs":1,"minecraft:oak_button":4,"dungeonnowloading:soul_cloth":1,"minecraft:hopper":1},"minecraft:mined":{"dungeonnowloading:iron_ingot_pile":4,"minecraft:stone_pressure_plate":1,"aether:cold_aercloud":2,"minecraft:white_bed":2,"regions_unexplored:brimsprout":2,"valhelsia_structures:dirt":1,"minecraft:jungle_leaves":3,"regions_unexplored:larch_planks":2,"minecraft:granite":17,"regions_unexplored:dropleaf":4,"minecraft:grass_block":38,"minecraft:deepslate_bricks":1,"regions_unexplored:purple_coneflower":3,"regions_unexplored:blue_bioshroom":11,"minecraft:chiseled_stone_bricks":2,"minecraft:spawner":6,"minecraft:smooth_stone":8,"minecraft:tall_seagrass":6,"minecraft:mossy_cobblestone_stairs":1,"minecraft:cobbled_deepslate":9,"minecraft:iron_ore":1,"minecraft:fire":11,"regions_unexplored:redwood_planks":3,"dungeonnowloading:wooden_wall_rack":6,"minecraft:small_amethyst_bud":1,"minecraft:iron_bars":10,"minecraft:spruce_slab":1,"minecraft:brown_mushroom":1,"regions_unexplored:corpse_flower":3,"minecraft:piglin_head":1,"minecraft:torch":4,"dungeonnowloading:dungeon_wall_torch":1,"regions_unexplored:bladed_tall_grass":1,"minecraft:calcite":1,"minecraft:poppy":1,"minecraft:melon":1,"iceandfire:ghost_chest":2,"minecraft:cobblestone":17,"minecraft:bricks":1,"minecraft:iron_door":1,"minecraft:wall_torch":4,"minecraft:amethyst_block":1,"minecraft:seagrass":5,"minecraft:chain":1,"minecraft:birch_log":2,"farmersdelight:cutting_board":1,"minecraft:wheat":45,"minecraft:tnt":3,"minecraft:stone_brick_stairs":1,"minecraft:smooth_stone_slab":1,"minecraft:grass":52,"biomesoplenty:clover":1,"dungeonnowloading:explosive_barrel":10,"regions_unexplored:oak_shrub":1,"minecraft:oak_log":3,"minecraft:beetroots":1,"dungeonnowloading:wooden_wall_platform":1,"minecraft:dirt":6,"minecraft:smooth_basalt":8,"minecraft:tripwire_hook":1,"minecraft:oak_leaves":12,"minecraft:deepslate":5,"regions_unexplored:tall_pink_bioshroom":1,"regions_unexplored:green_bioshroom":6,"minecraft:mossy_cobblestone":1,"minecraft:candle":1,"regions_unexplored:dropleaf_plant":2,"regions_unexplored:dusktrap":2,"regions_unexplored:tall_green_bioshroom":3,"minecraft:nether_bricks":2,"minecraft:ladder":3,"gravestone:gravestone":10,"minecraft:decorated_pot":17,"dungeonnowloading:book_pile":5,"minecraft:spruce_leaves":2,"minecraft:hay_block":5,"regions_unexplored:argillite":1,"minecraft:carrots":21,"minecraft:polished_basalt":1,"treechop:chopped_log":6,"minecraft:potatoes":13,"minecraft:vine":3,"regions_unexplored:medium_grass":25,"regions_unexplored:redwood_log":7,"minecraft:stone":73,"sophisticatedbackpacks:backpack":1,"regions_unexplored:bladed_grass":1,"minecraft:white_wool":1,"regions_unexplored:deepslate_viridescent_nylium":2,"valhelsia_structures:doused_wall_torch":1,"minecraft:podzol":2,"minecraft:oak_slab":2,"minecraft:redstone_block":1,"minecraft:soul_sand":6,"regions_unexplored:pink_bioshroom":3,"minecraft:stone_brick_slab":1,"minecraft:polished_granite":2,"minecraft:oak_fence":1,"minecraft:rose_bush":6,"minecraft:copper_ore":1,"minecraft:tall_grass":6,"biomesoplenty:sprout":1,"delightful:wild_salmonberries":1,"minecraft:spruce_stairs":2,"minecraft:birch_planks":4,"minecraft:lime_bed":1,"regions_unexplored:tall_blue_bioshroom":3,"minecraft:flower_pot":3,"regions_unexplored:blackwood_shrub":1,"minecraft:cobweb":4,"valhelsia_structures:cut_oak_post":1,"minecraft:cracked_stone_bricks":3,"minecraft:stone_bricks":39,"minecraft:mossy_stone_bricks":19,"minecraft:fern":34},"minecraft:broken":{"minecraft:shield":2}},"DataVersion":3465}