{"stats":{"minecraft:dropped":{"minecraft:spruce_sign":1,"minecraft:bread":1,"minecraft:brown_mushroom":1,"minecraft:wheat_seeds":1,"minecraft:cooked_beef":7,"minecraft:glass_bottle":2,"minecraft:cooked_porkchop":11,"minecraft:cobblestone":26,"minecraft:diamond_horse_armor":1,"minecraft:stone_sword":1,"minecraft:bowl":1,"minecraft:rotten_flesh":6,"minecraft:honey_bottle":2,"minecraft:carrot":1,"minecraft:diamond_boots":1,"minecraft:stone_pickaxe":2},"minecraft:mined":{"minecraft:stone_pressure_plate":1,"valhelsia_structures:dirt":1,"minecraft:jungle_leaves":2,"minecraft:nether_bricks":2,"minecraft:granite":13,"minecraft:grass_block":9,"regions_unexplored:purple_coneflower":1,"minecraft:spawner":5,"minecraft:carrots":15,"minecraft:mossy_cobblestone_stairs":1,"minecraft:fire":10,"regions_unexplored:redwood_planks":3,"treechop:chopped_log":2,"minecraft:potatoes":13,"minecraft:vine":2,"minecraft:small_amethyst_bud":1,"minecraft:iron_bars":3,"regions_unexplored:medium_grass":12,"minecraft:stone":15,"regions_unexplored:redwood_log":4,"minecraft:white_wool":1,"minecraft:podzol":2,"minecraft:brown_mushroom":1,"minecraft:polished_granite":2,"minecraft:torch":3,"minecraft:poppy":1,"minecraft:melon":1,"minecraft:rose_bush":6,"minecraft:cobblestone":11,"minecraft:tall_grass":3,"biomesoplenty:sprout":1,"delightful:wild_salmonberries":1,"minecraft:bricks":1,"minecraft:iron_door":1,"minecraft:wall_torch":3,"minecraft:amethyst_block":1,"minecraft:wheat":44,"minecraft:stone_brick_stairs":1,"minecraft:grass":26,"biomesoplenty:clover":1,"minecraft:beetroots":1,"minecraft:dirt":3,"valhelsia_structures:cut_oak_post":1,"minecraft:cracked_stone_bricks":3,"minecraft:smooth_basalt":8,"minecraft:stone_bricks":5,"minecraft:mossy_stone_bricks":4,"minecraft:oak_leaves":1,"minecraft:fern":8},"minecraft:picked_up":{"minecraft:wheat":38,"minecraft:brown_mushroom":1,"minecraft:oak_stairs":9,"minecraft:potion":1,"minecraft:enchanted_book":1,"minecraft:stone_brick_stairs":1,"minecraft:amethyst_block":10,"aether:leather_gloves":1,"minecraft:music_disc_cat":1,"minecraft:beetroot_soup":2,"dungeonnowloading:spawner_fragment":99,"minecraft:beetroot":2,"minecraft:cracked_stone_bricks":1,"delightful:acorn":1,"minecraft:oak_boat":4,"minecraft:rose_bush":11,"minecraft:iron_nugget":5,"minecraft:melon_slice":13,"regions_unexplored:redwood_planks":171,"delightful:green_tea_leaf":2,"minecraft:iron_boots":1,"regions_unexplored:redwood_log":133,"minecraft:golden_helmet":1,"minecraft:stick":29,"minecraft:torch":12,"minecraft:bowl":3,"minecraft:porkchop":3,"farmersdelight:tomato_seeds":6,"minecraft:carrot":28,"minecraft:stone_sword":4,"minecraft:arrow":12,"minecraft:honey_bottle":2,"minecraft:rotten_flesh":21,"regions_unexplored:maple_sapling":3,"minecraft:nether_bricks":1,"minecraft:saddle":1,"minecraft:leather_horse_armor":1,"minecraft:iron_bars":2,"minecraft:white_wool":1,"minecraft:cobblestone":57,"minecraft:cooked_beef":2,"minecraft:iron_door":1,"minecraft:potato":77,"paraglider:spirit_orb":12,"minecraft:oak_log":16,"minecraft:magenta_bed":1,"minecraft:dirt":25,"minecraft:polished_granite":2,"minecraft:name_tag":1,"minecraft:bone":7,"minecraft:stone_bricks":3,"minecraft:bow":1,"minecraft:wheat_seeds":138,"minecraft:iron_ingot":1,"minecraft:stone_pickaxe":6,"minecraft:mossy_stone_bricks":8,"minecraft:glass_bottle":3,"minecraft:oak_planks":6,"minecraft:smooth_basalt":7,"minecraft:cooked_porkchop":19,"minecraft:pumpkin":1,"minecraft:amethyst_shard":8,"delightful:salmonberries":1,"minecraft:fermented_spider_eye":2,"biomesoplenty:flowering_oak_sapling":8,"biomesoplenty:mahogany_log":1,"minecraft:stone_axe":3,"minecraft:granite":13,"minecraft:birch_sign":2,"regions_unexplored:maple_log":8,"minecraft:mossy_cobblestone_stairs":1,"minecraft:spruce_sign":1,"minecraft:bread":3,"minecraft:oak_sapling":3,"minecraft:bricks":1},"minecraft:killed":{"minecraft:skeleton":3,"minecraft:creeper":1,"minecraft:zombie":1},"minecraft:crafted":{"minecraft:oak_planks":12,"minecraft:stone_pickaxe":1,"minecraft:cooked_beef":7,"minecraft:cooked_porkchop":11,"minecraft:crafting_table":2,"minecraft:baked_potato":6,"minecraft:bread":6,"regions_unexplored:redwood_planks":20,"minecraft:oak_boat":1,"minecraft:shield":1,"minecraft:stone_sword":2,"regions_unexplored:redwood_boat":1},"minecraft:custom":{"minecraft:mob_kills":5,"minecraft:interact_with_crafting_table":16,"minecraft:open_barrel":11,"minecraft:leave_game":3,"minecraft:time_since_death":21582,"minecraft:climb_one_cm":3135,"minecraft:sprint_one_cm":383131,"minecraft:walk_one_cm":257508,"minecraft:damage_blocked_by_shield":375,"minecraft:drop":31,"minecraft:play_time":114307,"minecraft:deaths":5,"minecraft:sneak_time":2571,"minecraft:walk_under_water_one_cm":12396,"minecraft:jump":1626,"minecraft:interact_with_brewingstand":1,"minecraft:walk_on_water_one_cm":15643,"minecraft:total_world_time":114307,"minecraft:interact_with_furnace":7,"minecraft:sleep_in_bed":6,"minecraft:time_since_rest":12455,"minecraft:waystone_activated":1,"minecraft:damage_taken":3463,"minecraft:damage_dealt":1746,"minecraft:swim_one_cm":21042,"minecraft:fly_one_cm":297008,"minecraft:open_chest":71,"minecraft:crouch_one_cm":3847,"minecraft:interact_with_smoker":6,"minecraft:fall_one_cm":46353},"minecraft:used":{"minecraft:stone_sword":85,"minecraft:shield":6,"minecraft:rotten_flesh":23,"minecraft:torch":7,"minecraft:dirt":19,"minecraft:carrot":36,"minecraft:granite":13,"minecraft:honey_bottle":4,"minecraft:bricks":1,"regions_unexplored:redwood_boat":1,"minecraft:stone_bricks":1,"minecraft:smooth_basalt":2,"delightful:green_tea_leaf":1,"minecraft:egg":3,"minecraft:cooked_beef":1,"minecraft:beetroot_soup":3,"minecraft:amethyst_block":5,"minecraft:stone_pickaxe":93,"delightful:salmonberries":1,"regions_unexplored:redwood_planks":32,"minecraft:crafting_table":2,"minecraft:birch_sign":1,"minecraft:white_bed":1,"minecraft:melon_slice":13,"minecraft:bread":8,"minecraft:polished_granite":2,"minecraft:iron_door":1,"minecraft:cobblestone":8,"minecraft:potion":1,"minecraft:porkchop":3,"minecraft:cooked_porkchop":4,"alexsmobs:animal_dictionary":1,"minecraft:oak_boat":1,"delightful:acorn":1}},"DataVersion":3465}