{"stats":{"minecraft:dropped":{"minecraft:iron_ingot":9,"minecraft:spruce_sign":1,"minecraft:bread":1,"minecraft:brown_mushroom":1,"minecraft:wheat_seeds":1,"minecraft:cooked_beef":7,"minecraft:glass_bottle":2,"minecraft:cooked_porkchop":11,"minecraft:cobblestone":26,"minecraft:leather":8,"minecraft:diamond_horse_armor":1,"minecraft:iron_axe":1,"minecraft:stone_sword":1,"minecraft:bowl":1,"minecraft:rotten_flesh":6,"minecraft:honey_bottle":2,"minecraft:carrot":1,"minecraft:diamond_boots":1,"minecraft:stone_pickaxe":3},"minecraft:picked_up":{"minecraft:wheat":40,"minecraft:brown_mushroom":1,"minecraft:oak_stairs":9,"minecraft:enchanted_book":1,"minecraft:potion":1,"minecraft:stone_brick_stairs":1,"minecraft:amethyst_block":10,"aether:leather_gloves":1,"minecraft:music_disc_cat":1,"minecraft:iron_axe":3,"minecraft:beetroot_soup":2,"dungeonnowloading:spawner_fragment":99,"minecraft:beetroot":2,"minecraft:cracked_stone_bricks":1,"regions_unexplored:pine_log":27,"minecraft:smooth_stone":1,"delightful:acorn":1,"minecraft:beef":5,"minecraft:oak_boat":4,"minecraft:rose_bush":11,"minecraft:iron_nugget":5,"minecraft:spruce_slab":1,"regions_unexplored:redwood_planks":171,"minecraft:melon_slice":13,"delightful:green_tea_leaf":2,"minecraft:iron_boots":1,"regions_unexplored:redwood_log":136,"minecraft:golden_helmet":1,"minecraft:stick":37,"minecraft:raw_iron":1,"regions_unexplored:redwood_boat":2,"minecraft:oak_fence":2,"minecraft:torch":13,"minecraft:bowl":3,"minecraft:spruce_stairs":1,"minecraft:porkchop":3,"farmersdelight:tomato_seeds":6,"minecraft:carrot":28,"minecraft:stone_sword":7,"minecraft:arrow":12,"minecraft:honey_bottle":2,"minecraft:rotten_flesh":23,"regions_unexplored:maple_sapling":3,"minecraft:nether_bricks":1,"minecraft:saddle":1,"minecraft:leather_horse_armor":1,"minecraft:mutton":6,"minecraft:iron_bars":2,"minecraft:white_wool":6,"minecraft:cobblestone":115,"minecraft:birch_log":2,"minecraft:cooked_beef":2,"minecraft:iron_door":1,"minecraft:leather":16,"minecraft:potato":77,"minecraft:birch_planks":2,"paraglider:spirit_orb":12,"minecraft:oak_log":41,"minecraft:magenta_bed":1,"minecraft:dirt":27,"minecraft:polished_granite":2,"minecraft:name_tag":1,"minecraft:bone":7,"minecraft:stone_bricks":5,"minecraft:bow":1,"minecraft:wheat_seeds":169,"minecraft:iron_ingot":21,"minecraft:stone_pickaxe":11,"minecraft:cobweb":6,"minecraft:mossy_stone_bricks":9,"minecraft:glass_bottle":8,"minecraft:oak_planks":6,"minecraft:smooth_basalt":7,"minecraft:cooked_porkchop":19,"minecraft:pumpkin":1,"regions_unexplored:pine_sapling":1,"regions_unexplored:oak_shrub":1,"minecraft:gravel":5,"minecraft:amethyst_shard":8,"delightful:salmonberries":1,"minecraft:white_bed":1,"minecraft:fermented_spider_eye":2,"biomesoplenty:flowering_oak_sapling":8,"biomesoplenty:mahogany_log":1,"minecraft:stone_axe":3,"minecraft:granite":13,"minecraft:birch_sign":2,"regions_unexplored:maple_log":8,"minecraft:mossy_cobblestone_stairs":1,"minecraft:spruce_sign":1,"minecraft:bread":3,"minecraft:oak_sapling":3,"minecraft:bricks":1},"minecraft:mined":{"dungeonnowloading:iron_ingot_pile":4,"minecraft:stone_pressure_plate":1,"minecraft:white_bed":1,"valhelsia_structures:dirt":1,"minecraft:jungle_leaves":3,"minecraft:nether_bricks":2,"minecraft:granite":13,"minecraft:grass_block":12,"regions_unexplored:purple_coneflower":1,"minecraft:spawner":5,"minecraft:smooth_stone":1,"minecraft:tall_seagrass":6,"minecraft:carrots":15,"minecraft:mossy_cobblestone_stairs":1,"minecraft:iron_ore":1,"minecraft:fire":10,"regions_unexplored:redwood_planks":3,"treechop:chopped_log":4,"minecraft:potatoes":13,"minecraft:vine":2,"minecraft:small_amethyst_bud":1,"minecraft:iron_bars":3,"regions_unexplored:medium_grass":15,"minecraft:stone":32,"regions_unexplored:redwood_log":7,"minecraft:white_wool":1,"minecraft:spruce_slab":1,"minecraft:podzol":2,"minecraft:brown_mushroom":1,"minecraft:polished_granite":2,"minecraft:oak_fence":1,"minecraft:torch":3,"minecraft:poppy":1,"minecraft:melon":1,"minecraft:rose_bush":6,"minecraft:cobblestone":12,"minecraft:tall_grass":3,"biomesoplenty:sprout":1,"delightful:wild_salmonberries":1,"minecraft:bricks":1,"minecraft:iron_door":1,"minecraft:wall_torch":3,"minecraft:amethyst_block":1,"minecraft:spruce_stairs":1,"minecraft:seagrass":5,"minecraft:birch_planks":2,"minecraft:wheat":44,"minecraft:stone_brick_stairs":1,"minecraft:grass":30,"biomesoplenty:clover":1,"regions_unexplored:oak_shrub":1,"minecraft:beetroots":1,"minecraft:dirt":3,"valhelsia_structures:cut_oak_post":1,"minecraft:smooth_basalt":8,"minecraft:cracked_stone_bricks":3,"minecraft:stone_bricks":7,"minecraft:mossy_stone_bricks":5,"minecraft:oak_leaves":1,"minecraft:fern":34},"minecraft:killed":{"minecraft:skeleton":3,"iceandfire:cyclops":1,"alexsmobs:skunk":1,"minecraft:creeper":1,"minecraft:zombie":2},"minecraft:crafted":{"minecraft:wooden_sword":1,"minecraft:oak_planks":12,"minecraft:stone_pickaxe":1,"minecraft:cooked_beef":7,"minecraft:cooked_porkchop":11,"minecraft:crafting_table":4,"minecraft:wooden_pickaxe":1,"minecraft:baked_potato":6,"minecraft:birch_planks":8,"minecraft:bread":6,"regions_unexplored:redwood_planks":32,"minecraft:oak_boat":1,"minecraft:shield":1,"minecraft:stick":4,"minecraft:stone_sword":2,"minecraft:white_bed":1,"regions_unexplored:redwood_boat":2},"minecraft:custom":{"minecraft:mob_kills":8,"minecraft:interact_with_crafting_table":23,"minecraft:open_barrel":12,"minecraft:leave_game":4,"minecraft:time_since_death":12220,"minecraft:climb_one_cm":3429,"minecraft:sprint_one_cm":465456,"minecraft:walk_one_cm":332895,"minecraft:damage_blocked_by_shield":375,"minecraft:drop":35,"minecraft:play_time":147922,"minecraft:deaths":18,"minecraft:sneak_time":4118,"minecraft:walk_under_water_one_cm":51714,"minecraft:jump":2253,"minecraft:interact_with_brewingstand":2,"minecraft:walk_on_water_one_cm":30076,"minecraft:total_world_time":147922,"minecraft:interact_with_furnace":7,"minecraft:sleep_in_bed":8,"minecraft:time_since_rest":12247,"minecraft:waystone_activated":1,"minecraft:damage_taken":8803,"minecraft:damage_dealt":2649,"minecraft:swim_one_cm":59971,"minecraft:fly_one_cm":438391,"minecraft:open_chest":79,"minecraft:crouch_one_cm":5187,"minecraft:interact_with_smoker":6,"minecraft:fall_one_cm":75115},"minecraft:used":{"minecraft:stone_sword":99,"minecraft:shield":6,"minecraft:rotten_flesh":23,"minecraft:torch":7,"minecraft:dirt":19,"minecraft:mutton":3,"minecraft:spruce_stairs":1,"minecraft:carrot":37,"minecraft:granite":13,"minecraft:honey_bottle":4,"regions_unexplored:pine_log":3,"minecraft:bricks":1,"minecraft:iron_axe":30,"regions_unexplored:redwood_boat":3,"minecraft:stone_bricks":1,"minecraft:smooth_basalt":2,"delightful:green_tea_leaf":1,"minecraft:egg":3,"minecraft:cooked_beef":1,"minecraft:beetroot_soup":3,"minecraft:amethyst_block":5,"minecraft:birch_planks":2,"minecraft:stone_pickaxe":123,"delightful:salmonberries":1,"farmersdelight:onion":5,"regions_unexplored:redwood_planks":32,"minecraft:crafting_table":4,"minecraft:birch_sign":1,"minecraft:white_bed":2,"minecraft:apple":2,"minecraft:bread":8,"minecraft:melon_slice":13,"minecraft:polished_granite":2,"minecraft:iron_door":1,"minecraft:wooden_sword":4,"minecraft:cobblestone":17,"minecraft:potion":1,"minecraft:cooked_porkchop":6,"minecraft:porkchop":3,"minecraft:oak_boat":1,"alexsmobs:animal_dictionary":1,"minecraft:smooth_stone":1,"delightful:acorn":1}},"DataVersion":3465}