{"stats":{"minecraft:dropped":{"minecraft:cooked_beef":7,"minecraft:stone_sword":1,"minecraft:bowl":1,"minecraft:cooked_porkchop":11,"minecraft:cobblestone":26,"minecraft:rotten_flesh":6,"minecraft:honey_bottle":2,"minecraft:carrot":1,"minecraft:diamond_horse_armor":1,"minecraft:diamond_boots":1,"minecraft:stone_pickaxe":2},"minecraft:mined":{"minecraft:stone_pressure_plate":1,"minecraft:polished_granite":2,"minecraft:torch":3,"minecraft:nether_bricks":2,"minecraft:granite":13,"minecraft:grass_block":1,"minecraft:poppy":1,"minecraft:melon":1,"minecraft:rose_bush":5,"minecraft:tall_grass":3,"minecraft:cobblestone":7,"minecraft:bricks":1,"minecraft:iron_door":1,"minecraft:wall_torch":2,"minecraft:amethyst_block":1,"minecraft:spawner":5,"minecraft:carrots":6,"minecraft:mossy_cobblestone_stairs":1,"minecraft:wheat":41,"regions_unexplored:redwood_planks":3,"treechop:chopped_log":1,"minecraft:stone_brick_stairs":1,"minecraft:grass":16,"minecraft:potatoes":13,"minecraft:beetroots":1,"minecraft:vine":2,"minecraft:small_amethyst_bud":1,"minecraft:iron_bars":3,"minecraft:smooth_basalt":8,"regions_unexplored:medium_grass":4,"minecraft:cracked_stone_bricks":2,"minecraft:stone":15,"regions_unexplored:redwood_log":2,"minecraft:mossy_stone_bricks":4,"minecraft:oak_leaves":1,"minecraft:fern":8},"minecraft:picked_up":{"minecraft:wheat":18,"minecraft:cooked_beef":2,"minecraft:iron_door":1,"minecraft:oak_stairs":9,"minecraft:potato":37,"paraglider:spirit_orb":6,"minecraft:stone_brick_stairs":1,"minecraft:oak_log":9,"minecraft:amethyst_block":5,"minecraft:dirt":15,"minecraft:polished_granite":2,"minecraft:beetroot_soup":2,"minecraft:bone":6,"dungeonnowloading:spawner_fragment":19,"minecraft:beetroot":1,"minecraft:stone_bricks":3,"minecraft:wheat_seeds":68,"delightful:acorn":1,"minecraft:stone_pickaxe":4,"minecraft:oak_boat":3,"minecraft:rose_bush":7,"minecraft:mossy_stone_bricks":4,"minecraft:glass_bottle":1,"regions_unexplored:redwood_planks":134,"minecraft:melon_slice":13,"delightful:green_tea_leaf":1,"minecraft:oak_planks":6,"regions_unexplored:redwood_log":66,"minecraft:stick":29,"minecraft:smooth_basalt":4,"minecraft:cooked_porkchop":19,"minecraft:torch":11,"minecraft:bowl":3,"minecraft:porkchop":3,"minecraft:amethyst_shard":4,"minecraft:carrot":16,"biomesoplenty:flowering_oak_sapling":6,"minecraft:arrow":10,"minecraft:rotten_flesh":5,"minecraft:stone_sword":3,"minecraft:honey_bottle":2,"regions_unexplored:maple_sapling":3,"minecraft:stone_axe":1,"minecraft:nether_bricks":1,"minecraft:granite":13,"regions_unexplored:maple_log":8,"minecraft:mossy_cobblestone_stairs":1,"minecraft:bread":2,"minecraft:oak_sapling":3,"minecraft:bricks":1,"minecraft:iron_bars":2,"minecraft:cobblestone":33},"minecraft:killed":{"minecraft:skeleton":2},"minecraft:crafted":{"minecraft:cooked_beef":7,"minecraft:oak_planks":12,"minecraft:cooked_porkchop":9,"minecraft:crafting_table":1,"minecraft:baked_potato":6,"regions_unexplored:redwood_planks":8,"minecraft:oak_boat":1,"minecraft:stone_pickaxe":1,"minecraft:stone_sword":1},"minecraft:custom":{"minecraft:mob_kills":2,"minecraft:interact_with_crafting_table":7,"minecraft:open_barrel":8,"minecraft:leave_game":2,"minecraft:time_since_death":38539,"minecraft:climb_one_cm":2030,"minecraft:time_since_rest":38578,"minecraft:waystone_activated":1,"minecraft:sprint_one_cm":294797,"minecraft:damage_taken":2292,"minecraft:walk_one_cm":179214,"minecraft:drop":26,"minecraft:damage_dealt":892,"minecraft:swim_one_cm":11429,"minecraft:fly_one_cm":203082,"minecraft:open_chest":47,"minecraft:crouch_one_cm":3235,"minecraft:play_time":80248,"minecraft:deaths":3,"minecraft:sneak_time":2151,"minecraft:walk_under_water_one_cm":3348,"minecraft:jump":1123,"minecraft:walk_on_water_one_cm":8779,"minecraft:interact_with_smoker":4,"minecraft:total_world_time":80248,"minecraft:fall_one_cm":26675},"minecraft:used":{"minecraft:stone_sword":42,"minecraft:stone_pickaxe":79,"minecraft:rotten_flesh":23,"minecraft:torch":7,"minecraft:dirt":10,"regions_unexplored:redwood_planks":32,"minecraft:crafting_table":1,"minecraft:carrot":18,"minecraft:granite":13,"minecraft:honey_bottle":4,"minecraft:bricks":1,"minecraft:bread":2,"minecraft:melon_slice":13,"minecraft:polished_granite":2,"minecraft:iron_door":1,"minecraft:stone_bricks":1,"minecraft:smooth_basalt":2,"minecraft:cooked_porkchop":4,"minecraft:porkchop":3,"minecraft:egg":3,"minecraft:oak_boat":1,"alexsmobs:animal_dictionary":1,"minecraft:cooked_beef":1,"delightful:acorn":1,"minecraft:beetroot_soup":3}},"DataVersion":3465}