{"stats":{"minecraft:killed_by":{"minecraft:skeleton":1},"minecraft:mined":{"dungeonnowloading:iron_ingot_pile":4,"minecraft:stone_pressure_plate":1,"minecraft:white_bed":2,"minecraft:candle":1,"valhelsia_structures:dirt":1,"minecraft:jungle_leaves":3,"gravestone:gravestone":3,"minecraft:ladder":3,"minecraft:nether_bricks":2,"minecraft:granite":16,"minecraft:grass_block":37,"minecraft:decorated_pot":17,"dungeonnowloading:book_pile":4,"regions_unexplored:purple_coneflower":3,"minecraft:spruce_leaves":2,"minecraft:chiseled_stone_bricks":1,"minecraft:spawner":6,"minecraft:hay_block":5,"minecraft:smooth_stone":7,"minecraft:tall_seagrass":6,"minecraft:carrots":15,"minecraft:mossy_cobblestone_stairs":1,"minecraft:iron_ore":1,"minecraft:fire":10,"regions_unexplored:redwood_planks":3,"treechop:chopped_log":4,"dungeonnowloading:wooden_wall_rack":3,"minecraft:potatoes":13,"minecraft:vine":2,"minecraft:small_amethyst_bud":1,"minecraft:iron_bars":9,"regions_unexplored:medium_grass":24,"minecraft:stone":70,"regions_unexplored:redwood_log":7,"minecraft:white_wool":1,"minecraft:spruce_slab":1,"valhelsia_structures:doused_wall_torch":1,"minecraft:podzol":2,"minecraft:oak_slab":2,"minecraft:brown_mushroom":1,"minecraft:stone_brick_slab":1,"minecraft:polished_granite":2,"minecraft:oak_fence":1,"dungeonnowloading:dungeon_wall_torch":1,"minecraft:torch":4,"minecraft:poppy":1,"minecraft:melon":1,"minecraft:rose_bush":6,"minecraft:cobblestone":13,"minecraft:tall_grass":3,"biomesoplenty:sprout":1,"minecraft:bricks":1,"delightful:wild_salmonberries":1,"minecraft:iron_door":1,"minecraft:wall_torch":3,"minecraft:amethyst_block":1,"minecraft:spruce_stairs":2,"minecraft:seagrass":5,"minecraft:birch_planks":3,"minecraft:lime_bed":1,"minecraft:wheat":44,"minecraft:tnt":3,"minecraft:stone_brick_stairs":1,"minecraft:grass":40,"dungeonnowloading:explosive_barrel":8,"biomesoplenty:clover":1,"regions_unexplored:oak_shrub":1,"minecraft:oak_log":2,"dungeonnowloading:wooden_wall_platform":1,"minecraft:beetroots":1,"minecraft:flower_pot":3,"minecraft:dirt":6,"minecraft:cobweb":3,"valhelsia_structures:cut_oak_post":1,"minecraft:smooth_basalt":8,"minecraft:cracked_stone_bricks":3,"minecraft:stone_bricks":21,"minecraft:mossy_stone_bricks":12,"minecraft:oak_leaves":12,"minecraft:fern":34},"minecraft:picked_up":{"minecraft:lingering_potion":2,"dungeonnowloading:wooden_wall_platform":4,"minecraft:wheat":40,"minecraft:flower_pot":3,"minecraft:chainmail_boots":3,"minecraft:ladder":3,"minecraft:brown_mushroom":1,"aether:iron_gloves":1,"minecraft:wooden_pickaxe":1,"minecraft:oak_stairs":9,"minecraft:potion":2,"minecraft:enchanted_book":5,"minecraft:stone_brick_stairs":1,"gravestone:obituary":1,"minecraft:shield":1,"minecraft:brick":49,"minecraft:amethyst_block":10,"aether:leather_gloves":1,"minecraft:music_disc_cat":1,"minecraft:string":14,"minecraft:iron_axe":3,"minecraft:beetroot_soup":2,"minecraft:armor_stand":3,"dungeonnowloading:spawner_fragment":114,"minecraft:beetroot":2,"minecraft:cracked_stone_bricks":1,"regions_unexplored:pine_log":27,"minecraft:smooth_stone":6,"minecraft:spruce_planks":12,"delightful:acorn":1,"minecraft:beef":5,"minecraft:oak_boat":4,"minecraft:rose_bush":11,"minecraft:iron_nugget":5,"minecraft:iron_pickaxe":2,"minecraft:spruce_slab":1,"regions_unexplored:redwood_planks":171,"minecraft:melon_slice":13,"delightful:green_tea_leaf":2,"regions_unexplored:redwood_log":136,"minecraft:iron_boots":1,"minecraft:stick":37,"minecraft:golden_helmet":1,"minecraft:raw_iron":1,"minecraft:stone":31,"regions_unexplored:redwood_boat":4,"minecraft:oak_fence":2,"minecraft:torch":16,"minecraft:bowl":3,"minecraft:spruce_stairs":2,"sophisticatedbackpacks:backpack":1,"minecraft:porkchop":5,"farmersdelight:tomato_seeds":6,"minecraft:carrot":28,"minecraft:dark_oak_planks":13,"minecraft:stone_sword":7,"minecraft:arrow":12,"minecraft:honey_bottle":2,"minecraft:rotten_flesh":39,"regions_unexplored:maple_sapling":3,"minecraft:decorated_pot":5,"minecraft:nether_bricks":1,"minecraft:hay_block":5,"minecraft:gold_ingot":7,"minecraft:saddle":1,"minecraft:leather_horse_armor":1,"minecraft:mutton":8,"minecraft:iron_bars":13,"minecraft:white_wool":7,"minecraft:cobblestone":157,"minecraft:birch_log":2,"minecraft:lime_bed":1,"minecraft:cooked_beef":2,"minecraft:iron_door":1,"minecraft:leather":16,"minecraft:potato":89,"minecraft:birch_planks":3,"paraglider:spirit_orb":14,"minecraft:oak_log":43,"minecraft:magenta_bed":1,"minecraft:gunpowder":12,"minecraft:dirt":47,"minecraft:polished_granite":2,"minecraft:name_tag":2,"minecraft:bone":59,"minecraft:apple":8,"minecraft:stone_bricks":17,"minecraft:bow":2,"minecraft:wheat_seeds":171,"minecraft:stone_pickaxe":11,"minecraft:iron_ingot":22,"minecraft:cobweb":6,"minecraft:mossy_stone_bricks":14,"minecraft:glass_bottle":18,"minecraft:moss_block":1,"minecraft:iron_sword":1,"minecraft:oak_planks":6,"minecraft:book":12,"minecraft:oak_slab":2,"minecraft:smooth_basalt":7,"minecraft:cooked_porkchop":19,"minecraft:pumpkin":1,"minecraft:chiseled_stone_bricks":1,"regions_unexplored:pine_sapling":1,"minecraft:stone_brick_slab":1,"regions_unexplored:oak_shrub":1,"minecraft:gravel":5,"minecraft:amethyst_shard":8,"delightful:salmonberries":1,"minecraft:white_bed":2,"minecraft:fermented_spider_eye":2,"dungeonnowloading:wooden_wall_rack":2,"minecraft:mossy_cobblestone":8,"biomesoplenty:flowering_oak_sapling":8,"biomesoplenty:mahogany_log":1,"minecraft:stone_axe":3,"minecraft:chainmail_leggings":3,"minecraft:granite":23,"minecraft:birch_sign":2,"regions_unexplored:maple_log":8,"minecraft:mossy_cobblestone_stairs":1,"minecraft:spruce_sign":1,"minecraft:bread":18,"minecraft:oak_button":1,"minecraft:oak_sapling":4,"dungeonnowloading:soul_cloth":1,"minecraft:bricks":1},"minecraft:killed":{"dungeonnowloading:spawner_carrier":1,"minecraft:spider":1,"minecraft:skeleton":8,"minecraft:pig":1,"iceandfire:cyclops":1,"alexsmobs:skunk":1,"minecraft:creeper":1,"minecraft:sheep":1,"minecraft:zombie":6},"minecraft:used":{"minecraft:stone_sword":99,"minecraft:spruce_slab":1,"minecraft:ladder":3,"minecraft:shield":36,"minecraft:iron_sword":104,"minecraft:rotten_flesh":23,"minecraft:iron_chestplate":1,"minecraft:torch":9,"minecraft:dirt":39,"minecraft:mutton":3,"minecraft:spruce_stairs":2,"minecraft:carrot":37,"minecraft:granite":13,"minecraft:honey_bottle":4,"regions_unexplored:pine_log":3,"minecraft:chipped_anvil":2,"minecraft:bricks":1,"minecraft:iron_axe":35,"regions_unexplored:redwood_boat":4,"minecraft:stone_bricks":10,"minecraft:smooth_basalt":2,"delightful:green_tea_leaf":1,"minecraft:bow":63,"minecraft:egg":3,"minecraft:potato":10,"minecraft:cooked_beef":1,"minecraft:beetroot_soup":3,"minecraft:mossy_stone_bricks":4,"minecraft:amethyst_block":5,"minecraft:birch_planks":3,"minecraft:oak_planks":1,"minecraft:stone_pickaxe":123,"minecraft:wooden_pickaxe":33,"minecraft:golden_apple":1,"minecraft:mossy_cobblestone":3,"delightful:salmonberries":1,"farmersdelight:onion":13,"regions_unexplored:redwood_planks":32,"minecraft:oak_slab":2,"minecraft:lime_bed":1,"minecraft:crafting_table":5,"minecraft:birch_sign":1,"minecraft:white_bed":4,"minecraft:lingering_potion":2,"minecraft:apple":50,"minecraft:bread":23,"minecraft:melon_slice":13,"minecraft:iron_pickaxe":62,"minecraft:polished_granite":2,"minecraft:iron_door":1,"minecraft:chiseled_stone_bricks":1,"minecraft:wooden_sword":4,"minecraft:cobblestone":46,"minecraft:potion":3,"minecraft:chainmail_boots":1,"minecraft:porkchop":3,"minecraft:cooked_porkchop":6,"alexsmobs:animal_dictionary":1,"minecraft:oak_boat":1,"minecraft:splash_potion":4,"minecraft:smooth_stone":5,"delightful:acorn":1},"minecraft:custom":{"minecraft:interact_with_anvil":2,"minecraft:mob_kills":23,"minecraft:interact_with_crafting_table":29,"minecraft:open_barrel":44,"minecraft:leave_game":6,"minecraft:time_since_death":28205,"minecraft:climb_one_cm":7278,"minecraft:sprint_one_cm":892332,"minecraft:walk_one_cm":639594,"minecraft:damage_blocked_by_shield":2175,"minecraft:drop":84,"minecraft:play_time":251075,"minecraft:deaths":27,"minecraft:sneak_time":8614,"minecraft:walk_under_water_one_cm":59869,"minecraft:interact_with_brewingstand":5,"minecraft:jump":3386,"minecraft:walk_on_water_one_cm":33684,"minecraft:total_world_time":251075,"minecraft:interact_with_furnace":8,"minecraft:sleep_in_bed":9,"minecraft:waystone_activated":3,"minecraft:time_since_rest":28230,"minecraft:damage_absorbed":40,"minecraft:damage_taken":14177,"minecraft:damage_dealt":5287,"minecraft:swim_one_cm":66132,"minecraft:fly_one_cm":707666,"minecraft:open_chest":119,"minecraft:crouch_one_cm":20445,"minecraft:interact_with_smoker":7,"minecraft:fall_one_cm":90585,"minecraft:inspect_dispenser":3},"minecraft:crafted":{"minecraft:wooden_sword":1,"minecraft:oak_planks":20,"minecraft:iron_nugget":9,"minecraft:iron_boots":1,"minecraft:stone_pickaxe":1,"minecraft:cooked_beef":7,"minecraft:cooked_porkchop":11,"minecraft:crafting_table":5,"minecraft:wooden_pickaxe":1,"minecraft:baked_potato":6,"minecraft:birch_planks":8,"minecraft:bread":6,"minecraft:oak_boat":1,"regions_unexplored:redwood_planks":32,"minecraft:iron_chestplate":1,"minecraft:shield":3,"minecraft:stick":4,"minecraft:stone_sword":2,"minecraft:white_bed":2,"regions_unexplored:redwood_boat":2},"minecraft:broken":{"minecraft:shield":1},"minecraft:dropped":{"minecraft:spruce_sign":1,"minecraft:iron_ingot":9,"minecraft:bread":1,"minecraft:iron_sword":1,"minecraft:brown_mushroom":1,"minecraft:wheat_seeds":1,"minecraft:cooked_beef":7,"minecraft:mossy_cobblestone":5,"minecraft:glass_bottle":14,"minecraft:cooked_porkchop":11,"minecraft:cobblestone":38,"minecraft:book":6,"minecraft:leather":8,"minecraft:diamond_horse_armor":1,"dungeonnowloading:soul_cloth":1,"minecraft:potion":1,"gravestone:obituary":1,"minecraft:iron_axe":1,"regions_unexplored:redwood_boat":2,"minecraft:chainmail_leggings":2,"minecraft:string":10,"minecraft:bone":21,"minecraft:gold_ingot":7,"minecraft:armor_stand":3,"minecraft:stone_sword":1,"minecraft:bowl":1,"minecraft:rotten_flesh":13,"regions_unexplored:oak_shrub":1,"minecraft:honey_bottle":2,"minecraft:carrot":1,"minecraft:hay_block":5,"minecraft:potato":13,"minecraft:shield":1,"minecraft:flower_pot":1,"minecraft:iron_chestplate":1,"minecraft:chainmail_boots":2,"minecraft:diamond_boots":1,"minecraft:bow":1,"minecraft:iron_bars":3,"minecraft:wooden_pickaxe":1,"minecraft:stone_pickaxe":3,"minecraft:brick":8}},"DataVersion":3465}