{"stats":{"minecraft:dropped":{"minecraft:cooked_beef":7,"minecraft:cobblestone":26,"minecraft:honey_bottle":1},"minecraft:mined":{"minecraft:polished_granite":2,"treechop:chopped_log":1,"minecraft:torch":2,"minecraft:grass":6,"minecraft:grass_block":1,"minecraft:melon":1,"minecraft:rose_bush":5,"regions_unexplored:medium_grass":1,"regions_unexplored:redwood_log":2,"minecraft:oak_leaves":1,"minecraft:fern":8},"minecraft:picked_up":{"minecraft:stick":29,"minecraft:cooked_beef":2,"minecraft:cooked_porkchop":13,"minecraft:torch":6,"minecraft:bowl":2,"minecraft:oak_stairs":9,"minecraft:porkchop":3,"minecraft:oak_log":3,"minecraft:polished_granite":2,"minecraft:dirt":15,"biomesoplenty:flowering_oak_sapling":6,"minecraft:bone":4,"minecraft:beetroot_soup":2,"minecraft:arrow":6,"minecraft:stone_sword":3,"minecraft:honey_bottle":2,"minecraft:stone_bricks":2,"regions_unexplored:maple_sapling":3,"minecraft:stone_axe":1,"minecraft:wheat_seeds":7,"minecraft:glass_bottle":1,"delightful:acorn":1,"delightful:green_tea_leaf":1,"regions_unexplored:maple_log":8,"minecraft:stone_pickaxe":3,"minecraft:rose_bush":7,"minecraft:oak_boat":3,"minecraft:bread":2,"regions_unexplored:redwood_planks":130,"minecraft:oak_sapling":3,"minecraft:melon_slice":13,"minecraft:oak_planks":6,"minecraft:cobblestone":18,"regions_unexplored:redwood_log":66},"minecraft:killed":{"minecraft:skeleton":1},"minecraft:crafted":{"minecraft:cooked_beef":7,"regions_unexplored:redwood_planks":8,"minecraft:oak_boat":1,"minecraft:oak_planks":12,"minecraft:cooked_porkchop":9,"minecraft:crafting_table":1,"minecraft:baked_potato":6,"minecraft:stone_pickaxe":1,"minecraft:stone_sword":1},"minecraft:custom":{"minecraft:time_since_rest":2745,"minecraft:sprint_one_cm":164889,"minecraft:damage_taken":1404,"minecraft:walk_one_cm":91878,"minecraft:mob_kills":1,"minecraft:drop":9,"minecraft:damage_dealt":521,"minecraft:swim_one_cm":11429,"minecraft:interact_with_crafting_table":6,"minecraft:fly_one_cm":132408,"minecraft:open_barrel":5,"minecraft:open_chest":16,"minecraft:crouch_one_cm":743,"minecraft:play_time":44415,"minecraft:deaths":3,"minecraft:sneak_time":546,"minecraft:walk_under_water_one_cm":2433,"minecraft:jump":701,"minecraft:leave_game":1,"minecraft:time_since_death":2706,"minecraft:walk_on_water_one_cm":5190,"minecraft:interact_with_smoker":4,"minecraft:total_world_time":44415,"minecraft:climb_one_cm":519,"minecraft:fall_one_cm":20366},"minecraft:used":{"minecraft:stone_sword":22,"minecraft:melon_slice":10,"minecraft:stone_pickaxe":2,"minecraft:polished_granite":2,"minecraft:dirt":10,"minecraft:crafting_table":1,"minecraft:cooked_porkchop":4,"alexsmobs:animal_dictionary":1,"minecraft:oak_boat":1,"minecraft:cooked_beef":1,"minecraft:honey_bottle":2,"delightful:acorn":1,"minecraft:beetroot_soup":2}},"DataVersion":3465}