{"stat.killEntity.Bat":1,"stat.walkOneCm":204304,"stat.playerKills":7,"achievement.openInventory":1,"stat.leaveGame":1,"stat.damageTaken":6388,"stat.mineBlock.minecraft.torch":1,"stat.mobKills":1,"stat.flyOneCm":97676,"stat.mineBlock.minecraft.stained_glass_pane":2,"stat.deaths":15,"stat.jump":552,"stat.playOneMinute":25948,"stat.fallOneCm":79586,"stat.damageDealt":1145,"stat.crouchOneCm":3917,"stat.enderchestOpened":1,"stat.timeSinceDeath":3308,"stat.sprintOneCm":65710,"achievement.exploreAllBiomes":{"value":0,"progress":["Desert"]}}