{"stats":{"minecraft:dropped":{"minecraft:brown_mushroom":2,"minecraft:glass_bottle":2,"minecraft:feather":1,"minecraft:cracked_stone_bricks":3,"minecraft:dirt":5,"minecraft:ink_sac":1,"minecraft:gray_carpet":1,"minecraft:moss_carpet":1,"minecraft:stone_axe":1,"minecraft:mossy_stone_bricks":1,"minecraft:light_gray_bed":1,"minecraft:stone_bricks":1},"minecraft:mined":{"minecraft:light_gray_stained_glass_pane":2,"minecraft:cobblestone_stairs":4,"minecraft:grass_block":4,"minecraft:light_gray_bed":2,"minecraft:coal_block":6,"minecraft:hay_block":22,"minecraft:raw_iron_block":2,"minecraft:iron_ore":4,"minecraft:fire":9,"minecraft:pumpkin":3,"minecraft:anvil":3,"minecraft:brown_bed":2,"minecraft:cobblestone_slab":3,"iceandfire:gold_pile":10,"minecraft:oak_stairs":1,"regions_unexplored:medium_grass":1,"minecraft:stone":14,"valhelsia_structures:big_glazed_jar":1,"minecraft:podzol":2,"minecraft:brown_mushroom":3,"minecraft:stone_brick_slab":1,"minecraft:oak_fence":7,"minecraft:melon":7,"minecraft:rose_bush":7,"minecraft:cobblestone":6,"biomesoplenty:sprout":6,"minecraft:oak_planks":4,"minecraft:sugar_cane":4,"minecraft:gray_wool":4,"minecraft:lime_bed":4,"biomesoplenty:mahogany_log":1,"minecraft:light_gray_wool":13,"minecraft:stone_brick_stairs":1,"minecraft:grass":21,"minecraft:gravel":2,"minecraft:cyan_carpet":1,"minecraft:dirt":1,"minecraft:gray_carpet":1,"minecraft:cracked_stone_bricks":3,"minecraft:stone_bricks":8,"minecraft:mossy_stone_bricks":3,"minecraft:chipped_anvil":3,"minecraft:fern":1},"minecraft:picked_up":{"minecraft:wheat":15,"minecraft:chicken":1,"minecraft:anvil":3,"minecraft:leather_leggings":1,"minecraft:brown_mushroom":29,"minecraft:lead":2,"minecraft:oak_stairs":1,"minecraft:brown_bed":2,"minecraft:potion":8,"iceandfire:manuscript":3,"minecraft:string":24,"minecraft:moss_carpet":3,"minecraft:iron_axe":5,"minecraft:armor_stand":1,"minecraft:iron_shovel":2,"minecraft:cyan_carpet":1,"dungeonnowloading:spawner_fragment":21,"minecraft:cracked_stone_bricks":19,"minecraft:gold_nugget":208,"regions_unexplored:pine_log":18,"minecraft:rose_bush":4,"minecraft:iron_pickaxe":2,"minecraft:light_gray_wool":54,"minecraft:coal_block":6,"minecraft:melon_slice":109,"minecraft:sugar_cane":40,"minecraft:birch_sapling":4,"minecraft:egg":2,"minecraft:stick":19,"minecraft:raw_iron":8,"minecraft:oak_fence":5,"minecraft:torch":3,"minecraft:carrot":12,"minecraft:arrow":9,"minecraft:light_gray_bed":2,"minecraft:rotten_flesh":18,"minecraft:shears":1,"minecraft:hay_block":22,"minecraft:leather_horse_armor":6,"minecraft:mutton":26,"minecraft:cobblestone":65,"minecraft:white_wool":1,"minecraft:lime_bed":5,"minecraft:leather_chestplate":1,"minecraft:cooked_beef":6,"minecraft:feather":2,"minecraft:lilac":1,"minecraft:tripwire_hook":10,"minecraft:water_bucket":4,"minecraft:leather":3,"minecraft:red_mushroom":36,"minecraft:potato":15,"paraglider:spirit_orb":14,"minecraft:oak_log":125,"minecraft:gunpowder":20,"minecraft:dirt":15,"minecraft:leather_boots":1,"minecraft:bone":15,"minecraft:chipped_anvil":3,"minecraft:stone_bricks":9,"minecraft:gray_carpet":1,"minecraft:wheat_seeds":42,"minecraft:iron_ingot":3,"minecraft:stone_pickaxe":6,"minecraft:dark_oak_sign":4,"minecraft:cobweb":9,"minecraft:mossy_stone_bricks":5,"minecraft:glass_bottle":8,"minecraft:oak_planks":22,"minecraft:pumpkin":3,"regions_unexplored:pine_sapling":4,"minecraft:raw_iron_block":2,"minecraft:ink_sac":2,"alexsmobs:animal_dictionary":3,"minecraft:spider_eye":2,"minecraft:leather_helmet":1,"biomesoplenty:mahogany_log":3,"minecraft:stone_axe":6,"minecraft:spruce_sign":1,"minecraft:bread":46},"minecraft:killed":{"minecraft:chicken":1,"minecraft:sheep":1},"minecraft:crafted":{"minecraft:oak_planks":8,"minecraft:raw_iron":18,"minecraft:wheat":54,"minecraft:crafting_table":1,"minecraft:bread":18,"minecraft:air":0,"minecraft:light_gray_bed":2,"regions_unexplored:pine_planks":36,"minecraft:stick":4,"minecraft:iron_ingot":6,"minecraft:iron_pickaxe":1,"minecraft:white_bed":1},"minecraft:custom":{"minecraft:interact_with_anvil":1,"minecraft:mob_kills":2,"minecraft:interact_with_crafting_table":5,"minecraft:open_barrel":16,"minecraft:eat_cake_slice":6,"minecraft:leave_game":1,"minecraft:time_since_death":23782,"minecraft:climb_one_cm":3351,"minecraft:sprint_one_cm":287883,"minecraft:walk_one_cm":226650,"minecraft:drop":14,"minecraft:talked_to_villager":3,"minecraft:play_time":94961,"minecraft:sneak_time":1835,"minecraft:deaths":11,"minecraft:walk_under_water_one_cm":55736,"minecraft:jump":1782,"minecraft:interact_with_blast_furnace":2,"minecraft:walk_on_water_one_cm":25841,"minecraft:total_world_time":94961,"minecraft:interact_with_furnace":8,"minecraft:pot_flower":3,"minecraft:sleep_in_bed":7,"minecraft:time_since_rest":5810,"minecraft:waystone_activated":2,"minecraft:damage_taken":7000,"minecraft:damage_dealt":344,"minecraft:swim_one_cm":82991,"minecraft:fly_one_cm":387627,"minecraft:open_chest":67,"minecraft:crouch_one_cm":13534,"minecraft:interact_with_smoker":1,"minecraft:fall_one_cm":64566},"minecraft:used":{"minecraft:cooked_chicken":3,"minecraft:iron_chestplate":1,"minecraft:torch":2,"minecraft:dirt":2,"minecraft:mutton":4,"minecraft:chipped_anvil":1,"minecraft:iron_axe":12,"minecraft:iron_boots":1,"minecraft:hay_block":3,"minecraft:cooked_beef":1,"minecraft:light_gray_bed":2,"minecraft:cooked_mutton":2,"minecraft:stone_pickaxe":29,"minecraft:chainmail_helmet":1,"minecraft:spruce_sign":1,"minecraft:white_wool":1,"minecraft:lime_bed":4,"minecraft:crafting_table":1,"minecraft:white_bed":1,"minecraft:apple":7,"minecraft:melon_slice":27,"minecraft:chicken":1,"minecraft:bread":17,"minecraft:iron_pickaxe":52,"minecraft:stone_axe":20,"minecraft:cobblestone":10,"minecraft:potion":1,"minecraft:cooked_porkchop":3,"alexsmobs:animal_dictionary":1,"minecraft:chainmail_leggings":1}},"DataVersion":3465}