{"stats":{"minecraft:dropped":{"minecraft:glass_bottle":1,"minecraft:feather":1,"minecraft:dirt":5,"minecraft:stone_bricks":1,"minecraft:gray_carpet":1},"minecraft:picked_up":{"minecraft:lime_bed":5,"minecraft:wheat":6,"minecraft:feather":2,"minecraft:cooked_beef":1,"minecraft:chicken":1,"minecraft:brown_mushroom":7,"minecraft:lead":1,"minecraft:red_mushroom":6,"minecraft:oak_stairs":1,"minecraft:potion":2,"paraglider:spirit_orb":4,"minecraft:oak_log":3,"minecraft:gunpowder":5,"minecraft:dirt":7,"minecraft:string":4,"minecraft:iron_shovel":1,"minecraft:bone":3,"dungeonnowloading:spawner_fragment":6,"minecraft:gray_carpet":1,"minecraft:stone_bricks":9,"minecraft:cracked_stone_bricks":4,"minecraft:wheat_seeds":12,"minecraft:stone_pickaxe":1,"minecraft:light_gray_wool":12,"minecraft:mossy_stone_bricks":1,"minecraft:glass_bottle":2,"minecraft:melon_slice":48,"minecraft:sugar_cane":25,"minecraft:oak_planks":8,"minecraft:egg":2,"minecraft:raw_iron":2,"minecraft:pumpkin":2,"minecraft:oak_fence":1,"minecraft:torch":1,"minecraft:carrot":6,"minecraft:spider_eye":1,"alexsmobs:animal_dictionary":1,"biomesoplenty:mahogany_log":2,"minecraft:rotten_flesh":3,"minecraft:stone_axe":1,"minecraft:hay_block":6,"minecraft:bread":14,"minecraft:spruce_sign":1,"minecraft:leather_horse_armor":1,"minecraft:mutton":1,"minecraft:white_wool":1,"minecraft:cobblestone":18},"minecraft:mined":{"minecraft:podzol":2,"minecraft:brown_mushroom":3,"minecraft:oak_fence":7,"minecraft:grass_block":4,"minecraft:melon":7,"minecraft:cobblestone":1,"minecraft:sugar_cane":4,"minecraft:oak_planks":4,"minecraft:hay_block":6,"minecraft:gray_wool":4,"minecraft:lime_bed":4,"biomesoplenty:mahogany_log":1,"minecraft:iron_ore":1,"minecraft:light_gray_wool":13,"minecraft:pumpkin":1,"minecraft:grass":17,"minecraft:cobblestone_slab":1,"minecraft:oak_stairs":1,"minecraft:dirt":1,"minecraft:gray_carpet":1,"regions_unexplored:medium_grass":1,"minecraft:cracked_stone_bricks":2,"minecraft:stone":9,"minecraft:stone_bricks":7,"minecraft:mossy_stone_bricks":1,"minecraft:fern":1},"minecraft:killed":{"minecraft:sheep":1,"minecraft:chicken":1},"minecraft:crafted":{"minecraft:bread":18,"minecraft:wheat":54},"minecraft:custom":{"minecraft:interact_with_furnace":1,"minecraft:mob_kills":2,"minecraft:interact_with_crafting_table":1,"minecraft:open_barrel":3,"minecraft:eat_cake_slice":6,"minecraft:leave_game":1,"minecraft:time_since_death":12879,"minecraft:climb_one_cm":504,"minecraft:sleep_in_bed":1,"minecraft:time_since_rest":6579,"minecraft:waystone_activated":1,"minecraft:sprint_one_cm":142990,"minecraft:damage_taken":1520,"minecraft:walk_one_cm":86960,"minecraft:drop":5,"minecraft:damage_dealt":56,"minecraft:swim_one_cm":38298,"minecraft:fly_one_cm":157352,"minecraft:open_chest":17,"minecraft:crouch_one_cm":813,"minecraft:play_time":34961,"minecraft:deaths":1,"minecraft:sneak_time":285,"minecraft:walk_under_water_one_cm":1073,"minecraft:jump":763,"minecraft:walk_on_water_one_cm":2775,"minecraft:total_world_time":34961,"minecraft:fall_one_cm":28806},"minecraft:used":{"minecraft:cooked_mutton":1,"minecraft:stone_pickaxe":29,"minecraft:spruce_sign":1,"minecraft:cooked_chicken":3,"minecraft:white_wool":1,"minecraft:mutton":1,"minecraft:dirt":2,"minecraft:lime_bed":3,"minecraft:bread":8,"minecraft:chicken":1,"minecraft:melon_slice":18,"minecraft:stone_axe":20,"minecraft:potion":1,"minecraft:cooked_porkchop":3,"alexsmobs:animal_dictionary":1}},"DataVersion":3465}