{"stats":{"minecraft:dropped":{"minecraft:glass_bottle":1,"minecraft:feather":1,"minecraft:dirt":5,"minecraft:light_gray_bed":1,"minecraft:stone_bricks":1,"minecraft:gray_carpet":1},"minecraft:picked_up":{"minecraft:lime_bed":5,"minecraft:wheat":15,"minecraft:feather":2,"minecraft:cooked_beef":5,"minecraft:chicken":1,"minecraft:tripwire_hook":8,"minecraft:leather":2,"minecraft:brown_mushroom":23,"minecraft:lead":2,"minecraft:red_mushroom":30,"minecraft:potato":12,"minecraft:oak_stairs":1,"minecraft:potion":7,"paraglider:spirit_orb":12,"minecraft:oak_log":77,"minecraft:gunpowder":20,"minecraft:dirt":7,"minecraft:string":20,"minecraft:moss_carpet":2,"minecraft:iron_shovel":2,"minecraft:bone":12,"dungeonnowloading:spawner_fragment":18,"minecraft:gray_carpet":1,"minecraft:stone_bricks":9,"minecraft:cracked_stone_bricks":16,"minecraft:gold_nugget":128,"minecraft:wheat_seeds":36,"minecraft:stone_pickaxe":2,"minecraft:light_gray_wool":48,"minecraft:mossy_stone_bricks":4,"minecraft:glass_bottle":6,"minecraft:melon_slice":98,"minecraft:sugar_cane":40,"minecraft:birch_sapling":3,"minecraft:oak_planks":20,"minecraft:egg":2,"minecraft:stick":3,"minecraft:raw_iron":5,"minecraft:pumpkin":2,"minecraft:oak_fence":1,"minecraft:torch":1,"minecraft:ink_sac":1,"minecraft:carrot":12,"minecraft:spider_eye":2,"alexsmobs:animal_dictionary":3,"biomesoplenty:mahogany_log":3,"minecraft:arrow":6,"minecraft:rotten_flesh":15,"minecraft:stone_axe":5,"minecraft:shears":1,"minecraft:hay_block":6,"minecraft:bread":38,"minecraft:spruce_sign":1,"minecraft:leather_horse_armor":5,"minecraft:mutton":11,"minecraft:white_wool":1,"minecraft:cobblestone":54},"minecraft:mined":{"minecraft:podzol":2,"minecraft:brown_mushroom":3,"minecraft:oak_fence":7,"minecraft:grass_block":4,"minecraft:melon":7,"minecraft:cobblestone":1,"minecraft:sugar_cane":4,"minecraft:oak_planks":4,"minecraft:hay_block":6,"minecraft:gray_wool":4,"minecraft:lime_bed":4,"biomesoplenty:mahogany_log":1,"minecraft:iron_ore":1,"minecraft:fire":9,"minecraft:light_gray_wool":13,"minecraft:pumpkin":1,"minecraft:grass":17,"iceandfire:gold_pile":9,"minecraft:cobblestone_slab":1,"minecraft:oak_stairs":1,"minecraft:dirt":1,"minecraft:gray_carpet":1,"regions_unexplored:medium_grass":1,"minecraft:cracked_stone_bricks":2,"minecraft:stone":9,"minecraft:stone_bricks":7,"minecraft:mossy_stone_bricks":1,"minecraft:fern":1},"minecraft:killed":{"minecraft:sheep":1,"minecraft:chicken":1},"minecraft:crafted":{"minecraft:oak_planks":8,"minecraft:crafting_table":1,"minecraft:bread":18,"minecraft:light_gray_bed":2,"minecraft:wheat":54},"minecraft:custom":{"minecraft:interact_with_furnace":1,"minecraft:mob_kills":2,"minecraft:interact_with_crafting_table":2,"minecraft:open_barrel":3,"minecraft:eat_cake_slice":6,"minecraft:leave_game":1,"minecraft:time_since_death":2016,"minecraft:climb_one_cm":504,"minecraft:sleep_in_bed":1,"minecraft:time_since_rest":2067,"minecraft:waystone_activated":1,"minecraft:sprint_one_cm":183195,"minecraft:damage_taken":3295,"minecraft:walk_one_cm":129110,"minecraft:drop":6,"minecraft:damage_dealt":69,"minecraft:swim_one_cm":56281,"minecraft:fly_one_cm":216760,"minecraft:open_chest":24,"minecraft:crouch_one_cm":2883,"minecraft:play_time":46961,"minecraft:deaths":5,"minecraft:sneak_time":855,"minecraft:walk_under_water_one_cm":22327,"minecraft:jump":973,"minecraft:walk_on_water_one_cm":10532,"minecraft:total_world_time":46961,"minecraft:fall_one_cm":35274},"minecraft:used":{"minecraft:cooked_mutton":2,"minecraft:stone_pickaxe":29,"minecraft:spruce_sign":1,"minecraft:cooked_chicken":3,"minecraft:white_wool":1,"minecraft:mutton":4,"minecraft:dirt":2,"minecraft:crafting_table":1,"minecraft:lime_bed":4,"minecraft:bread":12,"minecraft:chicken":1,"minecraft:melon_slice":25,"minecraft:stone_axe":20,"minecraft:cobblestone":1,"minecraft:potion":1,"minecraft:cooked_porkchop":3,"alexsmobs:animal_dictionary":1,"minecraft:light_gray_bed":1}},"DataVersion":3465}