{"stats":{"minecraft:killed_by":{"minecraft:skeleton":2},"minecraft:mined":{"dungeonnowloading:iron_ingot_pile":1,"dungeonnowloading:spikes":10,"minecraft:spruce_planks":1,"minecraft:light_gray_stained_glass_pane":2,"minecraft:mossy_cobblestone":5,"minecraft:candle":1,"minecraft:cobblestone_stairs":4,"minecraft:granite":18,"gravestone:gravestone":4,"minecraft:grass_block":7,"minecraft:decorated_pot":21,"dungeonnowloading:book_pile":2,"minecraft:light_gray_bed":2,"minecraft:coal_block":6,"minecraft:spruce_leaves":3,"minecraft:chiseled_stone_bricks":1,"minecraft:smooth_stone":1,"minecraft:hay_block":33,"minecraft:raw_iron_block":2,"minecraft:barrel":2,"minecraft:iron_ore":4,"minecraft:fire":9,"minecraft:andesite":1,"minecraft:pumpkin":3,"minecraft:anvil":3,"minecraft:brown_bed":2,"dungeonnowloading:wooden_wall_rack":1,"iceandfire:gold_pile":10,"minecraft:cobblestone_slab":3,"minecraft:oak_stairs":1,"minecraft:iron_bars":5,"minecraft:lantern":1,"regions_unexplored:medium_grass":1,"minecraft:spruce_wood":1,"minecraft:stone":46,"valhelsia_structures:big_glazed_jar":1,"minecraft:podzol":2,"minecraft:brown_mushroom":3,"dungeonnowloading:cobblestone_pebbles":1,"minecraft:stone_brick_slab":1,"minecraft:oak_fence":7,"dungeonnowloading:dungeon_wall_torch":1,"minecraft:torch":2,"minecraft:melon":8,"minecraft:rose_bush":7,"minecraft:cobblestone":11,"biomesoplenty:sprout":6,"minecraft:sugar_cane":4,"minecraft:oak_planks":5,"minecraft:wall_torch":4,"minecraft:gray_wool":4,"minecraft:lime_bed":5,"biomesoplenty:mahogany_log":1,"minecraft:light_gray_wool":13,"minecraft:stone_brick_stairs":1,"minecraft:grass":25,"dungeonnowloading:explosive_barrel":14,"minecraft:flower_pot":3,"minecraft:gravel":2,"minecraft:cyan_carpet":1,"minecraft:dirt":7,"minecraft:gray_carpet":1,"minecraft:cracked_stone_bricks":4,"minecraft:dispenser":1,"minecraft:stone_bricks":10,"minecraft:mossy_stone_bricks":10,"minecraft:chipped_anvil":3,"minecraft:fern":2},"minecraft:picked_up":{"minecraft:lingering_potion":1,"minecraft:iron_chestplate":1,"minecraft:wheat":15,"minecraft:chainmail_boots":1,"minecraft:flower_pot":2,"minecraft:chicken":1,"minecraft:anvil":3,"minecraft:leather_leggings":1,"aether:iron_gloves":1,"minecraft:brown_mushroom":29,"minecraft:lead":2,"dungeonnowloading:cobblestone_pebble":2,"minecraft:oak_stairs":1,"minecraft:brown_bed":2,"minecraft:enchanted_book":2,"minecraft:potion":8,"gravestone:obituary":1,"minecraft:shield":1,"minecraft:brick":13,"iceandfire:manuscript":3,"minecraft:string":28,"minecraft:moss_carpet":3,"minecraft:iron_axe":5,"minecraft:armor_stand":3,"minecraft:iron_shovel":2,"minecraft:cyan_carpet":1,"dungeonnowloading:spawner_fragment":25,"minecraft:smooth_stone":1,"minecraft:cracked_stone_bricks":21,"minecraft:candle":1,"minecraft:gold_nugget":208,"regions_unexplored:pine_log":18,"minecraft:rose_bush":4,"dungeonnowloading:mossy_cobblestone_pebble":1,"minecraft:iron_pickaxe":3,"minecraft:light_gray_wool":54,"minecraft:sugar_cane":40,"minecraft:melon_slice":115,"minecraft:coal_block":6,"minecraft:birch_sapling":4,"minecraft:iron_boots":1,"minecraft:egg":2,"minecraft:stick":19,"minecraft:raw_iron":8,"minecraft:stone":6,"minecraft:oak_fence":5,"minecraft:torch":9,"minecraft:carrot":12,"regions_unexplored:purple_coneflower":6,"minecraft:arrow":11,"minecraft:light_gray_bed":2,"minecraft:rotten_flesh":27,"minecraft:decorated_pot":11,"minecraft:music_disc_ward":1,"minecraft:shears":1,"minecraft:hay_block":33,"minecraft:leather_horse_armor":6,"minecraft:iron_bars":4,"minecraft:mutton":26,"minecraft:white_wool":1,"minecraft:cobblestone":94,"minecraft:lime_bed":6,"minecraft:leather_chestplate":1,"minecraft:cooked_beef":6,"minecraft:feather":2,"minecraft:lilac":1,"minecraft:tripwire_hook":10,"minecraft:water_bucket":4,"minecraft:andesite":1,"minecraft:leather":3,"minecraft:red_mushroom":36,"minecraft:potato":28,"paraglider:spirit_orb":16,"minecraft:oak_log":125,"minecraft:chainmail_chestplate":2,"minecraft:gunpowder":49,"minecraft:dirt":30,"minecraft:lantern":1,"minecraft:leather_boots":1,"minecraft:bone":26,"minecraft:chipped_anvil":3,"minecraft:gray_carpet":1,"minecraft:stone_bricks":13,"minecraft:bow":2,"minecraft:wheat_seeds":42,"minecraft:iron_ingot":20,"minecraft:stone_pickaxe":6,"minecraft:cobweb":9,"minecraft:dark_oak_sign":4,"minecraft:mossy_stone_bricks":18,"minecraft:glass_bottle":8,"minecraft:oak_planks":23,"minecraft:book":4,"minecraft:music_disc_13":1,"dungeonnowloading:spawner_frame":1,"minecraft:pumpkin":3,"minecraft:chiseled_stone_bricks":1,"regions_unexplored:pine_sapling":4,"regions_unexplored:oak_shrub":2,"minecraft:raw_iron_block":2,"minecraft:ink_sac":2,"minecraft:mossy_cobblestone":14,"dungeonnowloading:wooden_wall_rack":1,"minecraft:spider_eye":2,"alexsmobs:animal_dictionary":3,"minecraft:leather_helmet":1,"biomesoplenty:mahogany_log":3,"minecraft:dispenser":1,"minecraft:stone_axe":6,"minecraft:chainmail_leggings":1,"minecraft:granite":22,"minecraft:spruce_sign":1,"minecraft:bread":83,"minecraft:oak_button":3},"minecraft:killed":{"minecraft:skeleton":2,"minecraft:chicken":1,"minecraft:sheep":1,"minecraft:zombie":7},"minecraft:used":{"minecraft:armor_stand":1,"minecraft:decorated_pot":6,"minecraft:spruce_planks":25,"minecraft:shield":28,"minecraft:rotten_flesh":6,"minecraft:cooked_chicken":3,"minecraft:iron_chestplate":1,"minecraft:torch":12,"minecraft:dirt":3,"minecraft:mutton":4,"minecraft:chainmail_chestplate":2,"minecraft:iron_hoe":5,"minecraft:chipped_anvil":1,"minecraft:iron_axe":69,"minecraft:iron_boots":1,"minecraft:bow":10,"minecraft:hay_block":3,"minecraft:potato":1,"minecraft:cooked_beef":1,"minecraft:light_gray_bed":2,"minecraft:mossy_stone_bricks":6,"minecraft:cooked_mutton":2,"minecraft:stone_pickaxe":29,"minecraft:oak_planks":1,"minecraft:chainmail_helmet":2,"minecraft:spruce_sign":1,"minecraft:white_wool":1,"minecraft:golden_apple":1,"minecraft:lime_bed":5,"minecraft:crafting_table":2,"minecraft:white_bed":1,"minecraft:lingering_potion":7,"minecraft:apple":14,"minecraft:bread":41,"minecraft:chicken":1,"minecraft:melon_slice":42,"minecraft:suspicious_stew":2,"minecraft:iron_pickaxe":169,"minecraft:stone_axe":20,"minecraft:chiseled_stone_bricks":1,"minecraft:cobblestone":10,"minecraft:potion":2,"minecraft:chainmail_boots":2,"minecraft:cooked_porkchop":3,"minecraft:andesite":1,"alexsmobs:animal_dictionary":1,"minecraft:smooth_stone":1,"minecraft:splash_potion":3,"minecraft:chainmail_leggings":3},"minecraft:crafted":{"minecraft:oak_planks":8,"minecraft:raw_iron":18,"minecraft:chest":1,"minecraft:wheat":81,"sophisticatedbackpacks:backpack":1,"minecraft:crafting_table":2,"minecraft:spruce_planks":56,"minecraft:bread":24,"minecraft:air":0,"minecraft:light_gray_bed":2,"regions_unexplored:pine_planks":36,"minecraft:stick":4,"minecraft:iron_pickaxe":1,"minecraft:iron_ingot":6,"minecraft:white_bed":1},"minecraft:custom":{"minecraft:interact_with_anvil":2,"minecraft:mob_kills":11,"minecraft:interact_with_crafting_table":9,"minecraft:open_barrel":111,"minecraft:damage_dealt_resisted":74,"minecraft:eat_cake_slice":6,"minecraft:leave_game":2,"minecraft:time_since_death":14109,"minecraft:climb_one_cm":10007,"minecraft:sprint_one_cm":526907,"minecraft:walk_one_cm":485698,"minecraft:damage_blocked_by_shield":1560,"minecraft:drop":53,"minecraft:talked_to_villager":3,"minecraft:play_time":178657,"minecraft:sneak_time":5056,"minecraft:deaths":20,"minecraft:walk_under_water_one_cm":61625,"minecraft:interact_with_brewingstand":8,"minecraft:jump":3112,"minecraft:interact_with_blast_furnace":2,"minecraft:walk_on_water_one_cm":35211,"minecraft:total_world_time":178657,"minecraft:interact_with_furnace":8,"minecraft:pot_flower":3,"minecraft:sleep_in_bed":9,"minecraft:time_since_rest":14130,"minecraft:waystone_activated":2,"minecraft:damage_taken":11889,"minecraft:damage_absorbed":40,"minecraft:damage_dealt":1943,"minecraft:swim_one_cm":145307,"minecraft:fly_one_cm":719796,"minecraft:open_chest":85,"minecraft:crouch_one_cm":27129,"minecraft:interact_with_smoker":1,"minecraft:fall_one_cm":101591,"minecraft:inspect_dispenser":2},"minecraft:broken":{"minecraft:shield":1},"minecraft:dropped":{"minecraft:enchanted_book":1,"minecraft:bread":15,"minecraft:candle":1,"minecraft:brown_mushroom":2,"minecraft:mossy_cobblestone":5,"minecraft:glass_bottle":2,"minecraft:decorated_pot":2,"minecraft:feather":1,"dungeonnowloading:cobblestone_pebble":1,"minecraft:granite":11,"minecraft:cracked_stone_bricks":4,"minecraft:dirt":12,"minecraft:torch":1,"minecraft:ink_sac":1,"minecraft:dispenser":1,"regions_unexplored:purple_coneflower":3,"gravestone:obituary":5,"minecraft:iron_pickaxe":1,"minecraft:gray_carpet":1,"minecraft:bone":1,"minecraft:armor_stand":1,"minecraft:stone_axe":1,"minecraft:moss_carpet":1,"minecraft:bowl":2,"dungeonnowloading:wooden_wall_rack":1,"regions_unexplored:oak_shrub":2,"minecraft:suspicious_stew":2,"minecraft:chainmail_chestplate":1,"minecraft:stone":3,"minecraft:flower_pot":2,"aether:iron_gloves":1,"minecraft:spruce_planks":12,"minecraft:chainmail_boots":1,"minecraft:mossy_stone_bricks":2,"minecraft:light_gray_bed":1,"minecraft:stone_bricks":3,"minecraft:spruce_log":16,"minecraft:iron_bars":4}},"DataVersion":3465}