{"stats":{"minecraft:mined":{"minecraft:spruce_planks":83,"minecraft:white_bed":8,"minecraft:oak_sapling":16,"minecraft:brewing_stand":1,"minecraft:granite":28,"minecraft:grass_block":990,"minecraft:crimson_fungus":10,"minecraft:hopper":2,"minecraft:nether_wart":10,"minecraft:spawner":1,"minecraft:weeping_vines_plant":1,"minecraft:tall_seagrass":5,"minecraft:raw_iron_block":3,"minecraft:magma_block":6,"minecraft:iron_ore":44,"minecraft:barrel":5,"minecraft:cobbled_deepslate":16,"minecraft:sticky_piston":2,"minecraft:fire":9,"minecraft:pumpkin":24,"minecraft:deepslate_lapis_ore":29,"minecraft:pointed_dripstone":1,"minecraft:potted_dandelion":1,"minecraft:dirt_path":17,"minecraft:white_banner":1,"minecraft:spruce_slab":4,"minecraft:tripwire":6,"minecraft:deepslate_redstone_ore":214,"minecraft:brown_mushroom":5,"minecraft:red_bed":2,"minecraft:blackstone":35,"minecraft:kelp_plant":38,"minecraft:crimson_nylium":27,"minecraft:torch":39,"minecraft:blast_furnace":1,"minecraft:chest":12,"minecraft:glass":116,"minecraft:nether_quartz_ore":52,"minecraft:cobblestone":28,"minecraft:oak_planks":90,"minecraft:sugar_cane":9,"minecraft:wall_torch":30,"minecraft:amethyst_block":1,"minecraft:deepslate_copper_ore":2,"minecraft:seagrass":3,"minecraft:warped_nylium":11,"minecraft:powered_rail":4,"minecraft:nether_wart_block":1,"minecraft:tinted_glass":1,"minecraft:birch_log":1,"minecraft:wheat":1,"minecraft:warped_fungus":24,"minecraft:oak_log":10,"minecraft:dirt":950,"minecraft:smooth_basalt":2,"minecraft:netherrack":1605,"minecraft:ancient_debris":11,"minecraft:oak_leaves":42,"minecraft:deepslate":1695,"minecraft:nether_gold_ore":11,"minecraft:diamond_ore":2,"minecraft:tuff":234,"minecraft:deepslate_diamond_ore":118,"minecraft:nether_bricks":1,"minecraft:crimson_roots":2,"minecraft:spruce_leaves":4,"minecraft:kelp":4,"minecraft:red_mushroom":20,"minecraft:crimson_stem":1,"minecraft:large_fern":8,"minecraft:redstone_ore":14,"minecraft:oak_trapdoor":3,"minecraft:spruce_sapling":1,"minecraft:furnace":3,"minecraft:nether_sprouts":4,"minecraft:peony":15,"minecraft:potatoes":2,"minecraft:deepslate_iron_ore":177,"minecraft:rail":272,"minecraft:warped_stem":3,"minecraft:stone":417,"minecraft:redstone_wall_torch":1,"minecraft:podzol":10,"minecraft:oak_slab":3,"minecraft:soul_sand":60,"minecraft:basalt":450,"minecraft:observer":3,"minecraft:dandelion":5,"minecraft:crafting_table":9,"minecraft:short_grass":67,"minecraft:warped_roots":5,"minecraft:copper_ore":3,"minecraft:deepslate_coal_ore":2,"minecraft:deepslate_gold_ore":98,"minecraft:diorite":18,"minecraft:blue_bed":4,"minecraft:purple_bed":5,"minecraft:stripped_spruce_wood":7,"minecraft:redstone_torch":1,"minecraft:sweet_berry_bush":20,"minecraft:ice":1,"minecraft:birch_leaves":2,"minecraft:spruce_log":22,"minecraft:coal_ore":68,"minecraft:gravel":104,"minecraft:oak_button":1,"minecraft:gold_ore":4,"minecraft:fern":2},"minecraft:killed_by":{"minecraft:creeper":3,"minecraft:cave_spider":1,"minecraft:zombie":8,"minecraft:player":5,"minecraft:enderman":1,"minecraft:skeleton":8},"minecraft:dropped":{"minecraft:crimson_stem":1,"minecraft:porkchop":3,"minecraft:diamond_axe":1,"minecraft:crafting_table":2,"minecraft:crossbow":1,"minecraft:netherite_upgrade_smithing_template":1,"minecraft:cookie":24,"minecraft:warped_roots":6,"minecraft:leather":1,"minecraft:rail":52,"minecraft:flint":73,"minecraft:emerald":35,"minecraft:dirt":108,"minecraft:mutton":3,"minecraft:crimson_roots":3,"minecraft:bone_meal":9,"minecraft:iron_pickaxe":1,"minecraft:bone":21,"minecraft:gravel":14,"minecraft:stone_axe":5,"minecraft:blackstone":33,"minecraft:cobbled_deepslate":229,"minecraft:rotten_flesh":45,"universal_graves:grave_compass":1,"minecraft:oak_planks":7,"minecraft:diamond_shovel":1,"minecraft:white_bed":3,"minecraft:warped_planks":67,"minecraft:carrot":23,"minecraft:poppy":2,"minecraft:gunpowder":4,"minecraft:chest":1,"minecraft:chainmail_boots":16,"minecraft:leather_leggings":2,"minecraft:spruce_slab":11,"minecraft:basalt":181,"minecraft:arrow":11,"minecraft:warped_wart_block":71,"minecraft:quartz":11,"minecraft:netherrack":672,"minecraft:egg":21,"minecraft:water_bucket":1,"minecraft:iron_ingot":3,"minecraft:bread":295,"minecraft:oak_slab":7,"minecraft:wheat_seeds":7,"minecraft:golden_helmet":1,"minecraft:diamond_leggings":1,"minecraft:iron_helmet":1,"minecraft:cobblestone":109,"minecraft:book":2,"minecraft:apple":4,"minecraft:granite":9,"minecraft:chainmail_helmet":15,"minecraft:stick":60,"minecraft:golden_carrot":12,"minecraft:wooden_axe":1,"minecraft:diamond_helmet":1,"minecraft:iron_leggings":7,"minecraft:string":212,"minecraft:tripwire_hook":2,"minecraft:dandelion":1,"minecraft:furnace":1,"minecraft:kelp":6,"minecraft:warped_nylium":1,"minecraft:oak_trapdoor":6,"minecraft:raw_copper":18,"minecraft:bowl":1,"minecraft:tuff":74,"minecraft:stone_shovel":3,"minecraft:iron_boots":1,"minecraft:suspicious_stew":13,"minecraft:potato":3,"minecraft:spruce_boat":1,"minecraft:shroomlight":2,"minecraft:shield":1,"minecraft:oak_button":2,"minecraft:diamond_chestplate":1,"minecraft:spruce_planks":8,"minecraft:spruce_trapdoor":1,"minecraft:diamond_pickaxe":1,"minecraft:iron_chestplate":4,"minecraft:andesite":6,"minecraft:oak_sapling":149,"minecraft:oak_boat":1,"minecraft:wooden_shovel":13,"minecraft:diamond_boots":1,"minecraft:stone_pickaxe":11,"minecraft:wooden_pickaxe":4},"minecraft:killed":{"minecraft:witch":2,"minecraft:spider":10,"minecraft:skeleton":27,"minecraft:magma_cube":17,"minecraft:piglin":11,"minecraft:zombie_villager":1,"minecraft:iron_golem":2,"minecraft:creeper":16,"minecraft:sheep":6,"minecraft:pillager":2,"minecraft:zombie":98,"minecraft:cow":2,"minecraft:slime":16,"minecraft:hoglin":1,"minecraft:wither_skeleton":1,"minecraft:player":1,"minecraft:enderman":4},"minecraft:custom":{"minecraft:interact_with_crafting_table":115,"minecraft:open_barrel":83,"minecraft:leave_game":14,"minecraft:time_since_death":60361,"minecraft:sprint_one_cm":2927357,"minecraft:damage_blocked_by_shield":4170,"minecraft:drop":623,"minecraft:talked_to_villager":279,"minecraft:play_time":1043258,"minecraft:deaths":32,"minecraft:jump":12110,"minecraft:interact_with_brewingstand":15,"minecraft:walk_on_water_one_cm":87087,"minecraft:enchant_item":11,"minecraft:interact_with_furnace":52,"minecraft:traded_with_villager":802,"minecraft:sleep_in_bed":61,"minecraft:open_enderchest":2,"minecraft:damage_dealt":39382,"minecraft:player_kills":1,"minecraft:crouch_one_cm":112834,"minecraft:interact_with_smoker":1,"minecraft:inspect_dispenser":37,"minecraft:interact_with_smithing_table":1,"minecraft:interact_with_anvil":2,"minecraft:mob_kills":225,"minecraft:inspect_hopper":35,"minecraft:climb_one_cm":150664,"minecraft:walk_one_cm":2254904,"minecraft:sneak_time":32808,"minecraft:walk_under_water_one_cm":90774,"minecraft:boat_one_cm":150709,"minecraft:interact_with_blast_furnace":30,"minecraft:total_world_time":1043258,"minecraft:tune_noteblock":54,"minecraft:interact_with_grindstone":7,"minecraft:time_since_rest":5494,"minecraft:damage_absorbed":40,"minecraft:damage_taken":23302,"minecraft:swim_one_cm":286038,"minecraft:fly_one_cm":1971879,"minecraft:open_chest":457,"minecraft:fall_one_cm":338467},"minecraft:used":{"minecraft:spruce_slab":7,"minecraft:dispenser":3,"minecraft:ladder":102,"minecraft:oak_sign":14,"minecraft:chest":17,"minecraft:shield":62,"minecraft:nether_wart":10,"minecraft:rotten_flesh":33,"minecraft:soul_sand":10,"minecraft:nether_bricks":1,"minecraft:carrot":13,"minecraft:tuff":45,"minecraft:glass":30,"minecraft:spruce_boat":8,"minecraft:lava_bucket":8,"minecraft:oak_sapling":4,"minecraft:furnace":3,"minecraft:egg":28,"minecraft:potato":1,"minecraft:diorite":2,"minecraft:stone_pickaxe":557,"minecraft:powered_rail":3,"minecraft:oak_planks":172,"minecraft:ender_pearl":1,"minecraft:wooden_pickaxe":29,"minecraft:blue_bed":3,"minecraft:diamond_axe":640,"minecraft:cookie":12,"minecraft:golden_apple":1,"minecraft:glow_berries":4,"minecraft:blast_furnace":1,"minecraft:shears":5,"minecraft:redstone_torch":4,"minecraft:sticky_piston":3,"minecraft:bread":112,"minecraft:string":21,"minecraft:oak_pressure_plate":2,"minecraft:gravel":2,"minecraft:diamond_sword":179,"minecraft:oak_boat":6,"minecraft:bone_meal":21,"minecraft:oak_fence":2,"minecraft:oak_trapdoor":8,"minecraft:stone_shovel":7,"minecraft:spruce_planks":265,"minecraft:tinted_glass":26,"minecraft:stone_hoe":9,"minecraft:netherrack":151,"minecraft:torch":205,"minecraft:dirt":810,"minecraft:brewing_stand":2,"minecraft:warped_wart_block":22,"minecraft:hopper":8,"minecraft:shroomlight":1,"minecraft:spruce_button":1,"minecraft:barrel":9,"minecraft:tripwire_hook":14,"minecraft:basalt":112,"minecraft:golden_carrot":119,"minecraft:podzol":9,"minecraft:minecart":3,"minecraft:cobbled_deepslate":228,"minecraft:observer":4,"minecraft:pumpkin":2,"minecraft:pointed_dripstone":1,"minecraft:water_bucket":73,"minecraft:glass_bottle":6,"minecraft:brown_mushroom":4,"minecraft:rail":102,"minecraft:oak_slab":6,"minecraft:crafting_table":24,"minecraft:red_bed":2,"minecraft:white_bed":5,"minecraft:painting":2,"minecraft:oak_log":5,"minecraft:diamond_pickaxe":4577,"minecraft:apple":2,"minecraft:flower_pot":1,"minecraft:diamond_shovel":2432,"minecraft:iron_pickaxe":666,"minecraft:suspicious_stew":1,"minecraft:oak_button":11,"minecraft:spruce_trapdoor":3,"minecraft:spruce_sapling":7,"minecraft:stone_axe":122,"minecraft:cobblestone":73,"minecraft:purple_bed":3,"minecraft:white_banner":1,"minecraft:bucket":87,"minecraft:pumpkin_pie":8,"minecraft:dandelion":5,"minecraft:kelp":25,"minecraft:splash_potion":1},"minecraft:broken":{"minecraft:golden_leggings":1,"minecraft:stone_pickaxe":2,"minecraft:diamond_pickaxe":1,"minecraft:shield":1,"minecraft:iron_pickaxe":2},"minecraft:picked_up":{"minecraft:iron_chestplate":1,"minecraft:wheat":1,"minecraft:chainmail_boots":4,"minecraft:flower_pot":1,"minecraft:suspicious_stew":3,"minecraft:lead":1,"minecraft:potion":3,"minecraft:brewing_stand":2,"minecraft:string":10904,"minecraft:raw_copper":28,"minecraft:sticky_piston":2,"minecraft:shroomlight":3,"minecraft:oak_sign":2,"minecraft:diamond_leggings":1,"minecraft:gold_nugget":46,"minecraft:cobbled_deepslate":1287,"minecraft:bucket":3,"minecraft:spruce_planks":75,"minecraft:redstone_torch":4,"minecraft:netherite_upgrade_smithing_template":1,"minecraft:wooden_shovel":11,"minecraft:furnace":3,"minecraft:golden_helmet":2,"minecraft:stick":62,"minecraft:oak_fence":1,"minecraft:torch":77,"minecraft:porkchop":3,"minecraft:pointed_dripstone":1,"minecraft:diorite":17,"minecraft:rotten_flesh":80,"minecraft:blaze_rod":2,"minecraft:cobblestone":428,"minecraft:birch_log":1,"minecraft:magma_block":1,"minecraft:magma_cream":1,"minecraft:water_bucket":1,"minecraft:andesite":6,"minecraft:golden_leggings":1,"minecraft:potato":6,"minecraft:flint":76,"minecraft:tuff":181,"minecraft:stripped_spruce_wood":7,"minecraft:lapis_lazuli":173,"minecraft:dirt":3176,"minecraft:bone":33,"minecraft:wheat_seeds":25,"minecraft:raw_gold":153,"minecraft:diamond_helmet":1,"minecraft:powered_rail":3,"minecraft:oak_planks":106,"minecraft:warped_wart_block":93,"minecraft:barrel":5,"minecraft:dispenser":1,"minecraft:diamond":163,"minecraft:spruce_boat":5,"minecraft:crossbow":1,"minecraft:granite":28,"minecraft:chainmail_helmet":1,"minecraft:emerald":2,"minecraft:oak_sapling":164,"minecraft:netherrack":1312,"minecraft:crimson_roots":3,"minecraft:diamond_pickaxe":1,"minecraft:crafting_table":8,"minecraft:ladder":2,"minecraft:nether_wart":23,"minecraft:chest_minecart":1,"minecraft:leather_leggings":2,"minecraft:brown_mushroom":6,"minecraft:wooden_pickaxe":2,"minecraft:cornflower":2,"minecraft:oak_trapdoor":4,"minecraft:red_bed":2,"minecraft:iron_shovel":2,"minecraft:blackstone":34,"minecraft:detector_rail":1,"minecraft:beef":3,"minecraft:oak_boat":12,"minecraft:observer":3,"minecraft:poppy":2,"minecraft:spruce_slab":8,"minecraft:minecart":9,"minecraft:sugar_cane":27,"minecraft:chest":11,"minecraft:spruce_trapdoor":2,"minecraft:egg":49,"minecraft:raw_iron":223,"minecraft:cookie":36,"minecraft:carrot":36,"minecraft:redstone":1043,"minecraft:arrow":22,"minecraft:stone_shovel":1,"minecraft:diamond_chestplate":1,"minecraft:peony":14,"minecraft:nether_bricks":1,"minecraft:diamond_boots":1,"minecraft:mutton":8,"minecraft:rail":321,"minecraft:white_wool":6,"minecraft:oxeye_daisy":2,"minecraft:basalt":413,"minecraft:golden_carrot":1,"minecraft:tripwire_hook":4,"minecraft:crimson_stem":1,"minecraft:leather":2,"minecraft:red_mushroom":19,"minecraft:crimson_fungus":9,"minecraft:oak_log":195,"minecraft:ancient_debris":11,"minecraft:nether_wart_block":1,"minecraft:gunpowder":19,"minecraft:blue_bed":4,"minecraft:white_banner":1,"minecraft:podzol":9,"minecraft:apple":75,"minecraft:kelp":209,"minecraft:warped_stem":19,"minecraft:iron_ingot":3,"minecraft:stone_pickaxe":5,"minecraft:soul_sand":39,"minecraft:book":2,"minecraft:oak_slab":4,"minecraft:warped_fungus":20,"minecraft:pumpkin":23,"minecraft:sweet_berries":40,"minecraft:quartz":75,"minecraft:dandelion":24,"minecraft:raw_iron_block":3,"minecraft:gravel":33,"minecraft:spruce_sapling":7,"minecraft:blast_furnace":1,"minecraft:white_bed":13,"minecraft:spruce_log":150,"minecraft:spider_eye":6,"minecraft:diamond_shovel":1,"minecraft:purple_bed":6,"minecraft:slime_ball":15,"minecraft:stone_axe":1,"minecraft:painting":2,"minecraft:warped_roots":7,"minecraft:oak_button":3,"minecraft:warped_nylium":1,"minecraft:coal":75,"minecraft:hopper":6,"minecraft:ender_pearl":2},"minecraft:crafted":{"minecraft:oak_planks":760,"minecraft:chainmail_helmet":15,"minecraft:barrel":4,"minecraft:oak_sign":12,"minecraft:blaze_powder":4,"minecraft:oak_pressure_plate":2,"minecraft:diamond_shovel":1,"minecraft:suspicious_stew":11,"minecraft:warped_planks":76,"minecraft:hopper":2,"minecraft:diamond_helmet":1,"minecraft:bow":2,"minecraft:diamond_leggings":1,"minecraft:iron_boots":1,"minecraft:chest":5,"minecraft:oak_button":10,"minecraft:netherite_upgrade_smithing_template":10,"minecraft:stone_hoe":1,"minecraft:glass_bottle":6,"minecraft:oak_slab":12,"minecraft:wooden_shovel":2,"minecraft:emerald":537,"minecraft:diamond_axe":1,"minecraft:crafting_table":16,"minecraft:spruce_planks":440,"minecraft:wooden_pickaxe":2,"minecraft:iron_helmet":1,"minecraft:sticky_piston":1,"minecraft:birch_planks":4,"minecraft:dispenser":2,"minecraft:apple":64,"minecraft:iron_chestplate":6,"minecraft:diamond_pickaxe":4,"minecraft:shield":4,"minecraft:stick":392,"minecraft:iron_ingot":250,"minecraft:compass":1,"minecraft:iron_pickaxe":5,"minecraft:iron_block":15,"minecraft:shears":2,"minecraft:golden_carrot":132,"minecraft:cookie":36,"minecraft:raw_iron":27,"minecraft:stone_shovel":2,"minecraft:tripwire_hook":6,"minecraft:spruce_button":1,"minecraft:tinted_glass":26,"minecraft:furnace":1,"minecraft:piston":1,"minecraft:bone_meal":57,"minecraft:diamond_block":19,"minecraft:oak_trapdoor":10,"minecraft:diamond":72,"minecraft:ladder":144,"minecraft:spruce_slab":12,"minecraft:stone_pickaxe":9,"minecraft:diamond_boots":1,"minecraft:spruce_boat":4,"minecraft:redstone_block":97,"minecraft:minecart":2,"minecraft:observer":1,"minecraft:sugar":2,"minecraft:diamond_sword":1,"minecraft:bucket":3,"minecraft:stone_axe":5,"minecraft:air":0,"minecraft:bread":786,"minecraft:oak_boat":33,"minecraft:golden_apple":1,"minecraft:chainmail_boots":19,"minecraft:fermented_spider_eye":2,"minecraft:wooden_axe":1,"minecraft:iron_leggings":7,"minecraft:white_bed":2,"minecraft:pumpkin_pie":48,"minecraft:torch":136,"minecraft:lapis_lazuli":9,"minecraft:lapis_block":21,"minecraft:diamond_chestplate":1}},"DataVersion":3953}