{"stats":{"minecraft:killed_by":{"minecraft:skeleton":2},"minecraft:mined":{"dungeonnowloading:spikes":10,"dungeonnowloading:iron_ingot_pile":1,"valhelsia_structures:light_gray_sleeping_bag":1,"minecraft:spruce_planks":3,"valhelsia_structures:bundled_oak_posts":2,"minecraft:cobblestone_stairs":4,"minecraft:granite":18,"minecraft:grass_block":13,"minecraft:light_gray_bed":2,"minecraft:coal_block":6,"minecraft:chiseled_stone_bricks":1,"minecraft:smooth_stone":1,"minecraft:raw_iron_block":2,"minecraft:fire":9,"minecraft:iron_ore":4,"minecraft:barrel":2,"minecraft:pumpkin":3,"minecraft:anvil":3,"minecraft:brown_bed":2,"dungeonnowloading:wooden_wall_rack":1,"iceandfire:gold_pile":10,"minecraft:iron_bars":5,"minecraft:oak_stairs":1,"minecraft:spruce_wood":1,"valhelsia_structures:big_glazed_jar":1,"minecraft:brown_mushroom":3,"dungeonnowloading:cobblestone_pebbles":1,"dungeonnowloading:dungeon_wall_torch":2,"minecraft:torch":2,"minecraft:melon":8,"minecraft:cobblestone":11,"minecraft:oak_planks":5,"minecraft:sugar_cane":8,"minecraft:wall_torch":6,"minecraft:skeleton_skull":1,"minecraft:magenta_bed":1,"minecraft:light_gray_wool":13,"minecraft:stone_brick_stairs":1,"minecraft:grass":25,"dungeonnowloading:explosive_barrel":14,"minecraft:dirt":12,"minecraft:dispenser":1,"minecraft:light_gray_stained_glass_pane":2,"minecraft:mossy_cobblestone":5,"minecraft:candle":2,"gravestone:gravestone":8,"minecraft:decorated_pot":23,"dungeonnowloading:book_pile":3,"minecraft:spruce_leaves":3,"minecraft:large_fern":2,"minecraft:hay_block":33,"minecraft:andesite":1,"minecraft:stripped_spruce_log":1,"minecraft:cobblestone_slab":3,"minecraft:vine":1,"minecraft:lantern":1,"regions_unexplored:medium_grass":1,"minecraft:stone":46,"minecraft:podzol":2,"minecraft:oak_slab":1,"minecraft:stone_brick_slab":1,"minecraft:oak_fence":7,"minecraft:rose_bush":7,"minecraft:tall_grass":1,"valhelsia_structures:big_cyan_glazed_jar":1,"biomesoplenty:sprout":6,"minecraft:gray_wool":4,"minecraft:lime_bed":5,"biomesoplenty:mahogany_log":1,"minecraft:cyan_carpet":1,"minecraft:gravel":2,"minecraft:flower_pot":4,"minecraft:gray_carpet":1,"minecraft:cracked_stone_bricks":6,"minecraft:stone_bricks":12,"minecraft:mossy_stone_bricks":10,"minecraft:chipped_anvil":3,"regions_unexplored:peat_podzol":2,"minecraft:fern":2},"minecraft:picked_up":{"minecraft:iron_chestplate":1,"minecraft:wheat":15,"minecraft:chainmail_boots":1,"minecraft:anvil":3,"minecraft:flower_pot":3,"minecraft:lead":2,"aether:iron_gloves":2,"minecraft:oak_stairs":1,"minecraft:brown_bed":2,"minecraft:potion":8,"minecraft:enchanted_book":3,"iceandfire:manuscript":3,"minecraft:music_disc_cat":1,"minecraft:string":48,"minecraft:armor_stand":3,"regions_unexplored:pine_log":18,"minecraft:gold_nugget":214,"minecraft:smooth_stone":2,"minecraft:spruce_planks":2,"minecraft:rose_bush":4,"minecraft:iron_pickaxe":3,"dungeonnowloading:mossy_cobblestone_pebble":3,"minecraft:melon_slice":115,"minecraft:coal_block":6,"valhelsia_structures:light_gray_sleeping_bag":1,"minecraft:iron_boots":1,"minecraft:stick":19,"minecraft:oak_fence":5,"minecraft:torch":11,"minecraft:light_gray_bed":2,"minecraft:rotten_flesh":31,"minecraft:music_disc_ward":1,"alexsmobs:emu_egg":1,"minecraft:leather_horse_armor":6,"minecraft:iron_bars":4,"minecraft:cobblestone":94,"minecraft:lilac":1,"minecraft:leather_chestplate":1,"minecraft:feather":2,"minecraft:cooked_beef":6,"minecraft:water_bucket":4,"minecraft:andesite":1,"minecraft:potato":28,"paraglider:spirit_orb":16,"minecraft:magenta_bed":1,"minecraft:dirt":41,"minecraft:lantern":3,"minecraft:name_tag":1,"minecraft:leather_boots":1,"minecraft:bone":28,"minecraft:chipped_anvil":3,"minecraft:bow":2,"minecraft:wheat_seeds":44,"dungeonnowloading:dungeon_wall_torch":1,"minecraft:dark_oak_sign":4,"minecraft:mossy_stone_bricks":18,"minecraft:oak_planks":23,"dungeonnowloading:spawner_frame":1,"minecraft:music_disc_13":1,"regions_unexplored:pine_sapling":4,"minecraft:stripped_spruce_log":1,"minecraft:ink_sac":2,"dungeonnowloading:wooden_wall_rack":2,"alexsmobs:animal_dictionary":3,"minecraft:mossy_cobblestone":14,"minecraft:dispenser":1,"minecraft:crossbow":1,"minecraft:granite":33,"minecraft:spruce_sign":3,"minecraft:bread":83,"minecraft:lingering_potion":1,"minecraft:chicken":1,"minecraft:leather_leggings":1,"minecraft:brown_mushroom":29,"dungeonnowloading:cobblestone_pebble":2,"gravestone:obituary":3,"minecraft:brick":13,"minecraft:shield":1,"minecraft:iron_axe":5,"minecraft:moss_carpet":3,"minecraft:iron_shovel":2,"dungeonnowloading:spawner_fragment":36,"minecraft:cyan_carpet":1,"minecraft:cracked_stone_bricks":23,"minecraft:candle":13,"regions_unexplored:peat_podzol":2,"minecraft:light_gray_wool":54,"minecraft:sugar_cane":48,"minecraft:birch_sapling":4,"minecraft:egg":4,"minecraft:raw_iron":8,"minecraft:stone":6,"sophisticatedbackpacks:backpack":1,"minecraft:carrot":12,"regions_unexplored:purple_coneflower":6,"minecraft:arrow":11,"minecraft:decorated_pot":12,"minecraft:shears":1,"minecraft:hay_block":33,"minecraft:mutton":26,"minecraft:skeleton_skull":1,"minecraft:white_wool":1,"minecraft:lime_bed":6,"minecraft:tripwire_hook":10,"minecraft:leather":3,"minecraft:red_mushroom":36,"minecraft:filled_map":1,"minecraft:oak_log":125,"minecraft:chainmail_chestplate":2,"minecraft:gunpowder":51,"minecraft:stone_bricks":15,"minecraft:gray_carpet":1,"minecraft:stone_pickaxe":6,"minecraft:iron_ingot":20,"minecraft:cobweb":9,"minecraft:glass_bottle":15,"minecraft:book":9,"minecraft:oak_slab":1,"minecraft:pumpkin":3,"minecraft:chiseled_stone_bricks":1,"minecraft:raw_iron_block":2,"regions_unexplored:oak_shrub":2,"minecraft:spider_eye":2,"minecraft:leather_helmet":1,"biomesoplenty:mahogany_log":3,"valhelsia_structures:bundled_oak_posts":2,"minecraft:stone_axe":6,"minecraft:chainmail_leggings":1,"minecraft:oak_button":3,"minecraft:melon_seeds":4},"minecraft:killed":{"minecraft:spider":1,"minecraft:skeleton":2,"minecraft:chicken":1,"minecraft:creeper":1,"minecraft:sheep":1,"minecraft:pillager":3,"minecraft:zombie":9,"iceandfire:ghost":3},"minecraft:used":{"minecraft:decorated_pot":6,"minecraft:shield":28,"minecraft:rotten_flesh":6,"minecraft:iron_chestplate":1,"minecraft:mutton":4,"dungeonnowloading:wooden_wall_rack":1,"minecraft:stripped_spruce_log":1,"minecraft:lantern":1,"minecraft:rabbit_stew":1,"minecraft:bow":21,"minecraft:hay_block":3,"minecraft:egg":1,"minecraft:potato":1,"minecraft:mossy_stone_bricks":6,"minecraft:stone_pickaxe":29,"minecraft:oak_planks":1,"minecraft:chainmail_helmet":2,"artifacts:eternal_steak":17,"minecraft:sugar_cane":8,"minecraft:white_wool":1,"minecraft:golden_apple":3,"regions_unexplored:redwood_planks":10,"minecraft:lingering_potion":7,"minecraft:melon_slice":42,"minecraft:bread":51,"minecraft:chainmail_boots":2,"minecraft:andesite":1,"minecraft:armor_stand":1,"minecraft:spruce_planks":25,"minecraft:cooked_chicken":3,"minecraft:torch":13,"minecraft:dirt":14,"minecraft:chainmail_chestplate":2,"minecraft:iron_hoe":5,"minecraft:chipped_anvil":1,"minecraft:iron_axe":122,"minecraft:iron_boots":1,"minecraft:cooked_beef":1,"minecraft:light_gray_bed":2,"minecraft:cooked_mutton":2,"minecraft:spruce_sign":1,"dungeonnowloading:dungeon_wall_torch":1,"regions_unexplored:peat_podzol":1,"minecraft:crafting_table":2,"minecraft:lime_bed":5,"minecraft:white_bed":1,"minecraft:apple":14,"minecraft:chicken":1,"minecraft:iron_pickaxe":176,"minecraft:suspicious_stew":2,"minecraft:stone_axe":20,"minecraft:chiseled_stone_bricks":1,"minecraft:cobblestone":10,"minecraft:potion":5,"minecraft:cooked_porkchop":3,"alexsmobs:animal_dictionary":1,"minecraft:splash_potion":3,"minecraft:smooth_stone":1,"minecraft:chainmail_leggings":3},"minecraft:custom":{"minecraft:interact_with_crafting_table":12,"minecraft:open_barrel":129,"minecraft:eat_cake_slice":6,"minecraft:leave_game":2,"minecraft:time_since_death":9026,"minecraft:sprint_one_cm":752744,"minecraft:damage_blocked_by_shield":1560,"minecraft:drop":125,"minecraft:talked_to_villager":14,"minecraft:play_time":244657,"minecraft:deaths":24,"minecraft:jump":4300,"minecraft:interact_with_brewingstand":8,"minecraft:walk_on_water_one_cm":37076,"minecraft:interact_with_furnace":8,"minecraft:interact_with_loom":1,"minecraft:sleep_in_bed":12,"minecraft:waystone_activated":2,"minecraft:damage_dealt":4453,"minecraft:crouch_one_cm":29933,"minecraft:interact_with_smoker":4,"minecraft:inspect_dispenser":2,"minecraft:mob_kills":22,"minecraft:interact_with_anvil":4,"minecraft:damage_dealt_resisted":74,"minecraft:climb_one_cm":13965,"minecraft:walk_one_cm":643537,"minecraft:sneak_time":6365,"minecraft:walk_under_water_one_cm":61966,"minecraft:interact_with_blast_furnace":2,"minecraft:total_world_time":244657,"minecraft:pot_flower":3,"minecraft:time_since_rest":9247,"minecraft:damage_absorbed":109,"minecraft:damage_taken":14425,"minecraft:trigger_trapped_chest":3,"minecraft:swim_one_cm":157907,"minecraft:fly_one_cm":996214,"minecraft:open_chest":142,"minecraft:fall_one_cm":138222},"minecraft:crafted":{"minecraft:oak_planks":8,"minecraft:chest":1,"dungeonnowloading:spawner_boots":1,"sophisticatedbackpacks:backpack":1,"dungeonnowloading:spawner_frame":12,"minecraft:crafting_table":2,"minecraft:spruce_planks":56,"minecraft:light_gray_bed":2,"minecraft:stick":4,"minecraft:iron_ingot":6,"minecraft:iron_pickaxe":1,"artifacts:eternal_steak":1,"minecraft:raw_iron":18,"dungeonnowloading:spawner_leggings":1,"minecraft:wheat":153,"minecraft:bread":51,"minecraft:air":0,"regions_unexplored:pine_planks":36,"minecraft:white_bed":1},"minecraft:broken":{"minecraft:shield":1},"minecraft:dropped":{"minecraft:candle":13,"minecraft:brown_mushroom":2,"minecraft:glass_bottle":12,"minecraft:decorated_pot":2,"dungeonnowloading:cobblestone_pebble":1,"minecraft:lantern":2,"minecraft:cracked_stone_bricks":4,"minecraft:dirt":12,"minecraft:dispenser":1,"regions_unexplored:purple_coneflower":3,"gravestone:obituary":11,"minecraft:iron_pickaxe":1,"minecraft:armor_stand":1,"minecraft:bone":13,"minecraft:stone_axe":1,"dungeonnowloading:wooden_wall_rack":1,"minecraft:rotten_flesh":6,"dungeonnowloading:mossy_cobblestone_pebble":2,"regions_unexplored:oak_shrub":2,"alexsmobs:emu_egg":1,"minecraft:chainmail_chestplate":1,"minecraft:melon_seeds":4,"minecraft:chainmail_boots":1,"minecraft:iron_bars":4,"minecraft:enchanted_book":1,"minecraft:bread":15,"minecraft:wheat_seeds":1,"minecraft:mossy_cobblestone":5,"minecraft:feather":1,"minecraft:book":4,"minecraft:granite":22,"minecraft:chainmail_helmet":1,"minecraft:mushroom_stew":1,"minecraft:ink_sac":1,"minecraft:torch":1,"minecraft:string":9,"minecraft:gray_carpet":1,"minecraft:moss_carpet":1,"minecraft:bowl":2,"sophisticatedbackpacks:backpack":1,"minecraft:suspicious_stew":2,"minecraft:filled_map":1,"minecraft:potato":12,"minecraft:stone":3,"minecraft:flower_pot":3,"aether:iron_gloves":3,"minecraft:spruce_planks":14,"minecraft:mossy_stone_bricks":2,"minecraft:light_gray_bed":1,"minecraft:stone_bricks":3,"minecraft:spruce_log":16,"minecraft:brick":13}},"DataVersion":3465}