{"stats":{"minecraft:killed_by":{"minecraft:creeper":3,"minecraft:cave_spider":1,"minecraft:zombie":8,"minecraft:player":5,"minecraft:enderman":1,"minecraft:skeleton":8},"minecraft:killed":{"minecraft:witch":2,"minecraft:spider":10,"minecraft:skeleton":27,"minecraft:magma_cube":17,"minecraft:piglin":11,"minecraft:zombie_villager":1,"minecraft:iron_golem":2,"minecraft:creeper":16,"minecraft:sheep":6,"minecraft:pillager":2,"minecraft:zombie":101,"minecraft:cow":2,"minecraft:slime":16,"minecraft:hoglin":1,"minecraft:wither_skeleton":2,"minecraft:player":1,"minecraft:enderman":4},"minecraft:broken":{"minecraft:golden_leggings":1,"minecraft:stone_pickaxe":2,"minecraft:diamond_pickaxe":1,"minecraft:shield":1,"minecraft:iron_pickaxe":2},"minecraft:mined":{"minecraft:spruce_planks":179,"minecraft:white_bed":8,"minecraft:oak_sapling":18,"minecraft:brewing_stand":1,"minecraft:spruce_trapdoor":1,"minecraft:granite":28,"minecraft:grass_block":1010,"minecraft:crimson_fungus":10,"minecraft:hopper":4,"minecraft:oak_wall_sign":2,"minecraft:nether_wart":10,"minecraft:spawner":1,"minecraft:weeping_vines_plant":1,"minecraft:tall_seagrass":5,"minecraft:raw_iron_block":3,"minecraft:magma_block":6,"minecraft:iron_ore":44,"minecraft:barrel":14,"minecraft:cobbled_deepslate":16,"minecraft:sticky_piston":2,"minecraft:fire":13,"minecraft:pumpkin":24,"minecraft:deepslate_lapis_ore":29,"minecraft:pointed_dripstone":1,"minecraft:potted_dandelion":1,"minecraft:dirt_path":17,"minecraft:white_banner":1,"minecraft:spruce_slab":24,"minecraft:tripwire":8,"minecraft:deepslate_redstone_ore":214,"minecraft:brown_mushroom":5,"minecraft:red_bed":2,"minecraft:blackstone":89,"minecraft:kelp_plant":38,"minecraft:crimson_nylium":27,"minecraft:torch":40,"minecraft:blast_furnace":1,"minecraft:chest":12,"minecraft:glass":119,"minecraft:nether_quartz_ore":85,"minecraft:cobblestone":28,"minecraft:oak_planks":133,"minecraft:sugar_cane":9,"minecraft:wall_torch":32,"minecraft:amethyst_block":1,"minecraft:deepslate_copper_ore":2,"minecraft:seagrass":3,"minecraft:warped_nylium":11,"minecraft:powered_rail":4,"minecraft:nether_wart_block":1,"minecraft:tinted_glass":26,"minecraft:birch_log":1,"minecraft:wheat":1,"minecraft:warped_fungus":24,"minecraft:oak_log":10,"minecraft:sand":57,"minecraft:dirt":975,"minecraft:smooth_basalt":2,"minecraft:ancient_debris":24,"minecraft:netherrack":1720,"minecraft:oak_leaves":42,"minecraft:deepslate":1695,"minecraft:nether_gold_ore":18,"minecraft:diamond_ore":2,"minecraft:tuff":234,"minecraft:deepslate_diamond_ore":118,"minecraft:nether_bricks":2,"minecraft:crimson_roots":2,"minecraft:redstone_wire":6,"minecraft:spruce_leaves":4,"minecraft:kelp":4,"minecraft:red_mushroom":20,"minecraft:crimson_stem":1,"minecraft:large_fern":8,"minecraft:redstone_ore":14,"minecraft:oak_trapdoor":3,"minecraft:spruce_sapling":1,"minecraft:furnace":3,"minecraft:nether_sprouts":4,"minecraft:peony":15,"minecraft:potatoes":2,"minecraft:deepslate_iron_ore":177,"minecraft:rail":310,"minecraft:warped_stem":3,"minecraft:stone":418,"minecraft:redstone_wall_torch":1,"minecraft:podzol":10,"minecraft:oak_slab":3,"minecraft:soul_sand":60,"minecraft:basalt":754,"minecraft:observer":5,"minecraft:dandelion":5,"minecraft:crafting_table":10,"minecraft:short_grass":68,"minecraft:warped_roots":5,"minecraft:lectern":28,"minecraft:copper_ore":3,"minecraft:tall_grass":2,"minecraft:deepslate_coal_ore":2,"minecraft:deepslate_gold_ore":98,"minecraft:diorite":18,"minecraft:blue_bed":4,"minecraft:purple_bed":5,"minecraft:stripped_spruce_wood":7,"minecraft:redstone_torch":1,"minecraft:sweet_berry_bush":20,"minecraft:ice":1,"minecraft:birch_leaves":2,"minecraft:spruce_log":22,"minecraft:coal_ore":68,"minecraft:gravel":104,"minecraft:oak_button":1,"minecraft:gold_ore":4,"minecraft:fern":2},"minecraft:dropped":{"minecraft:crimson_stem":1,"minecraft:porkchop":3,"minecraft:diamond_axe":1,"minecraft:crafting_table":3,"minecraft:crossbow":1,"minecraft:netherite_upgrade_smithing_template":1,"minecraft:cookie":24,"minecraft:warped_roots":6,"minecraft:leather":1,"minecraft:rail":52,"minecraft:flint":73,"minecraft:emerald":35,"minecraft:dirt":115,"minecraft:mutton":3,"minecraft:crimson_roots":3,"minecraft:bone_meal":9,"minecraft:iron_pickaxe":1,"minecraft:bone":21,"minecraft:gravel":14,"minecraft:stone_axe":5,"minecraft:blackstone":33,"minecraft:cobbled_deepslate":229,"minecraft:rotten_flesh":49,"universal_graves:grave_compass":1,"minecraft:oak_planks":8,"minecraft:diamond_shovel":1,"minecraft:white_bed":4,"minecraft:warped_planks":67,"minecraft:carrot":23,"minecraft:poppy":2,"minecraft:gunpowder":4,"minecraft:chest":1,"minecraft:chainmail_boots":16,"minecraft:leather_leggings":2,"minecraft:spruce_slab":11,"minecraft:basalt":186,"minecraft:arrow":12,"minecraft:warped_wart_block":71,"minecraft:quartz":11,"minecraft:netherrack":694,"minecraft:golden_boots":1,"minecraft:egg":21,"minecraft:water_bucket":1,"minecraft:iron_ingot":3,"minecraft:bread":295,"minecraft:oak_slab":7,"minecraft:wheat_seeds":11,"minecraft:golden_helmet":1,"minecraft:diamond_leggings":1,"minecraft:iron_helmet":1,"minecraft:cobblestone":109,"minecraft:book":2,"minecraft:apple":4,"minecraft:granite":9,"minecraft:chainmail_helmet":15,"minecraft:stick":60,"minecraft:golden_carrot":12,"minecraft:wooden_axe":1,"minecraft:diamond_helmet":1,"minecraft:iron_leggings":7,"minecraft:string":344,"minecraft:tripwire_hook":2,"minecraft:dandelion":1,"minecraft:furnace":1,"minecraft:kelp":6,"minecraft:oak_trapdoor":6,"minecraft:warped_nylium":1,"minecraft:raw_copper":18,"minecraft:bowl":2,"minecraft:tuff":74,"minecraft:stone_shovel":3,"minecraft:iron_boots":1,"minecraft:nether_bricks":1,"minecraft:suspicious_stew":13,"minecraft:potato":3,"minecraft:spruce_boat":1,"minecraft:shroomlight":2,"minecraft:shield":1,"minecraft:oak_button":2,"minecraft:diamond_chestplate":1,"minecraft:spruce_trapdoor":1,"minecraft:spruce_planks":9,"minecraft:diamond_pickaxe":2,"minecraft:iron_chestplate":4,"minecraft:andesite":6,"minecraft:oak_sapling":149,"minecraft:oak_boat":1,"minecraft:wooden_shovel":13,"minecraft:diamond_boots":1,"minecraft:stone_pickaxe":11,"minecraft:wooden_pickaxe":4},"minecraft:custom":{"minecraft:interact_with_crafting_table":140,"minecraft:open_barrel":92,"minecraft:leave_game":15,"minecraft:time_since_death":145141,"minecraft:sprint_one_cm":3395906,"minecraft:damage_blocked_by_shield":4170,"minecraft:drop":648,"minecraft:talked_to_villager":463,"minecraft:play_time":1222552,"minecraft:deaths":33,"minecraft:jump":14044,"minecraft:interact_with_brewingstand":16,"minecraft:walk_on_water_one_cm":92987,"minecraft:enchant_item":11,"minecraft:interact_with_furnace":52,"minecraft:traded_with_villager":1266,"minecraft:sleep_in_bed":74,"minecraft:open_enderchest":2,"minecraft:damage_dealt":40185,"minecraft:player_kills":1,"minecraft:crouch_one_cm":137185,"minecraft:interact_with_smoker":1,"minecraft:inspect_dispenser":48,"minecraft:interact_with_smithing_table":2,"minecraft:interact_with_anvil":3,"minecraft:mob_kills":229,"minecraft:inspect_hopper":73,"minecraft:climb_one_cm":162103,"minecraft:walk_one_cm":2600606,"minecraft:sneak_time":40155,"minecraft:walk_under_water_one_cm":93889,"minecraft:boat_one_cm":150709,"minecraft:interact_with_blast_furnace":36,"minecraft:total_world_time":1222552,"minecraft:tune_noteblock":54,"minecraft:interact_with_grindstone":8,"minecraft:time_since_rest":11002,"minecraft:damage_absorbed":40,"minecraft:damage_taken":24627,"minecraft:swim_one_cm":286038,"minecraft:fly_one_cm":2236174,"minecraft:open_chest":594,"minecraft:fall_one_cm":376553},"minecraft:used":{"minecraft:dispenser":3,"minecraft:spruce_slab":54,"minecraft:ladder":108,"minecraft:oak_sign":15,"minecraft:shield":62,"minecraft:chest":21,"minecraft:nether_wart":10,"minecraft:rotten_flesh":33,"minecraft:soul_sand":10,"minecraft:lily_of_the_valley":1,"minecraft:nether_bricks":1,"minecraft:carrot":13,"minecraft:tuff":45,"minecraft:glass":60,"minecraft:spruce_boat":8,"minecraft:lava_bucket":8,"minecraft:oak_sapling":4,"minecraft:furnace":3,"minecraft:egg":29,"minecraft:potato":1,"minecraft:diorite":2,"minecraft:stone_pickaxe":557,"minecraft:powered_rail":3,"minecraft:oak_planks":226,"minecraft:ender_pearl":1,"minecraft:wooden_pickaxe":29,"minecraft:sugar_cane":16,"minecraft:diamond_axe":863,"minecraft:blue_bed":3,"minecraft:cookie":12,"minecraft:golden_apple":1,"minecraft:glow_berries":4,"minecraft:blast_furnace":1,"minecraft:shears":7,"minecraft:redstone_torch":4,"minecraft:sticky_piston":3,"minecraft:lever":1,"minecraft:bread":116,"minecraft:string":27,"minecraft:lectern":33,"minecraft:oak_pressure_plate":2,"minecraft:gravel":2,"minecraft:diamond_sword":181,"minecraft:oak_boat":6,"minecraft:bone_meal":21,"minecraft:oak_fence":2,"minecraft:oak_trapdoor":8,"minecraft:flint_and_steel":54,"minecraft:stone_shovel":7,"minecraft:redstone":14,"minecraft:spruce_planks":466,"minecraft:tinted_glass":26,"minecraft:stone_hoe":9,"minecraft:netherrack":187,"minecraft:torch":209,"minecraft:dirt":845,"minecraft:brewing_stand":2,"minecraft:warped_wart_block":22,"minecraft:hopper":16,"minecraft:shroomlight":1,"minecraft:spruce_button":1,"minecraft:barrel":22,"minecraft:tripwire_hook":18,"minecraft:basalt":130,"minecraft:golden_carrot":141,"minecraft:podzol":9,"minecraft:netherite_pickaxe":192,"minecraft:minecart":3,"minecraft:cobbled_deepslate":228,"minecraft:pumpkin":2,"minecraft:observer":14,"minecraft:pointed_dripstone":1,"minecraft:water_bucket":76,"minecraft:glass_bottle":6,"minecraft:brown_mushroom":4,"minecraft:rail":145,"minecraft:oak_slab":6,"minecraft:crafting_table":24,"minecraft:red_bed":2,"minecraft:white_bed":8,"minecraft:painting":2,"minecraft:oak_log":5,"minecraft:piston":8,"minecraft:flower_pot":1,"minecraft:diamond_pickaxe":4984,"minecraft:apple":2,"minecraft:diamond_shovel":2515,"minecraft:iron_pickaxe":666,"minecraft:suspicious_stew":2,"minecraft:oak_button":11,"minecraft:spruce_trapdoor":13,"minecraft:spruce_sapling":7,"minecraft:stone_axe":122,"minecraft:cobblestone":73,"minecraft:purple_bed":6,"minecraft:white_banner":1,"minecraft:bucket":92,"minecraft:pumpkin_pie":8,"minecraft:dandelion":5,"minecraft:kelp":25,"minecraft:splash_potion":1},"minecraft:crafted":{"minecraft:oak_planks":792,"minecraft:chainmail_helmet":15,"minecraft:barrel":13,"minecraft:oak_sign":12,"minecraft:blaze_powder":4,"minecraft:oak_pressure_plate":2,"minecraft:lever":1,"minecraft:diamond_shovel":1,"minecraft:bookshelf":5,"minecraft:suspicious_stew":12,"minecraft:warped_planks":76,"minecraft:hopper":14,"minecraft:diamond_helmet":2,"minecraft:repeater":1,"minecraft:bow":2,"minecraft:diamond_leggings":1,"minecraft:iron_boots":1,"minecraft:chest":20,"minecraft:oak_button":10,"minecraft:netherite_upgrade_smithing_template":10,"minecraft:stone_hoe":1,"minecraft:glass_bottle":6,"minecraft:oak_slab":12,"minecraft:wooden_shovel":2,"minecraft:emerald":978,"minecraft:diamond_axe":1,"minecraft:crafting_table":16,"minecraft:spruce_planks":888,"minecraft:wooden_pickaxe":2,"minecraft:iron_helmet":1,"minecraft:sticky_piston":1,"minecraft:birch_planks":4,"minecraft:dispenser":2,"minecraft:apple":64,"minecraft:spruce_trapdoor":18,"minecraft:lectern":5,"minecraft:iron_chestplate":6,"minecraft:diamond_pickaxe":4,"minecraft:shield":4,"minecraft:stick":436,"minecraft:iron_ingot":250,"minecraft:compass":1,"minecraft:iron_pickaxe":5,"minecraft:iron_block":15,"minecraft:gold_ingot":27,"minecraft:redstone_torch":8,"minecraft:netherite_ingot":6,"minecraft:composter":1,"minecraft:shears":2,"minecraft:golden_carrot":183,"minecraft:cookie":36,"minecraft:redstone":135,"minecraft:raw_iron":27,"minecraft:stone_shovel":2,"minecraft:tripwire_hook":6,"minecraft:spruce_button":1,"minecraft:tinted_glass":26,"minecraft:furnace":1,"minecraft:piston":65,"minecraft:bone_meal":57,"minecraft:diamond_block":19,"minecraft:oak_trapdoor":10,"minecraft:flint_and_steel":1,"minecraft:diamond":72,"minecraft:ladder":150,"minecraft:spruce_slab":138,"minecraft:stone_pickaxe":9,"minecraft:diamond_boots":1,"minecraft:spruce_boat":4,"minecraft:redstone_block":97,"minecraft:netherite_scrap":24,"minecraft:minecart":5,"minecraft:observer":12,"minecraft:sugar":2,"minecraft:netherite_pickaxe":1,"minecraft:lily_of_the_valley":1,"minecraft:diamond_sword":1,"minecraft:bucket":3,"minecraft:stone_axe":5,"minecraft:enchanted_book":3,"minecraft:air":0,"minecraft:bread":786,"minecraft:oak_boat":33,"minecraft:golden_apple":1,"minecraft:chainmail_boots":19,"minecraft:fermented_spider_eye":2,"minecraft:wooden_axe":1,"minecraft:iron_leggings":7,"minecraft:white_bed":2,"minecraft:pumpkin_pie":48,"minecraft:torch":136,"minecraft:lapis_lazuli":9,"minecraft:lapis_block":21,"minecraft:diamond_chestplate":1},"minecraft:picked_up":{"minecraft:iron_chestplate":1,"minecraft:wheat":1,"minecraft:chainmail_boots":4,"minecraft:flower_pot":1,"minecraft:suspicious_stew":3,"minecraft:lead":1,"minecraft:potion":3,"minecraft:brewing_stand":2,"minecraft:string":14928,"minecraft:raw_copper":28,"minecraft:sticky_piston":2,"minecraft:shroomlight":3,"minecraft:oak_sign":4,"minecraft:diamond_leggings":1,"minecraft:gold_nugget":121,"minecraft:cobbled_deepslate":1287,"minecraft:bucket":3,"minecraft:spruce_planks":163,"minecraft:redstone_torch":4,"minecraft:netherite_upgrade_smithing_template":1,"minecraft:wooden_shovel":11,"minecraft:furnace":3,"minecraft:golden_helmet":2,"minecraft:stick":69,"minecraft:oak_fence":1,"minecraft:torch":80,"minecraft:porkchop":3,"minecraft:pointed_dripstone":1,"minecraft:diorite":17,"minecraft:rotten_flesh":84,"minecraft:blaze_rod":2,"minecraft:cobblestone":428,"minecraft:birch_log":1,"minecraft:magma_block":1,"minecraft:magma_cream":1,"minecraft:water_bucket":1,"minecraft:andesite":6,"minecraft:golden_leggings":1,"minecraft:potato":6,"minecraft:flint":76,"minecraft:tuff":181,"minecraft:stripped_spruce_wood":7,"minecraft:lapis_lazuli":173,"minecraft:dirt":3217,"minecraft:bone":33,"minecraft:wheat_seeds":27,"minecraft:raw_gold":153,"minecraft:diamond_helmet":1,"minecraft:powered_rail":3,"minecraft:oak_planks":146,"minecraft:warped_wart_block":93,"minecraft:sand":57,"minecraft:barrel":14,"minecraft:dispenser":1,"minecraft:diamond":163,"minecraft:spruce_boat":5,"minecraft:crossbow":1,"minecraft:granite":28,"minecraft:chainmail_helmet":1,"minecraft:emerald":2,"minecraft:oak_sapling":170,"minecraft:netherrack":1402,"minecraft:crimson_roots":3,"minecraft:diamond_pickaxe":1,"minecraft:crafting_table":9,"minecraft:ladder":2,"minecraft:nether_wart":23,"minecraft:chest_minecart":1,"minecraft:leather_leggings":2,"minecraft:brown_mushroom":8,"minecraft:wooden_pickaxe":2,"minecraft:cornflower":2,"minecraft:oak_trapdoor":4,"minecraft:red_bed":2,"minecraft:iron_shovel":2,"minecraft:blackstone":84,"minecraft:detector_rail":1,"minecraft:beef":3,"minecraft:oak_boat":12,"minecraft:lectern":28,"minecraft:observer":4,"minecraft:poppy":2,"minecraft:spruce_slab":28,"minecraft:minecart":18,"minecraft:tinted_glass":25,"minecraft:sugar_cane":32,"minecraft:chest":11,"minecraft:spruce_trapdoor":3,"minecraft:egg":50,"minecraft:raw_iron":223,"minecraft:stone":1,"minecraft:mace":1,"minecraft:cookie":36,"minecraft:carrot":36,"minecraft:redstone":1049,"minecraft:arrow":22,"minecraft:stone_shovel":1,"minecraft:diamond_chestplate":1,"minecraft:peony":14,"minecraft:nether_bricks":2,"minecraft:diamond_boots":1,"minecraft:mutton":8,"minecraft:rail":361,"minecraft:white_wool":6,"minecraft:oxeye_daisy":2,"minecraft:basalt":714,"minecraft:golden_carrot":1,"minecraft:tripwire_hook":5,"minecraft:crimson_stem":1,"minecraft:leather":2,"minecraft:red_mushroom":19,"minecraft:crimson_fungus":9,"minecraft:golden_boots":1,"minecraft:oak_log":203,"minecraft:ancient_debris":24,"minecraft:nether_wart_block":1,"minecraft:gunpowder":19,"minecraft:blue_bed":4,"minecraft:white_banner":1,"minecraft:podzol":9,"minecraft:apple":75,"minecraft:kelp":209,"minecraft:warped_stem":19,"minecraft:iron_ingot":3,"minecraft:stone_pickaxe":5,"minecraft:soul_sand":39,"minecraft:book":2,"minecraft:oak_slab":4,"minecraft:warped_fungus":20,"minecraft:pumpkin":23,"minecraft:sweet_berries":40,"minecraft:quartz":155,"minecraft:dandelion":24,"minecraft:raw_iron_block":3,"minecraft:gravel":33,"minecraft:spruce_sapling":7,"minecraft:blast_furnace":1,"minecraft:white_bed":13,"minecraft:spruce_log":150,"minecraft:spider_eye":6,"minecraft:diamond_shovel":1,"minecraft:purple_bed":6,"minecraft:slime_ball":15,"minecraft:stone_axe":1,"minecraft:painting":2,"minecraft:warped_roots":7,"minecraft:oak_button":3,"minecraft:warped_nylium":1,"minecraft:coal":75,"minecraft:hopper":8,"minecraft:ender_pearl":2}},"DataVersion":3953}