{"stat.chestOpened":6,"stat.useItem.minecraft.command_block":7,"stat.walkOneCm":210650,"stat.useItem.minecraft.quartz_block":76,"stat.useItem.minecraft.chest":2,"stat.leaveGame":7,"stat.useItem.minecraft.glowstone":3,"stat.jump":242,"stat.swimOneCm":258,"stat.crouchOneCm":10,"stat.enderchestOpened":1,"stat.useItem.minecraft.written_book":1,"stat.useItem.minecraft.stained_hardened_clay":8,"stat.useItem.minecraft.stone_button":6,"stat.sprintOneCm":89651,"stat.useItem.minecraft.stained_glass":4,"achievement.exploreAllBiomes":{"value":0,"progress":["Desert"]},"stat.useItem.minecraft.stone_slab":10,"achievement.openInventory":42,"stat.useItem.minecraft.barrier":12,"stat.useItem.minecraft.gold_block":8,"stat.flyOneCm":463466,"stat.drop":9,"stat.playOneMinute":48223,"stat.useItem.minecraft.wool":1,"stat.timeSinceDeath":48223,"stat.useItem.minecraft.sign":7,"stat.diveOneCm":1082}