{"stat.chestOpened":2,"stat.walkOneCm":390010,"stat.useItem.minecraft.stone_slab":1,"stat.useItem.minecraft.quartz_block":1,"stat.mineBlock.minecraft.cactus":10,"stat.playerKills":1,"achievement.openInventory":11,"stat.useItem.minecraft.quartz_stairs":1,"stat.leaveGame":1,"stat.damageTaken":3600,"stat.mineBlock.minecraft.slime":1,"stat.killEntity.Slime":1,"stat.mobKills":1,"stat.useItem.minecraft.diamond_sword":19,"stat.useItem.minecraft.beef":1,"stat.flyOneCm":123693,"stat.deaths":11,"stat.useItem.minecraft.mutton":2,"stat.mineBlock.minecraft.stained_glass":1,"stat.jump":573,"stat.swimOneCm":2455,"stat.playOneMinute":40578,"stat.fallOneCm":16075,"stat.useItem.minecraft.cooked_mutton":2,"stat.damageDealt":880,"stat.crouchOneCm":3286,"stat.useItem.minecraft.wool":6,"stat.enderchestOpened":1,"stat.timeSinceDeath":5532,"stat.sprintOneCm":159202,"stat.useItem.minecraft.spawn_egg":1,"achievement.exploreAllBiomes":{"value":0,"progress":["Desert"]},"stat.diveOneCm":2254}